student_id,exercise_id,is_correct
0,116,0
0,168,0
0,68,0
0,67,0
0,134,0
0,152,0
0,91,0
0,73,0
0,92,0
0,127,1
0,160,1
0,9,0
0,150,0
0,37,1
0,193,0
0,74,0
0,59,0
0,84,0
0,21,1
0,171,0
0,13,0
0,97,0
0,170,0
0,164,0
0,62,0
0,142,0
0,16,0
0,195,1
0,32,0
0,33,1
0,110,0
0,198,0
0,101,1
0,118,1
0,183,0
1,167,1
1,28,0
1,153,0
1,131,1
1,34,0
1,162,0
1,128,1
1,142,0
1,117,0
1,77,1
1,66,0
1,179,0
1,37,0
1,139,0
1,180,0
1,176,0
1,125,1
1,12,0
1,163,0
1,38,0
1,5,0
1,155,0
1,15,1
1,63,0
1,80,1
1,0,0
1,90,1
1,11,1
2,184,0
2,63,0
2,64,1
2,46,1
2,34,0
2,174,0
2,154,0
2,51,0
2,20,0
2,168,0
2,56,1
2,83,1
2,79,1
2,77,1
2,188,0
2,109,0
2,167,0
2,17,0
2,106,0
2,192,1
2,125,0
2,191,1
2,52,0
2,173,0
3,30,1
3,99,0
3,141,0
3,81,0
3,73,0
3,26,0
3,114,0
3,129,0
3,170,0
3,165,1
3,123,1
3,8,0
3,103,1
3,88,0
3,29,0
3,87,0
3,13,0
3,179,0
3,64,0
3,113,1
3,188,0
3,134,0
3,90,0
3,150,0
3,198,0
3,31,0
3,127,0
3,177,0
3,126,0
3,140,1
3,32,0
3,46,0
3,112,1
3,60,1
3,197,0
3,55,0
3,62,0
3,172,0
4,130,0
4,97,0
4,91,0
4,33,0
4,123,0
4,100,0
4,23,0
4,15,0
4,129,1
4,189,0
4,44,1
4,30,0
4,80,0
4,176,0
4,37,1
4,168,0
4,87,0
4,156,0
4,126,0
4,71,1
4,45,0
4,36,1
4,184,1
4,114,0
4,93,0
4,70,1
4,106,0
4,195,1
4,137,1
4,180,0
4,143,1
4,125,0
4,83,1
4,153,0
4,155,0
4,1,1
4,110,0
4,109,0
5,2,0
5,119,0
5,4,1
5,160,1
5,45,0
5,57,0
5,25,0
5,185,1
5,162,0
5,95,0
5,117,1
5,10,1
5,127,0
5,100,1
5,199,1
5,15,0
5,46,0
5,21,0
5,192,1
5,34,1
5,167,0
5,28,1
5,48,0
5,66,0
5,88,1
5,135,0
5,64,0
5,37,1
5,12,0
5,177,0
5,35,0
5,65,1
5,172,0
6,96,1
6,55,1
6,13,0
6,53,0
6,66,1
6,169,0
6,14,1
6,36,1
6,58,1
6,3,1
6,107,1
6,131,1
6,99,0
6,166,0
6,61,0
6,7,0
6,159,0
6,38,1
6,152,1
6,30,0
6,192,0
6,156,1
6,189,0
6,81,0
6,49,0
6,116,1
6,98,0
7,19,0
7,127,1
7,111,1
7,176,1
7,27,1
7,72,1
7,63,0
7,180,1
7,159,0
7,153,1
7,193,0
7,35,0
7,78,0
7,6,1
7,133,1
7,44,1
7,162,0
7,128,0
7,106,1
7,86,0
7,178,1
7,116,0
7,165,0
7,42,1
7,66,0
7,46,1
7,53,0
7,1,1
7,139,1
7,68,1
8,133,1
8,146,0
8,163,1
8,35,1
8,30,0
8,10,0
8,21,1
8,37,1
8,59,0
8,73,0
8,44,0
8,7,0
8,183,0
8,72,1
8,94,1
8,61,1
8,84,1
8,40,1
8,184,0
8,68,1
8,169,0
8,32,0
8,126,0
8,38,0
8,186,0
8,157,0
8,131,1
8,8,0
8,167,1
8,20,1
8,49,0
8,46,0
8,129,0
8,177,0
8,99,1
8,137,0
8,187,0
8,42,1
8,121,0
8,9,0
8,139,0
8,1,0
9,28,0
9,78,1
9,20,0
9,79,0
9,188,0
9,82,0
9,37,0
9,155,0
9,136,0
9,6,1
9,119,1
9,15,0
9,196,0
9,10,0
9,144,1
9,1,0
9,61,0
9,93,1
9,166,1
9,70,1
9,59,0
9,175,0
9,101,0
9,110,0
9,148,0
9,138,0
9,179,0
9,165,0
9,77,0
9,51,0
10,198,0
10,1,1
10,50,1
10,110,1
10,190,0
10,28,1
10,18,0
10,113,0
10,84,0
10,41,0
10,134,1
10,24,0
10,51,1
10,26,0
10,92,0
10,152,1
10,19,0
10,176,0
10,45,1
10,137,0
10,151,1
10,180,1
10,79,0
10,166,0
10,109,0
10,128,0
10,187,1
10,88,0
10,116,0
10,122,1
10,188,1
10,106,0
10,111,1
10,140,1
10,183,0
10,192,1
10,48,0
10,173,1
10,172,1
10,74,0
10,42,0
10,133,0
10,107,0
10,17,0
10,155,1
11,171,0
11,192,0
11,29,1
11,88,1
11,103,0
11,181,0
11,70,0
11,186,0
11,152,1
11,196,0
11,32,0
11,95,0
11,153,0
11,147,0
11,164,0
11,149,0
11,124,0
11,159,1
11,110,1
11,11,1
11,157,1
11,107,0
11,64,1
11,51,1
11,99,1
11,165,1
11,179,1
11,34,0
11,86,0
11,43,1
11,21,0
11,117,0
11,0,0
11,73,0
11,131,0
11,6,1
11,194,0
11,139,1
11,5,0
11,174,1
11,133,0
11,33,0
11,71,0
11,150,0
11,83,0
11,180,1
11,20,0
11,125,0
11,163,1
12,100,1
12,185,0
12,126,1
12,176,0
12,12,1
12,137,0
12,144,1
12,82,1
12,179,0
12,11,1
12,36,0
12,135,0
12,161,0
12,147,1
12,108,0
12,104,0
12,66,0
12,85,0
12,2,0
12,148,0
12,58,0
12,25,0
13,16,1
13,5,1
13,139,1
13,37,0
13,87,0
13,155,0
13,146,1
13,198,0
13,14,0
13,36,1
13,178,0
13,119,1
13,73,0
13,11,0
13,55,0
13,80,0
13,27,1
13,74,0
13,192,1
13,185,0
13,77,1
13,129,0
13,62,1
13,69,1
13,24,1
13,70,0
13,110,1
13,172,1
13,150,0
13,65,0
13,81,0
13,2,0
13,116,0
13,1,0
13,21,0
13,97,0
13,85,0
13,44,1
13,140,1
13,17,1
13,95,1
13,183,0
13,161,0
13,184,0
13,94,0
14,73,0
14,157,1
14,15,0
14,163,0
14,147,1
14,123,0
14,108,0
14,165,0
14,136,0
14,23,1
14,39,1
14,13,1
14,175,0
14,156,0
14,80,1
14,140,0
14,131,1
14,66,1
14,67,1
14,113,1
14,54,0
14,126,0
14,35,0
14,132,0
14,154,1
14,53,1
14,174,0
14,93,0
15,44,0
15,186,1
15,8,0
15,158,0
15,114,1
15,133,1
15,160,0
15,36,1
15,87,0
15,170,1
15,84,0
15,177,0
15,121,1
15,57,1
15,140,0
15,70,1
15,155,0
15,64,0
15,131,0
15,148,0
15,58,0
15,118,1
15,135,0
15,30,1
15,67,1
15,183,1
15,106,0
16,181,1
16,13,0
16,129,1
16,152,1
16,153,1
16,123,0
16,188,1
16,22,1
16,50,1
16,157,1
16,144,0
16,34,1
16,28,0
16,171,0
16,120,0
16,135,0
16,53,0
16,3,0
16,26,0
16,89,1
16,167,0
16,11,0
16,66,0
16,194,0
16,36,1
16,63,0
16,166,0
16,80,0
16,43,1
16,172,0
16,126,0
16,185,1
16,46,0
16,170,0
16,12,0
16,156,1
16,175,1
16,16,0
16,79,1
16,60,0
16,124,0
16,32,1
16,147,0
16,24,0
16,41,0
16,192,0
16,154,0
17,175,1
17,141,1
17,180,0
17,63,1
17,87,0
17,83,0
17,142,1
17,88,0
17,84,1
17,176,0
17,41,1
17,15,0
17,3,0
17,104,0
17,100,1
17,86,0
17,134,1
17,75,1
17,12,1
17,76,1
17,66,1
17,158,1
17,166,0
17,51,1
17,18,0
17,35,1
17,31,1
17,56,0
17,114,0
17,49,0
17,1,0
17,85,0
17,67,0
17,149,0
18,146,0
18,50,1
18,115,1
18,124,1
18,46,1
18,77,1
18,178,1
18,94,1
18,58,0
18,161,0
18,76,0
18,38,1
18,193,0
18,35,1
18,131,0
18,26,1
18,63,0
18,177,1
18,134,0
18,8,0
18,85,0
18,195,1
18,106,0
18,103,0
18,171,0
18,139,1
18,133,0
18,98,1
18,71,1
18,118,0
18,43,0
18,84,0
18,151,0
18,162,0
19,157,1
19,106,1
19,17,1
19,183,0
19,181,0
19,180,0
19,123,1
19,70,1
19,142,0
19,71,1
19,115,0
19,119,0
19,46,0
19,178,0
19,113,1
19,112,0
19,58,1
19,165,0
19,122,1
19,175,0
19,104,0
19,174,0
19,74,0
19,108,0
19,77,0
19,5,1
19,32,1
19,96,0
19,91,1
19,53,0
19,163,0
19,144,1
19,136,0
19,61,1
19,89,1
20,198,1
20,42,0
20,197,0
20,85,0
20,135,1
20,59,0
20,165,1
20,22,0
20,57,1
20,163,0
20,160,1
20,29,1
20,170,0
20,184,0
20,100,1
20,52,0
20,167,0
20,124,0
20,15,0
20,33,1
20,25,1
20,123,0
21,102,0
21,57,0
21,155,1
21,62,0
21,164,0
21,55,0
21,61,0
21,160,0
21,147,1
21,107,0
21,190,0
21,106,1
21,50,1
21,126,1
21,165,1
21,28,1
21,97,0
21,182,0
21,123,0
21,199,0
21,35,1
21,89,0
21,115,0
21,42,0
21,168,1
21,152,1
21,16,0
21,70,1
21,145,0
21,27,1
21,175,0
21,111,1
21,54,0
21,78,1
21,108,0
22,145,0
22,172,1
22,27,0
22,22,0
22,128,0
22,3,1
22,85,0
22,152,0
22,72,1
22,159,0
22,113,1
22,41,1
22,170,1
22,97,1
22,9,1
22,17,1
22,177,0
22,192,1
22,120,0
22,83,1
22,53,0
22,70,1
22,21,0
22,100,1
22,14,0
22,193,1
22,104,0
22,31,0
22,191,0
22,123,1
22,89,1
22,36,1
22,96,1
22,188,0
22,99,0
23,56,1
23,68,1
23,21,1
23,38,1
23,189,1
23,118,1
23,57,1
23,103,0
23,80,0
23,24,1
23,13,0
23,131,0
23,153,1
23,17,0
23,119,0
23,98,1
23,47,0
23,10,0
23,193,1
23,185,0
23,102,0
23,30,1
23,41,0
23,85,0
23,7,0
23,107,0
23,115,0
23,192,0
23,73,0
23,184,0
23,96,0
23,121,0
23,34,1
23,39,0
23,22,1
23,146,0
23,194,0
23,71,1
23,25,0
23,188,1
23,99,0
23,122,1
23,48,0
23,52,0
23,170,1
23,19,1
23,134,0
23,133,0
23,79,0
24,91,1
24,79,1
24,20,0
24,19,0
24,191,0
24,48,1
24,53,1
24,127,0
24,38,0
24,184,0
24,99,0
24,108,1
24,144,1
24,11,0
24,192,0
24,61,1
24,115,1
24,156,0
24,139,0
24,162,1
24,87,1
24,197,0
24,54,1
24,25,0
24,74,0
24,60,0
24,3,0
24,113,0
24,140,1
24,73,0
24,15,0
24,4,0
24,111,1
24,178,0
24,164,1
24,117,0
24,175,1
24,47,0
24,16,0
24,107,0
24,134,1
24,174,0
24,141,1
25,118,0
25,57,1
25,70,0
25,9,0
25,194,1
25,93,0
25,139,0
25,190,0
25,130,0
25,89,0
25,196,0
25,163,0
25,39,0
25,87,0
25,109,0
25,14,0
25,64,0
25,94,0
25,129,1
25,112,0
25,114,1
25,171,1
25,76,1
25,61,0
25,74,0
25,59,0
25,60,0
25,13,0
25,195,1
26,99,0
26,181,0
26,23,0
26,134,1
26,83,0
26,163,1
26,55,1
26,60,0
26,8,0
26,88,0
26,29,0
26,135,1
26,156,1
26,147,0
26,192,0
26,98,0
26,128,0
26,0,0
26,9,1
26,123,1
27,79,1
27,114,0
27,76,0
27,133,0
27,96,1
27,18,0
27,8,1
27,16,0
27,9,0
27,115,1
27,94,0
27,0,0
27,184,0
27,34,0
27,97,1
27,132,0
27,83,1
27,51,0
27,140,0
27,73,0
27,190,0
27,93,0
27,24,1
27,3,1
27,44,0
27,80,0
27,170,1
27,162,1
27,72,0
27,195,1
27,148,0
27,163,0
27,146,0
27,50,1
27,40,0
27,107,0
27,20,0
27,89,0
27,38,0
27,117,1
27,6,0
27,147,0
28,157,1
28,67,1
28,37,0
28,183,1
28,185,0
28,151,1
28,179,0
28,192,1
28,53,0
28,32,0
28,119,0
28,197,1
28,30,0
28,95,0
28,118,0
28,27,0
28,76,1
28,6,0
28,164,1
28,48,0
28,46,0
28,17,1
28,110,0
28,80,1
28,64,0
28,191,0
28,2,0
28,8,1
29,178,0
29,73,0
29,16,0
29,116,1
29,30,1
29,135,0
29,199,0
29,66,1
29,82,1
29,155,0
29,27,1
29,133,1
29,36,1
29,0,0
29,166,0
29,10,0
29,162,1
29,48,0
29,137,0
29,154,0
29,128,1
29,182,1
29,77,0
29,119,1
29,127,0
29,105,1
29,153,0
29,156,0
29,61,0
29,172,0
29,188,1
29,23,0
29,2,1
29,138,1
29,41,0
29,146,0
29,196,1
29,140,1
29,136,1
29,125,0
29,192,0
29,17,0
30,61,0
30,150,0
30,67,0
30,181,1
30,155,0
30,40,0
30,170,0
30,137,1
30,25,0
30,119,0
30,79,0
30,197,1
30,48,0
30,12,1
30,121,1
30,50,0
30,134,1
30,159,0
30,116,0
30,21,0
30,47,0
30,149,0
30,114,0
30,118,1
30,157,0
30,135,1
30,88,0
30,53,0
30,23,0
30,91,0
30,189,1
30,132,0
30,177,0
30,64,1
30,195,0
30,185,0
31,143,1
31,66,0
31,5,1
31,126,0
31,123,0
31,28,0
31,92,0
31,154,0
31,47,0
31,71,0
31,192,0
31,174,1
31,180,0
31,130,0
31,121,0
31,51,0
31,112,0
31,62,0
31,8,0
31,167,0
31,7,0
31,120,1
31,85,0
31,93,0
31,101,1
31,36,1
31,54,1
31,31,0
31,189,0
31,175,1
31,149,0
31,135,0
31,132,0
31,76,0
31,79,0
31,113,0
32,83,1
32,144,1
32,145,0
32,109,0
32,53,1
32,91,1
32,75,0
32,73,0
32,37,0
32,64,0
32,176,0
32,22,0
32,168,0
32,39,1
32,196,0
32,62,1
32,174,0
32,85,0
32,12,0
32,195,0
32,143,0
32,165,0
32,124,0
32,142,0
32,118,0
32,134,1
32,80,0
32,41,0
32,44,0
32,51,0
32,0,0
32,114,0
32,171,0
32,30,1
32,99,0
32,128,1
32,98,0
32,141,0
32,192,1
32,180,1
32,152,1
32,197,1
32,129,1
32,189,1
32,15,0
32,117,0
33,88,0
33,127,0
33,104,1
33,7,0
33,24,0
33,188,0
33,53,0
33,101,1
33,147,0
33,95,0
33,47,0
33,126,1
33,38,1
33,140,1
33,163,0
33,93,1
33,2,1
33,166,0
33,187,1
33,45,0
33,117,0
33,123,0
33,196,0
33,48,1
33,11,1
33,100,0
33,86,0
33,84,0
33,165,0
33,112,0
33,108,1
33,174,0
33,153,1
33,125,0
33,10,1
33,63,1
33,105,1
33,131,0
33,85,0
33,70,0
33,65,0
33,31,1
33,13,1
34,157,1
34,50,0
34,32,0
34,135,0
34,86,0
34,18,1
34,136,0
34,84,1
34,141,0
34,68,0
34,124,1
34,49,0
34,107,0
34,24,1
34,6,1
34,182,0
34,91,0
34,96,0
34,17,0
34,73,1
34,117,0
34,110,1
35,63,0
35,35,0
35,113,0
35,76,0
35,193,1
35,25,0
35,40,1
35,84,1
35,15,0
35,107,0
35,61,0
35,52,0
35,97,0
35,198,1
35,172,1
35,197,0
35,44,1
35,30,1
35,189,1
35,118,0
35,145,1
35,53,1
35,51,0
35,188,0
35,108,0
35,60,0
35,152,1
35,130,0
35,125,1
35,120,0
35,138,0
35,75,0
35,93,1
36,66,0
36,91,0
36,22,0
36,84,1
36,77,0
36,5,1
36,28,0
36,10,0
36,167,0
36,74,1
36,89,0
36,11,0
36,110,0
36,130,0
36,146,0
36,103,1
36,150,0
36,107,0
36,57,1
36,93,0
36,198,0
36,46,0
36,20,1
36,73,1
36,174,0
36,86,1
36,129,1
36,191,0
36,32,0
36,42,0
36,47,0
36,21,0
36,52,1
36,0,1
36,88,0
37,30,1
37,4,1
37,121,1
37,118,1
37,43,1
37,131,0
37,140,0
37,181,0
37,89,0
37,104,0
37,26,1
37,111,1
37,182,0
37,141,0
37,188,1
37,98,0
37,114,0
37,153,0
37,41,0
37,59,0
37,14,1
37,170,0
37,51,1
37,87,0
37,54,0
37,144,0
38,2,0
38,37,1
38,91,0
38,39,1
38,108,0
38,109,0
38,44,1
38,9,1
38,140,0
38,128,0
38,85,0
38,199,0
38,190,0
38,100,0
38,177,0
38,42,1
38,96,1
38,51,0
38,53,0
38,180,0
38,179,1
38,19,1
38,186,1
38,45,1
38,174,0
38,137,1
38,67,1
39,180,0
39,159,0
39,26,0
39,33,0
39,100,1
39,25,0
39,67,0
39,104,0
39,72,1
39,23,1
39,50,1
39,5,0
39,99,0
39,125,0
39,179,0
39,166,0
39,168,1
39,172,1
39,103,0
39,96,0
39,14,0
39,148,0
39,169,0
39,71,0
39,91,1
39,190,0
40,192,0
40,97,0
40,13,0
40,37,1
40,163,0
40,181,0
40,119,0
40,19,0
40,25,0
40,195,0
40,115,0
40,81,0
40,180,0
40,166,0
40,69,0
40,36,0
40,87,1
40,176,0
40,60,1
40,110,1
40,194,0
40,86,0
40,160,1
40,99,0
40,127,1
40,149,1
40,44,0
40,172,0
40,164,0
40,183,0
40,67,1
40,193,1
40,173,0
40,31,0
40,64,0
40,11,0
40,116,0
40,55,0
40,137,1
41,126,0
41,141,0
41,62,0
41,25,0
41,29,1
41,80,1
41,112,0
41,89,0
41,59,0
41,122,0
41,3,0
41,82,1
41,98,0
41,163,1
41,71,1
41,178,1
41,7,1
41,15,0
41,113,0
41,121,0
41,42,0
42,136,1
42,190,0
42,119,1
42,139,1
42,46,0
42,4,0
42,182,1
42,9,0
42,83,1
42,55,0
42,77,0
42,175,1
42,124,0
42,51,0
42,164,1
42,47,0
42,163,1
42,117,0
42,114,1
42,90,0
42,126,0
42,152,0
42,53,0
42,130,0
42,71,0
42,178,1
42,97,0
42,48,0
42,146,0
42,62,1
42,176,0
42,86,0
42,94,0
42,37,1
42,160,1
42,0,1
43,7,1
43,112,1
43,151,0
43,141,0
43,199,1
43,137,0
43,165,0
43,10,1
43,2,1
43,94,1
43,177,0
43,162,0
43,159,0
43,197,0
43,97,0
43,164,1
43,105,0
43,14,1
43,127,1
43,85,1
43,56,0
43,60,0
43,115,1
43,32,1
44,88,0
44,196,0
44,14,0
44,116,1
44,66,0
44,53,1
44,23,1
44,136,0
44,63,1
44,135,0
44,166,0
44,93,0
44,180,0
44,96,0
44,30,1
44,186,0
44,157,1
44,26,1
44,79,0
44,195,1
44,46,1
44,95,0
44,162,0
44,177,1
44,154,0
44,15,0
44,39,1
44,3,0
44,60,0
44,34,0
44,120,1
44,121,0
44,29,1
44,1,1
44,184,1
44,150,0
44,137,0
44,94,1
44,164,1
44,8,0
44,113,0
44,17,0
44,128,0
44,119,1
44,145,0
44,193,0
44,149,0
45,162,0
45,186,1
45,27,1
45,129,0
45,197,0
45,126,0
45,90,1
45,117,1
45,70,0
45,125,0
45,115,1
45,54,0
45,184,1
45,143,1
45,168,0
45,153,0
45,8,0
45,62,0
45,92,0
45,84,0
45,66,0
45,156,0
45,83,0
45,31,0
45,188,1
45,15,0
45,97,0
45,183,0
45,61,1
45,3,1
45,79,0
45,141,1
45,39,1
45,57,1
45,122,1
45,89,0
45,16,0
45,40,0
45,113,1
45,174,0
45,1,0
45,25,0
45,198,0
45,30,0
45,12,0
45,49,1
45,170,0
45,110,0
45,157,1
46,37,0
46,52,0
46,136,0
46,167,0
46,19,1
46,129,0
46,122,0
46,18,0
46,194,0
46,177,0
46,66,1
46,114,0
46,2,0
46,179,0
46,181,0
46,109,0
46,130,0
46,11,0
46,62,0
46,39,1
46,196,0
46,32,1
46,17,1
46,188,0
46,135,1
46,84,0
46,118,1
46,101,0
46,48,0
46,47,0
46,13,0
46,165,0
46,145,0
46,80,1
46,192,1
46,95,1
46,33,0
46,90,1
46,22,1
46,58,0
46,53,0
46,184,0
46,21,1
47,175,0
47,146,0
47,166,0
47,156,1
47,124,0
47,172,0
47,161,0
47,35,0
47,122,0
47,143,0
47,28,1
47,37,0
47,11,0
47,38,1
47,186,0
47,19,1
47,15,0
47,177,0
47,192,1
47,163,0
47,82,0
47,190,0
47,159,1
47,50,0
47,64,1
47,131,1
47,18,1
47,60,1
47,198,0
47,17,1
48,188,0
48,86,1
48,157,0
48,175,0
48,60,0
48,85,1
48,48,0
48,74,0
48,128,0
48,88,0
48,193,0
48,127,0
48,43,0
48,183,0
48,27,0
48,115,1
48,69,0
48,51,1
48,160,1
48,25,0
48,155,0
48,102,0
48,108,1
48,195,1
48,82,0
48,53,0
48,4,1
48,194,1
48,71,1
49,39,0
49,55,0
49,185,0
49,91,0
49,59,1
49,119,0
49,153,1
49,99,1
49,137,1
49,4,1
49,9,0
49,8,0
49,33,1
49,21,0
49,138,0
49,89,0
49,66,0
49,81,0
49,172,1
49,190,1
49,193,0
49,40,1
49,146,1
49,135,0
49,115,0
49,1,0
49,114,0
49,159,0
49,12,0
49,166,1
49,85,1
49,74,1
49,86,1
49,2,1
49,83,0
49,180,0
49,143,0
49,93,0
49,48,0
49,77,0
49,103,0
49,31,0
49,94,0
49,36,1
50,76,0
50,50,1
50,170,0
50,85,0
50,130,1
50,89,0
50,160,1
50,52,0
50,19,1
50,99,0
50,20,0
50,51,0
50,73,0
50,129,0
50,168,0
50,55,1
50,39,0
50,155,0
50,92,1
50,163,0
50,33,0
50,189,0
50,184,0
50,194,1
50,150,0
50,62,1
50,53,0
50,187,0
50,61,1
50,26,1
50,164,0
50,107,0
50,177,1
51,92,0
51,154,0
51,184,0
51,110,0
51,38,0
51,30,0
51,102,0
51,164,1
51,186,0
51,14,0
51,52,0
51,167,0
51,70,1
51,75,0
51,43,0
51,8,1
51,73,1
51,199,0
51,119,0
51,172,1
51,174,0
51,86,0
51,180,0
51,194,0
51,165,0
51,108,1
51,181,0
51,53,0
51,134,0
51,12,1
51,166,0
51,4,0
51,41,0
51,148,0
51,191,1
51,135,1
51,63,0
51,87,0
52,113,0
52,81,1
52,123,0
52,122,1
52,175,0
52,4,0
52,198,1
52,20,1
52,103,1
52,172,0
52,108,0
52,162,1
52,128,1
52,66,0
52,165,1
52,21,1
52,44,0
52,136,1
52,5,0
52,89,0
52,41,0
52,178,0
52,51,0
52,37,1
53,17,1
53,3,0
53,151,0
53,163,0
53,39,1
53,49,0
53,18,0
53,24,0
53,1,0
53,96,0
53,79,1
53,127,0
53,23,1
53,2,0
53,43,0
53,115,1
53,69,0
53,180,0
53,121,1
53,34,1
53,197,0
53,123,0
53,84,1
53,153,0
53,38,0
53,132,1
53,171,0
53,51,0
53,99,0
53,63,0
53,158,1
53,41,1
53,117,0
53,176,0
53,89,0
53,155,0
53,166,0
53,149,0
53,92,0
53,165,0
53,22,0
53,94,0
53,86,1
53,20,0
53,110,0
53,139,1
53,187,0
53,170,0
53,150,0
54,131,0
54,118,0
54,183,0
54,194,1
54,98,1
54,41,1
54,108,0
54,125,0
54,177,0
54,149,1
54,50,0
54,69,1
54,192,0
54,73,0
54,25,1
54,14,0
54,180,1
54,115,0
54,58,1
54,127,1
54,10,1
54,191,0
54,158,0
54,81,0
54,78,0
54,67,0
54,90,0
54,42,0
54,33,1
54,100,1
54,181,0
54,12,0
54,19,0
54,157,0
54,37,0
54,165,1
54,197,0
54,75,0
54,147,1
54,103,0
55,88,1
55,151,0
55,67,0
55,7,0
55,115,1
55,134,0
55,114,1
55,72,0
55,183,0
55,36,0
55,141,0
55,102,1
55,63,1
55,139,0
55,106,0
55,194,0
55,19,0
55,189,1
55,195,0
55,152,0
55,10,0
55,99,0
55,14,1
55,69,1
55,140,0
55,41,1
55,76,0
55,62,1
55,27,1
55,28,1
55,17,1
55,123,0
55,75,0
55,184,1
55,31,0
55,45,1
55,5,1
55,196,0
55,46,0
55,15,0
55,95,0
55,130,1
55,92,0
55,181,0
55,143,0
55,96,0
55,164,0
55,167,0
56,51,0
56,86,0
56,48,1
56,128,1
56,56,0
56,133,1
56,182,0
56,92,0
56,159,0
56,143,1
56,67,0
56,83,0
56,175,0
56,138,0
56,7,1
56,171,1
56,102,0
56,61,1
56,45,0
56,1,1
56,50,1
56,29,1
56,6,1
56,186,1
56,165,0
56,166,0
56,71,0
56,127,0
56,76,0
56,99,0
56,36,0
56,97,0
56,77,0
56,195,0
56,62,0
56,116,0
56,150,1
56,149,1
56,155,1
56,135,0
56,15,0
56,38,0
56,111,1
56,65,0
56,35,1
57,80,0
57,16,0
57,43,1
57,55,0
57,89,0
57,122,0
57,187,0
57,192,1
57,36,0
57,90,0
57,179,1
57,18,1
57,160,0
57,66,0
57,157,1
57,145,1
57,87,1
57,178,1
57,56,0
57,69,0
57,185,0
57,76,1
58,151,0
58,84,1
58,27,0
58,26,1
58,145,0
58,95,1
58,131,0
58,6,0
58,51,0
58,15,0
58,23,1
58,186,1
58,172,0
58,41,1
58,144,0
58,57,1
58,17,0
58,46,1
58,47,1
58,170,1
58,177,0
58,39,1
58,196,0
58,126,0
58,29,0
58,12,0
58,79,1
58,4,0
58,69,1
58,175,0
58,65,1
58,96,0
58,115,1
58,91,1
58,60,1
58,103,0
58,102,0
58,0,0
58,194,0
58,90,0
58,129,0
58,43,0
58,89,0
58,189,0
58,72,1
58,109,1
59,162,0
59,51,1
59,42,0
59,91,0
59,67,0
59,68,1
59,160,1
59,149,1
59,82,0
59,123,1
59,178,0
59,41,0
59,96,0
59,170,0
59,45,1
59,167,0
59,99,1
59,194,0
59,18,0
59,186,0
59,95,1
59,86,0
59,71,0
59,116,0
59,34,1
59,196,0
59,109,0
59,17,0
59,197,1
59,102,1
59,107,0
59,165,1
59,8,0
59,187,0
59,66,1
59,103,1
59,63,0
59,198,0
59,5,1
59,88,0
59,70,0
59,115,0
59,104,0
59,128,0
59,37,0
59,46,0
60,125,1
60,21,0
60,79,0
60,54,0
60,153,0
60,76,0
60,185,0
60,3,0
60,103,0
60,87,0
60,99,0
60,75,0
60,135,1
60,78,1
60,116,0
60,192,0
60,113,1
60,136,0
60,177,1
60,171,0
60,49,0
60,41,1
60,188,1
60,64,0
60,58,0
60,195,0
60,155,0
60,152,0
60,65,0
60,77,1
60,38,0
60,182,0
60,4,0
60,114,1
60,32,1
60,186,0
60,11,0
60,68,0
60,9,0
60,164,1
60,197,1
60,148,0
60,166,0
60,24,1
60,39,1
60,130,1
60,98,0
60,161,0
60,69,0
60,71,0
61,160,0
61,20,0
61,72,0
61,35,0
61,163,0
61,137,0
61,3,0
61,156,0
61,47,0
61,183,1
61,133,0
61,70,1
61,83,0
61,37,0
61,29,0
61,199,0
61,7,1
61,171,0
61,173,0
61,34,0
61,193,0
61,90,1
61,55,0
61,131,0
61,25,1
61,28,0
61,67,1
61,68,0
61,6,1
61,59,0
61,181,0
61,184,1
62,124,0
62,157,0
62,47,1
62,11,1
62,42,1
62,92,0
62,4,0
62,155,0
62,179,0
62,120,0
62,185,0
62,103,0
62,128,0
62,125,0
62,66,0
62,188,0
62,71,0
62,14,1
62,84,0
62,172,1
62,53,0
62,170,0
62,46,0
62,160,1
62,111,1
62,34,1
62,60,1
62,21,1
62,146,0
62,56,1
62,118,1
62,193,0
62,183,0
62,116,1
63,15,0
63,19,0
63,119,0
63,51,0
63,141,1
63,140,1
63,150,0
63,83,0
63,2,1
63,147,1
63,112,0
63,171,1
63,191,0
63,37,0
63,116,0
63,36,0
63,155,0
63,146,0
63,96,0
63,199,1
63,115,1
63,183,0
63,179,0
63,46,0
64,9,1
64,2,0
64,185,1
64,123,1
64,118,0
64,63,1
64,84,1
64,170,0
64,100,0
64,85,1
64,88,0
64,101,0
64,8,0
64,191,0
64,62,1
64,173,0
64,56,1
64,141,1
64,144,1
64,32,1
64,89,1
64,73,0
64,198,0
64,31,0
64,29,1
64,124,0
64,103,0
64,47,0
64,180,0
64,160,0
64,156,0
64,80,0
64,52,1
64,19,0
64,37,1
64,153,0
64,54,0
64,168,0
64,149,1
64,1,1
64,20,0
64,96,1
64,40,1
65,63,1
65,39,1
65,66,0
65,78,0
65,58,0
65,75,1
65,170,0
65,60,1
65,185,1
65,109,0
65,61,1
65,83,0
65,96,0
65,36,0
65,68,0
65,113,1
65,132,0
65,22,0
65,18,0
65,152,0
65,77,1
65,27,1
65,111,0
65,0,0
65,145,0
65,199,0
65,92,0
65,142,1
65,148,1
65,164,0
65,131,0
65,5,0
65,156,0
65,49,0
65,73,1
65,57,0
65,181,0
65,47,0
65,159,1
65,101,1
65,151,0
65,91,0
65,189,0
65,14,0
65,155,0
65,54,1
65,85,0
66,93,0
66,113,0
66,107,1
66,126,0
66,20,0
66,165,1
66,10,0
66,24,0
66,181,0
66,7,1
66,82,0
66,131,1
66,91,0
66,130,1
66,139,0
66,74,1
66,152,1
66,128,1
66,92,0
66,132,1
66,161,0
66,26,1
66,34,0
66,166,0
66,14,0
66,138,0
66,172,0
66,140,0
66,6,0
66,101,1
66,36,0
66,53,1
66,169,0
66,117,0
66,9,0
66,179,0
67,184,0
67,188,0
67,137,0
67,144,1
67,4,1
67,30,0
67,26,1
67,89,0
67,76,1
67,127,1
67,123,1
67,47,0
67,172,1
67,176,1
67,143,0
67,126,1
67,141,1
67,51,0
67,174,0
67,107,0
67,19,1
67,145,0
67,71,0
67,120,1
68,119,0
68,21,1
68,41,0
68,188,1
68,33,0
68,170,0
68,192,0
68,75,0
68,117,1
68,60,0
68,131,0
68,7,0
68,5,0
68,153,0
68,104,1
68,90,0
68,22,0
68,83,0
68,48,1
68,40,0
68,53,0
68,137,1
68,28,1
68,103,1
68,95,0
68,86,0
68,113,0
68,169,1
68,50,1
68,19,0
68,8,0
68,109,1
68,164,0
69,65,0
69,128,0
69,51,1
69,50,1
69,170,1
69,17,0
69,107,1
69,175,0
69,90,0
69,117,1
69,99,0
69,112,1
69,2,1
69,189,0
69,98,1
69,133,0
69,67,0
69,179,0
69,146,1
69,6,0
69,40,1
69,130,0
69,57,1
69,164,0
69,59,0
69,11,0
69,105,1
69,42,1
69,52,0
69,136,0
70,169,1
70,3,0
70,63,0
70,180,0
70,142,1
70,86,0
70,92,1
70,43,1
70,26,0
70,144,1
70,138,1
70,168,1
70,32,1
70,2,0
70,149,0
70,78,0
70,83,0
70,148,0
70,100,0
70,145,1
70,51,1
70,29,1
70,198,0
70,64,1
70,68,1
70,151,0
70,156,0
70,7,0
70,39,0
70,10,1
70,12,1
70,193,0
70,59,1
70,192,0
70,104,0
70,121,1
70,27,0
70,113,0
70,49,1
70,65,0
70,123,1
70,97,1
70,120,1
71,184,0
71,107,1
71,171,1
71,0,0
71,196,0
71,68,1
71,192,1
71,135,0
71,151,0
71,122,1
71,2,0
71,125,1
71,13,1
71,191,1
71,20,1
71,128,1
71,123,0
71,112,0
71,28,0
71,25,1
71,7,0
71,76,1
72,28,1
72,154,0
72,3,0
72,169,0
72,68,0
72,118,0
72,166,1
72,23,0
72,116,0
72,38,0
72,106,0
72,193,1
72,123,0
72,182,0
72,42,1
72,36,0
72,124,1
72,101,0
72,29,0
72,133,1
72,172,0
72,57,1
72,64,0
72,199,0
72,138,0
72,48,1
72,62,0
72,26,0
72,132,1
72,134,0
72,18,1
72,45,0
72,73,0
72,7,0
72,83,1
72,107,0
72,112,0
72,0,0
72,95,0
72,75,0
72,174,1
72,92,0
72,143,1
72,56,1
72,89,0
72,109,1
72,41,1
73,189,1
73,177,1
73,119,1
73,163,0
73,63,0
73,45,1
73,186,1
73,23,1
73,93,1
73,60,0
73,19,1
73,105,0
73,58,0
73,124,0
73,114,0
73,40,0
73,172,1
73,107,1
73,30,0
73,92,0
73,51,0
73,138,1
73,159,0
73,88,0
73,168,1
73,27,1
73,170,0
73,129,0
73,68,1
73,21,0
73,46,0
73,182,0
73,6,0
73,111,1
73,17,1
73,64,0
73,118,0
73,50,1
73,193,0
73,110,0
73,191,0
73,78,0
73,35,1
74,169,0
74,138,1
74,171,1
74,87,1
74,184,0
74,10,0
74,32,0
74,182,0
74,67,1
74,85,0
74,107,1
74,175,0
74,197,1
74,31,1
74,82,0
74,120,1
74,35,1
74,41,0
74,54,0
74,142,0
74,167,0
74,81,0
74,29,0
74,123,1
74,164,0
74,36,0
74,47,0
74,108,0
74,124,0
74,28,1
74,136,1
74,9,1
74,92,0
74,150,0
74,199,0
74,144,1
74,187,0
75,190,0
75,159,1
75,115,0
75,74,1
75,172,0
75,42,1
75,78,0
75,34,0
75,79,1
75,165,1
75,179,0
75,4,0
75,148,1
75,90,0
75,107,0
75,117,1
75,109,0
75,123,0
75,62,0
75,136,0
75,125,0
75,147,1
75,14,1
75,143,0
75,178,0
75,133,0
75,182,1
75,20,0
75,126,0
75,23,0
75,11,0
75,196,0
75,186,0
75,70,0
75,101,0
75,12,0
75,99,0
75,80,1
75,33,1
75,171,0
75,164,1
75,197,0
75,45,0
76,125,0
76,43,0
76,174,0
76,110,1
76,184,1
76,134,1
76,1,0
76,21,0
76,108,1
76,161,0
76,158,0
76,124,1
76,31,0
76,89,1
76,35,1
76,85,1
76,163,0
76,58,1
76,13,0
76,117,0
76,30,0
76,78,0
76,34,1
76,33,1
76,182,1
76,150,0
76,185,0
76,72,1
76,189,0
76,25,0
76,142,1
76,19,0
76,83,0
76,178,1
76,116,0
76,130,1
76,187,1
76,98,0
77,145,0
77,44,0
77,51,1
77,146,0
77,180,0
77,81,0
77,104,1
77,112,0
77,6,1
77,58,0
77,55,1
77,150,0
77,33,0
77,196,0
77,148,0
77,23,0
77,191,1
77,125,0
77,102,1
77,182,1
77,111,0
77,164,0
77,94,0
77,71,0
78,24,1
78,162,1
78,182,0
78,98,0
78,113,0
78,139,0
78,134,0
78,84,0
78,156,0
78,136,0
78,123,0
78,68,1
78,10,1
78,17,0
78,51,1
78,30,0
78,20,0
78,169,0
78,91,0
78,69,1
78,105,1
78,121,0
78,1,0
78,83,1
78,146,1
78,76,0
78,18,1
78,188,0
78,32,1
78,92,0
78,150,0
78,193,0
78,100,0
78,119,1
78,90,0
78,149,0
78,118,1
78,47,1
79,70,0
79,87,0
79,85,0
79,32,1
79,131,1
79,97,1
79,155,1
79,18,0
79,84,1
79,127,1
79,192,0
79,151,1
79,111,0
79,30,0
79,38,0
79,75,1
79,180,1
79,178,0
79,83,0
79,122,0
79,4,0
79,40,1
79,0,0
79,49,0
79,81,0
79,36,1
79,141,0
79,117,0
79,115,0
79,72,1
79,73,1
79,114,0
79,22,1
79,21,0
79,46,0
79,185,0
79,147,1
79,145,0
79,163,0
80,8,0
80,110,0
80,59,0
80,53,0
80,16,0
80,193,0
80,156,0
80,107,0
80,131,0
80,58,0
80,97,1
80,163,1
80,80,1
80,14,1
80,114,1
80,184,1
80,11,0
80,127,0
80,68,0
80,119,1
80,115,0
80,137,0
80,32,0
80,103,0
80,3,0
80,91,0
80,1,0
80,54,0
81,56,1
81,177,1
81,76,0
81,110,0
81,47,0
81,153,0
81,152,1
81,39,0
81,147,1
81,172,1
81,73,0
81,88,0
81,75,0
81,34,1
81,106,1
81,195,0
81,193,0
81,137,1
81,3,0
81,30,0
81,96,0
81,100,0
81,98,0
81,145,1
81,5,0
81,101,0
81,46,0
81,112,0
81,10,1
81,50,0
81,169,0
81,192,0
81,131,1
81,162,0
81,6,1
81,107,0
81,165,1
81,18,1
81,105,0
81,8,1
81,78,1
81,41,0
81,69,0
81,57,0
81,37,0
81,59,0
81,124,0
81,49,0
82,5,0
82,141,1
82,177,0
82,31,0
82,24,0
82,111,0
82,74,0
82,2,0
82,33,0
82,175,1
82,71,0
82,114,0
82,22,1
82,195,0
82,100,0
82,188,0
82,134,1
82,36,1
82,84,0
82,73,0
82,126,0
82,88,0
83,173,0
83,115,0
83,52,0
83,97,0
83,159,0
83,84,0
83,70,0
83,195,0
83,164,0
83,41,0
83,148,0
83,158,1
83,122,0
83,40,0
83,8,1
83,131,0
83,10,1
83,125,0
83,73,1
83,141,1
83,181,1
83,120,1
83,170,0
83,171,1
83,57,1
83,88,0
83,68,1
83,192,0
83,96,1
83,16,0
83,157,0
83,12,0
83,180,0
83,130,0
83,105,0
83,66,1
83,109,1
83,133,0
83,26,1
83,187,1
83,13,0
83,33,1
83,44,1
83,11,0
83,183,1
83,23,0
83,1,0
84,122,0
84,19,0
84,79,0
84,190,1
84,47,0
84,40,0
84,197,1
84,143,0
84,177,0
84,34,0
84,82,0
84,21,0
84,84,1
84,114,0
84,153,1
84,70,0
84,3,1
84,9,0
84,115,0
84,6,0
84,137,0
84,80,0
84,81,0
84,23,0
84,36,0
84,25,0
84,13,0
84,178,0
84,196,0
84,37,0
84,42,1
84,187,0
84,48,0
84,133,1
84,147,1
84,90,1
84,67,1
84,198,1
84,96,0
84,30,0
84,160,0
84,56,0
84,189,1
84,128,1
85,20,1
85,23,1
85,150,1
85,90,0
85,131,1
85,50,0
85,119,0
85,117,0
85,109,0
85,197,0
85,2,0
85,4,0
85,60,1
85,151,0
85,51,1
85,183,0
85,104,1
85,21,1
85,6,0
85,148,0
85,123,1
85,47,0
85,160,1
86,113,1
86,73,0
86,166,1
86,99,0
86,160,1
86,123,1
86,137,0
86,92,0
86,184,0
86,47,1
86,13,0
86,144,0
86,168,1
86,132,0
86,196,0
86,34,0
86,108,1
86,192,0
86,151,1
86,59,0
86,141,0
86,84,0
86,194,0
86,142,0
86,139,0
86,148,0
86,161,1
86,14,1
86,87,1
86,158,0
86,193,0
86,98,0
86,33,0
86,177,0
86,8,0
86,52,1
87,24,0
87,155,0
87,31,0
87,140,0
87,106,0
87,96,1
87,134,1
87,193,1
87,153,0
87,152,0
87,162,0
87,156,0
87,81,0
87,67,0
87,190,1
87,196,0
87,103,1
87,159,1
87,70,0
87,0,0
88,92,1
88,173,0
88,157,0
88,134,0
88,145,1
88,67,0
88,112,1
88,178,0
88,93,1
88,159,1
88,163,0
88,113,0
88,125,0
88,152,0
88,13,1
88,2,1
88,116,1
88,104,0
88,153,1
88,91,1
88,40,1
88,175,0
88,147,1
88,140,1
88,32,1
88,100,0
88,24,0
88,177,0
88,42,0
88,83,1
88,196,0
88,35,1
88,77,0
88,12,0
88,95,0
88,98,1
88,69,0
88,164,1
88,41,0
88,103,0
88,119,0
88,43,0
88,146,0
88,143,0
88,94,0
88,155,0
88,181,0
88,22,0
88,169,0
88,135,0
89,70,1
89,150,0
89,28,0
89,188,0
89,104,0
89,125,1
89,124,1
89,126,0
89,182,0
89,89,0
89,67,1
89,24,0
89,106,0
89,76,1
89,4,0
89,138,0
89,123,0
89,159,0
89,20,1
89,180,1
89,36,1
89,63,0
89,47,1
89,108,1
89,74,0
89,88,1
89,3,0
89,59,0
89,5,1
89,1,0
89,168,0
89,11,1
89,121,0
89,175,0
89,2,1
89,160,1
89,80,0
89,64,1
89,23,1
89,25,0
90,133,0
90,113,0
90,141,0
90,0,0
90,157,0
90,7,0
90,93,1
90,33,0
90,142,0
90,184,0
90,112,0
90,161,0
90,155,0
90,118,1
90,45,1
90,14,0
90,9,0
90,39,0
90,95,1
90,94,1
91,121,1
91,154,0
91,160,1
91,137,0
91,15,0
91,52,0
91,122,0
91,26,0
91,136,1
91,60,0
91,86,0
91,69,0
91,104,0
91,182,0
91,132,1
91,144,1
91,82,0
91,159,0
91,81,1
91,156,0
91,49,0
91,65,1
91,10,1
91,12,0
91,125,0
91,120,1
91,147,1
91,161,0
91,38,1
91,93,1
91,16,1
92,71,0
92,100,0
92,99,1
92,89,0
92,192,0
92,91,0
92,31,1
92,30,1
92,24,0
92,34,0
92,82,0
92,59,0
92,142,0
92,18,0
92,170,0
92,123,0
92,70,0
92,180,1
92,178,0
92,38,0
92,4,0
92,64,0
92,76,1
92,73,1
92,137,0
92,92,0
92,176,1
92,113,1
92,11,1
92,147,1
92,58,0
93,25,0
93,114,0
93,147,0
93,197,0
93,110,1
93,88,0
93,156,0
93,46,0
93,86,0
93,76,0
93,158,0
93,22,1
93,199,0
93,48,0
93,181,0
93,130,1
93,123,1
93,190,1
93,106,1
93,159,0
93,183,0
94,43,0
94,18,0
94,4,0
94,0,0
94,121,0
94,68,1
94,32,0
94,2,0
94,24,1
94,80,1
94,167,1
94,199,1
94,33,1
94,29,0
94,154,0
94,104,0
94,76,0
94,112,0
94,192,0
94,160,1
94,92,0
94,64,1
94,172,0
94,156,0
94,198,0
94,120,0
94,149,0
94,119,1
94,185,1
94,10,0
94,15,0
94,60,0
94,138,0
94,5,0
94,171,0
94,89,1
94,20,0
94,55,0
94,125,0
94,37,0
94,159,1
94,82,0
95,51,1
95,188,0
95,3,1
95,66,0
95,105,1
95,5,1
95,60,1
95,14,0
95,89,0
95,135,0
95,55,0
95,100,0
95,17,1
95,22,0
95,16,0
95,1,1
95,80,0
95,169,1
95,185,1
95,101,1
95,190,1
95,111,1
95,193,0
95,142,1
95,82,1
95,183,0
95,58,1
95,134,0
95,102,0
95,157,0
95,63,1
95,116,0
95,162,0
95,186,1
95,130,0
95,184,1
95,61,0
95,129,0
95,170,1
95,164,1
95,108,0
95,137,1
95,163,1
95,64,0
95,93,1
95,6,0
95,133,0
95,138,1
95,117,0
96,93,1
96,88,0
96,100,1
96,122,1
96,183,0
96,62,1
96,126,0
96,166,0
96,43,0
96,73,1
96,46,0
96,186,0
96,33,0
96,104,0
96,44,0
96,171,1
96,177,0
96,21,0
96,109,1
96,99,0
96,12,0
96,47,0
96,188,1
96,32,1
96,77,1
96,144,1
96,119,0
96,184,0
96,59,0
96,164,0
96,69,0
96,173,0
96,30,0
96,18,0
96,110,0
96,31,1
96,82,0
96,98,0
96,67,1
96,39,0
96,190,1
96,175,0
96,17,1
96,197,0
96,195,1
97,42,0
97,65,0
97,121,0
97,195,0
97,30,1
97,111,1
97,14,0
97,48,0
97,148,1
97,139,1
97,11,1
97,3,0
97,55,0
97,85,1
97,196,0
97,64,1
97,162,0
97,122,1
97,72,0
97,150,0
97,80,1
97,136,0
97,110,0
97,96,0
97,131,0
97,109,1
97,83,1
97,50,1
97,199,1
97,105,0
97,193,1
97,132,1
97,190,0
97,52,0
97,177,1
97,151,1
97,27,0
97,68,1
97,118,1
97,79,0
97,22,1
97,74,0
97,166,1
97,181,0
97,94,0
97,40,1
97,165,0
98,4,0
98,113,0
98,71,0
98,29,0
98,16,0
98,14,0
98,67,1
98,34,0
98,184,0
98,132,1
98,94,0
98,124,0
98,199,0
98,61,1
98,25,0
98,182,1
98,27,0
98,127,0
98,110,0
98,60,0
98,154,0
98,66,1
98,122,1
98,183,0
98,95,0
98,149,1
98,114,1
98,133,1
98,68,1
98,23,1
98,28,0
98,100,0
98,18,0
98,131,0
98,103,0
98,158,0
98,156,0
98,136,0
98,99,1
98,174,0
98,112,0
98,44,1
98,160,1
98,98,0
98,126,0
98,17,1
98,45,1
98,157,0
98,101,0
98,12,0
99,71,1
99,19,0
99,163,1
99,170,0
99,16,1
99,7,1
99,62,0
99,136,0
99,58,0
99,124,0
99,131,0
99,107,1
99,93,0
99,122,0
99,139,1
99,90,1
99,27,1
99,138,0
99,36,0
99,54,0
99,140,1
99,52,0
99,148,0
99,50,1
99,112,1
99,88,0
99,196,0
99,82,1
99,17,0
99,46,0
99,37,0
99,165,1
99,35,0
99,111,1
99,151,0
100,134,0
100,13,0
100,82,0
100,176,1
100,104,0
100,91,1
100,186,0
100,45,0
100,137,0
100,7,0
100,158,0
100,145,0
100,63,1
100,101,0
100,4,0
100,196,0
100,160,1
100,34,0
100,52,0
100,163,1
100,46,0
100,71,1
100,171,1
100,182,1
100,192,1
100,115,1
100,2,0
100,58,1
100,166,0
100,128,1
100,106,0
100,31,0
100,69,0
100,188,1
100,10,0
100,123,0
100,79,1
100,131,1
100,147,1
100,20,0
100,168,0
100,159,0
101,20,1
101,13,1
101,73,1
101,83,0
101,99,0
101,186,1
101,59,0
101,196,1
101,147,1
101,0,1
101,156,1
101,76,0
101,38,0
101,171,0
101,3,0
101,197,0
101,8,0
101,153,0
101,135,0
101,112,0
101,44,0
101,32,1
101,96,1
101,145,1
101,127,1
101,14,0
101,65,0
101,54,0
101,199,1
101,17,0
101,141,1
101,18,0
101,7,0
101,161,0
101,33,0
101,24,0
101,108,0
101,140,1
101,29,0
101,61,0
101,67,0
101,168,0
101,181,0
102,20,0
102,166,1
102,15,1
102,169,1
102,165,0
102,178,1
102,91,1
102,159,0
102,146,0
102,107,0
102,18,0
102,48,0
102,150,1
102,176,0
102,67,1
102,41,0
102,120,0
102,31,0
102,132,0
102,174,0
102,26,1
102,123,0
102,140,1
102,92,0
102,113,0
102,17,0
102,104,1
102,121,1
102,66,1
102,154,1
102,192,1
102,194,0
102,122,0
103,183,0
103,5,0
103,24,0
103,58,1
103,63,1
103,146,0
103,96,0
103,116,0
103,140,0
103,30,1
103,117,0
103,173,0
103,85,0
103,108,1
103,61,0
103,44,0
103,88,0
103,36,0
103,38,0
103,156,1
103,152,0
103,113,0
103,92,0
103,118,0
103,127,1
103,98,0
103,48,0
103,169,0
103,103,1
103,126,0
103,16,0
103,23,0
103,27,0
103,87,0
103,163,1
103,55,0
104,98,0
104,109,1
104,87,0
104,45,0
104,37,0
104,36,1
104,67,0
104,71,1
104,176,1
104,89,0
104,164,0
104,47,0
104,198,0
104,99,0
104,121,0
104,41,0
104,159,1
104,125,1
104,70,0
104,100,1
104,181,0
104,26,1
104,137,0
104,96,1
104,15,0
104,68,1
104,112,1
104,191,0
104,132,1
104,184,0
104,51,0
104,74,1
104,58,0
104,105,0
104,30,0
104,56,0
104,44,0
104,49,0
104,40,0
104,167,1
104,170,1
104,189,1
104,7,0
104,28,0
105,126,0
105,93,1
105,127,0
105,7,0
105,101,0
105,176,0
105,62,0
105,173,0
105,164,1
105,111,0
105,169,0
105,119,0
105,116,1
105,149,1
105,0,0
105,192,0
105,120,1
105,85,1
105,133,0
105,24,1
105,179,1
105,184,1
105,76,1
105,132,1
105,81,0
105,193,0
105,167,1
105,140,1
105,125,0
105,105,0
106,135,1
106,133,0
106,181,0
106,5,0
106,124,0
106,139,0
106,27,0
106,109,0
106,97,1
106,4,0
106,170,0
106,13,0
106,150,1
106,168,0
106,8,0
106,140,0
106,187,0
106,40,0
106,48,0
106,55,0
106,119,0
106,144,0
106,28,1
106,191,0
106,188,0
106,86,0
106,56,1
106,12,0
106,169,0
106,57,0
106,120,1
106,103,0
106,111,0
106,82,1
106,18,0
106,131,0
106,117,0
106,9,0
106,26,1
106,130,0
106,39,0
106,53,0
106,49,0
106,158,1
106,35,0
106,129,0
106,45,0
106,98,1
106,121,1
107,50,0
107,31,0
107,187,0
107,82,0
107,5,0
107,42,0
107,188,1
107,35,0
107,37,0
107,72,0
107,150,0
107,38,0
107,146,1
107,55,0
107,162,0
107,105,0
107,149,0
107,20,1
107,97,0
107,18,0
107,33,0
107,165,0
107,47,0
107,109,0
107,94,0
107,10,0
107,39,0
107,63,0
107,118,1
107,66,0
107,172,1
107,29,1
107,61,0
107,36,1
107,113,0
107,80,0
107,48,0
107,178,0
107,106,1
107,137,1
107,119,0
107,126,0
108,140,0
108,10,1
108,66,0
108,152,1
108,87,1
108,148,1
108,85,1
108,17,0
108,99,1
108,71,0
108,23,0
108,50,1
108,181,1
108,169,1
108,110,0
108,134,1
108,113,0
108,174,0
108,130,1
108,27,0
108,194,1
108,146,1
108,70,0
108,9,1
108,149,1
108,3,0
109,35,0
109,157,1
109,54,0
109,119,0
109,29,0
109,101,0
109,105,0
109,194,0
109,2,0
109,112,0
109,133,0
109,64,1
109,121,1
109,109,0
109,102,1
109,10,1
109,169,0
109,192,0
109,143,1
109,56,1
109,18,1
109,156,1
109,22,1
109,146,0
109,52,0
109,177,0
109,94,1
109,92,1
109,66,1
109,116,0
109,185,1
109,115,0
109,13,0
110,162,0
110,23,0
110,43,1
110,192,1
110,144,0
110,77,0
110,3,0
110,55,1
110,13,0
110,165,1
110,115,0
110,86,0
110,89,1
110,187,0
110,93,0
110,82,0
110,48,0
110,26,0
110,137,0
110,24,0
110,22,0
110,21,0
110,85,0
110,35,0
110,118,0
110,73,0
110,80,0
110,38,0
110,116,1
110,126,0
110,189,0
110,182,0
110,113,0
110,134,1
110,19,0
110,60,0
110,172,1
110,160,1
110,103,0
110,88,1
110,173,0
110,194,1
110,133,0
110,166,1
110,31,0
110,67,1
110,66,0
110,142,1
110,168,0
110,56,0
111,161,0
111,133,0
111,54,1
111,65,1
111,163,1
111,165,0
111,78,0
111,57,0
111,60,1
111,158,1
111,5,0
111,186,0
111,139,1
111,74,1
111,72,0
111,70,1
111,87,0
111,168,0
111,52,0
111,195,0
111,176,1
111,77,0
111,159,1
111,182,0
111,110,0
111,73,1
111,147,0
111,127,1
111,55,0
111,188,0
111,106,1
111,155,1
111,135,1
111,129,1
111,175,0
111,124,1
112,2,0
112,60,0
112,61,0
112,39,0
112,56,1
112,196,1
112,125,1
112,82,0
112,139,1
112,1,0
112,66,0
112,37,0
112,191,1
112,33,0
112,64,1
112,142,1
112,3,1
112,171,1
112,48,1
112,150,0
112,122,1
112,182,0
112,78,0
112,186,0
112,164,1
112,42,1
112,63,0
112,43,0
112,148,0
112,161,1
112,91,0
112,135,1
112,113,0
112,50,0
112,138,0
112,26,0
112,18,0
112,53,1
112,118,1
112,109,0
112,15,1
112,103,0
112,194,0
112,8,0
112,70,0
112,185,0
112,180,0
112,81,1
113,82,1
113,121,0
113,26,1
113,90,0
113,5,0
113,46,0
113,70,1
113,61,0
113,198,0
113,163,0
113,144,1
113,126,1
113,173,1
113,15,1
113,72,1
113,167,0
113,170,1
113,192,1
113,99,0
113,156,0
113,51,0
113,187,0
113,58,1
113,174,1
113,149,0
113,128,1
113,117,0
113,159,0
113,175,1
113,50,1
113,12,0
113,196,0
113,102,0
113,164,0
113,37,0
113,28,0
113,130,0
113,199,0
113,95,1
113,193,0
113,108,0
113,22,0
113,184,0
113,155,1
113,171,0
113,78,1
113,152,0
113,35,1
113,148,0
114,120,1
114,40,0
114,131,1
114,29,1
114,15,0
114,21,0
114,94,0
114,52,0
114,185,0
114,118,0
114,28,0
114,138,0
114,111,0
114,3,0
114,125,1
114,69,0
114,78,0
114,79,0
114,74,0
114,148,1
114,88,0
114,172,0
114,17,1
114,11,0
115,33,0
115,118,1
115,36,0
115,167,0
115,84,1
115,122,0
115,85,0
115,149,1
115,102,0
115,199,0
115,168,0
115,86,0
115,142,0
115,130,0
115,120,0
115,150,1
115,112,0
115,1,0
115,185,1
115,14,0
116,181,0
116,195,0
116,23,1
116,138,1
116,107,0
116,54,1
116,48,0
116,177,1
116,95,1
116,1,1
116,98,1
116,41,1
116,109,1
116,148,1
116,142,0
116,93,0
116,102,0
116,168,1
116,147,0
116,66,0
116,84,0
116,152,0
116,184,1
116,27,0
116,126,1
116,174,0
116,170,0
116,14,1
116,9,0
116,122,1
116,29,0
116,158,0
116,80,0
116,143,1
117,155,0
117,29,0
117,150,0
117,134,0
117,112,0
117,10,0
117,186,0
117,63,1
117,149,1
117,141,0
117,118,1
117,38,0
117,56,0
117,79,0
117,8,0
117,182,1
117,85,0
117,126,1
117,107,0
117,179,1
117,19,0
117,24,0
117,90,0
117,111,0
117,189,1
117,28,0
117,93,0
117,65,0
117,120,0
117,89,1
117,129,0
117,23,0
117,36,1
117,125,1
117,62,0
117,117,0
117,52,0
117,97,1
117,55,0
117,131,0
118,196,0
118,173,0
118,88,1
118,176,0
118,45,0
118,29,0
118,8,1
118,23,0
118,27,0
118,120,0
118,18,0
118,71,0
118,48,0
118,36,0
118,145,1
118,99,0
118,93,0
118,12,1
118,95,0
118,165,1
118,155,0
118,67,1
118,16,0
118,100,0
118,134,0
118,138,1
118,43,1
118,81,0
118,161,0
118,38,0
118,111,1
118,154,0
118,25,0
118,117,1
118,141,0
118,101,0
118,119,1
118,65,0
118,57,1
118,171,0
118,135,0
118,179,0
118,166,1
118,17,0
119,85,0
119,49,1
119,22,0
119,142,1
119,46,1
119,181,1
119,197,0
119,10,0
119,92,0
119,113,0
119,148,1
119,2,1
119,114,0
119,95,0
119,57,0
119,100,1
119,20,1
119,53,0
119,126,0
119,188,0
119,42,0
119,134,1
119,162,1
119,199,0
119,145,0
119,133,0
120,37,0
120,12,0
120,138,0
120,118,1
120,148,0
120,120,0
120,94,1
120,133,0
120,99,0
120,13,0
120,83,0
120,123,0
120,119,0
120,10,0
120,92,0
120,154,1
120,102,0
120,24,0
120,81,1
120,129,0
120,15,0
120,78,1
120,35,1
120,33,0
120,146,0
120,93,0
120,60,1
120,97,0
120,141,0
120,86,1
120,23,1
120,124,0
120,52,1
120,61,0
120,53,0
120,8,0
120,16,0
120,57,1
120,142,1
120,139,0
120,5,0
120,77,1
120,22,0
120,192,0
120,174,1
120,186,0
121,108,0
121,134,1
121,114,0
121,98,1
121,171,0
121,140,1
121,102,0
121,162,0
121,168,0
121,148,0
121,47,1
121,26,0
121,157,0
121,60,0
121,28,0
121,46,0
121,9,0
121,179,0
121,80,1
121,85,0
121,38,1
121,81,0
121,155,0
121,64,1
121,152,1
121,24,1
121,198,0
121,173,1
121,27,0
121,196,0
121,107,0
121,77,0
121,37,1
121,11,1
121,29,0
121,161,1
121,121,1
122,114,0
122,63,0
122,104,1
122,113,0
122,195,0
122,36,1
122,164,0
122,88,0
122,174,1
122,54,0
122,159,1
122,51,0
122,38,0
122,35,0
122,172,1
122,165,0
122,2,0
122,12,0
122,60,0
122,121,0
122,59,1
122,194,0
122,148,0
122,115,0
122,82,0
122,23,0
123,190,1
123,74,0
123,88,0
123,10,0
123,47,1
123,64,1
123,2,1
123,127,0
123,148,0
123,195,0
123,158,1
123,104,0
123,113,0
123,155,0
123,30,0
123,140,0
123,133,0
123,178,0
123,9,0
123,97,1
123,46,1
123,84,1
124,58,1
124,121,0
124,15,0
124,140,1
124,59,0
124,84,0
124,190,0
124,103,0
124,35,0
124,63,0
124,149,0
124,150,0
124,189,1
124,11,1
124,127,1
124,145,0
124,195,0
124,6,0
124,196,1
124,25,0
124,133,0
124,123,1
124,186,0
124,87,0
124,173,1
124,159,1
124,128,0
124,192,0
124,182,1
124,19,0
124,3,0
124,45,0
124,29,1
124,55,0
124,90,0
124,21,1
124,0,0
124,24,0
124,187,0
124,94,1
124,33,0
124,172,1
125,21,0
125,181,0
125,121,0
125,96,1
125,13,0
125,178,0
125,184,0
125,55,1
125,23,0
125,71,1
125,5,0
125,129,0
125,133,1
125,57,0
125,120,0
125,109,1
125,48,1
125,135,0
125,72,0
125,43,0
125,164,1
125,111,0
125,185,0
125,46,0
125,67,1
125,163,0
125,123,0
125,12,0
125,149,0
125,193,1
125,91,1
125,15,1
125,160,0
125,152,0
125,177,0
125,170,0
125,132,1
125,166,1
125,79,1
125,36,1
125,97,0
125,93,0
126,165,0
126,175,0
126,48,0
126,84,0
126,198,0
126,123,1
126,162,0
126,16,0
126,133,0
126,126,0
126,164,1
126,81,1
126,115,0
126,65,1
126,87,1
126,100,0
126,141,0
126,102,0
126,89,0
126,2,0
126,179,0
126,152,1
126,52,0
126,191,1
126,98,0
126,158,1
126,194,0
126,190,1
126,40,0
126,143,1
126,9,1
126,116,1
126,187,0
126,12,0
126,112,1
126,53,0
126,29,1
126,66,1
126,101,0
126,156,0
127,157,1
127,142,1
127,15,0
127,181,1
127,72,0
127,149,0
127,6,0
127,45,0
127,61,0
127,140,1
127,172,0
127,117,0
127,85,0
127,143,1
127,103,0
127,91,1
127,5,0
127,20,1
127,84,0
127,49,0
128,161,0
128,104,0
128,18,1
128,88,1
128,126,0
128,100,0
128,194,0
128,129,0
128,64,0
128,77,0
128,199,1
128,24,0
128,178,1
128,86,1
128,188,0
128,132,1
128,144,0
128,150,0
128,179,0
128,60,0
128,174,1
128,114,1
128,148,1
128,92,0
128,33,1
129,114,1
129,111,0
129,90,1
129,96,0
129,72,0
129,68,1
129,0,0
129,98,1
129,108,0
129,92,0
129,18,0
129,103,0
129,116,1
129,61,1
129,149,0
129,133,0
129,144,0
129,163,0
129,29,1
129,180,1
129,4,1
129,185,0
129,179,0
129,52,0
129,177,0
129,48,0
129,67,0
129,168,0
129,56,0
129,23,1
129,59,0
129,153,0
129,189,0
129,41,0
129,6,1
129,130,0
130,66,0
130,1,1
130,133,1
130,48,0
130,171,0
130,108,0
130,102,0
130,141,1
130,105,0
130,81,0
130,116,1
130,121,0
130,38,0
130,135,1
130,22,1
130,18,1
130,9,0
130,92,0
130,98,1
130,183,0
130,160,1
130,154,1
130,174,0
130,0,1
130,93,0
130,50,0
130,122,0
130,25,1
130,10,0
130,118,0
130,189,0
130,45,0
130,138,1
130,83,0
130,169,0
130,47,0
130,33,1
130,140,0
130,173,0
130,31,0
130,55,0
130,7,0
130,151,0
130,77,1
131,72,0
131,89,0
131,34,0
131,92,0
131,150,1
131,98,0
131,117,0
131,50,0
131,23,0
131,44,0
131,175,0
131,102,0
131,73,0
131,66,0
131,138,1
131,105,0
131,163,1
131,4,1
131,183,0
131,136,1
131,155,0
131,120,0
131,198,1
131,36,1
131,107,0
131,137,1
131,195,0
131,143,1
131,153,0
132,15,1
132,78,0
132,144,1
132,172,1
132,62,0
132,11,1
132,42,0
132,88,0
132,26,0
132,134,0
132,90,0
132,5,1
132,182,1
132,107,1
132,128,0
132,75,0
132,16,1
132,113,0
132,30,1
132,168,0
132,101,0
132,3,0
132,84,1
132,157,0
132,132,0
132,186,0
132,23,0
132,178,0
132,36,0
132,76,0
132,116,0
132,191,0
132,86,1
132,38,1
132,92,0
132,66,0
133,69,0
133,15,1
133,101,0
133,196,0
133,176,1
133,83,0
133,93,1
133,20,0
133,27,1
133,40,0
133,199,0
133,30,1
133,65,0
133,95,0
133,19,0
133,3,1
133,70,0
133,197,1
133,81,1
133,2,0
133,92,0
133,37,1
133,143,0
134,122,0
134,137,1
134,89,0
134,111,0
134,37,0
134,162,0
134,28,1
134,171,0
134,21,0
134,154,1
134,136,0
134,78,1
134,145,1
134,152,1
134,82,1
134,130,1
134,56,0
134,179,1
134,88,1
134,0,1
134,159,0
134,123,1
134,73,0
134,98,0
134,155,1
134,8,1
134,13,0
134,12,0
134,107,0
134,186,0
135,62,1
135,155,0
135,182,0
135,194,0
135,104,0
135,178,0
135,66,0
135,28,0
135,17,0
135,168,1
135,51,1
135,47,0
135,67,0
135,92,0
135,116,0
135,148,0
135,49,1
135,31,0
135,174,0
135,61,0
135,166,0
135,136,0
135,115,1
135,164,0
135,57,0
135,123,0
135,77,0
135,96,0
135,191,1
135,173,0
135,48,0
135,25,0
135,95,0
135,86,0
135,12,0
135,19,0
135,117,0
135,87,1
135,22,0
135,186,1
135,167,0
135,16,0
135,9,1
135,84,1
135,161,0
135,181,1
135,93,0
135,177,1
136,107,0
136,48,0
136,53,0
136,33,1
136,12,0
136,23,0
136,2,1
136,119,0
136,66,0
136,79,0
136,194,0
136,19,0
136,132,0
136,28,1
136,11,0
136,125,0
136,141,0
136,187,1
136,166,0
136,148,0
136,55,0
136,64,0
136,195,1
137,127,1
137,180,0
137,83,1
137,49,1
137,167,1
137,174,0
137,23,0
137,67,1
137,169,0
137,62,1
137,116,0
137,143,0
137,162,1
137,9,0
137,124,1
137,186,0
137,152,0
137,61,1
137,38,1
137,1,0
137,190,0
137,54,1
137,52,1
137,16,0
137,30,0
137,93,0
137,31,1
137,25,0
137,34,0
137,134,0
137,157,1
137,101,0
137,75,0
137,140,0
138,7,0
138,199,0
138,155,0
138,77,1
138,121,0
138,160,0
138,0,0
138,16,0
138,75,1
138,11,0
138,137,1
138,53,1
138,126,1
138,195,1
138,96,0
138,125,1
138,72,1
138,136,1
138,42,0
138,133,1
138,44,1
138,8,0
138,2,1
138,23,0
138,84,0
138,49,0
138,175,0
139,69,0
139,193,0
139,51,0
139,181,0
139,171,0
139,38,1
139,88,1
139,47,1
139,123,0
139,161,0
139,157,1
139,132,1
139,16,0
139,9,0
139,49,0
139,109,1
139,23,0
139,175,0
139,129,0
139,111,1
139,26,0
140,136,0
140,166,0
140,43,0
140,82,1
140,194,0
140,176,0
140,179,1
140,5,1
140,13,0
140,169,1
140,104,0
140,91,0
140,38,0
140,1,1
140,177,1
140,47,0
140,165,1
140,129,0
140,140,1
140,193,0
140,40,0
140,120,0
140,70,0
140,118,1
140,97,0
140,117,1
140,157,0
140,67,0
140,142,1
140,182,1
140,6,0
140,178,1
140,73,1
140,147,0
140,137,1
140,34,0
140,26,1
140,123,0
140,55,0
140,151,0
140,175,0
140,119,0
140,187,0
140,96,1
140,63,1
140,0,1
140,61,0
140,14,0
140,131,0
141,190,0
141,1,0
141,81,1
141,160,0
141,162,1
141,124,1
141,82,0
141,133,0
141,73,0
141,17,0
141,142,0
141,25,0
141,199,0
141,16,1
141,166,1
141,0,1
141,7,0
141,118,0
141,79,0
141,2,1
141,194,0
141,186,1
142,36,0
142,103,0
142,5,0
142,28,0
142,68,0
142,148,1
142,80,0
142,84,0
142,143,0
142,168,0
142,101,0
142,60,0
142,154,1
142,145,0
142,146,0
142,51,0
142,66,1
142,144,0
142,54,0
142,71,0
142,136,0
142,150,0
142,47,1
142,123,0
142,141,1
142,111,1
143,144,0
143,104,0
143,85,0
143,29,1
143,25,0
143,119,0
143,0,1
143,115,0
143,5,1
143,23,0
143,123,0
143,55,0
143,84,1
143,151,1
143,45,1
143,40,0
143,49,0
143,155,0
143,92,1
143,126,0
143,48,1
143,147,0
143,143,1
143,179,1
143,63,0
143,187,1
143,146,0
143,160,0
143,188,1
143,65,1
143,173,1
143,75,1
144,13,0
144,46,0
144,168,0
144,75,0
144,188,0
144,192,0
144,22,1
144,194,0
144,195,0
144,24,1
144,175,0
144,198,0
144,149,0
144,20,0
144,32,0
144,128,0
144,181,1
144,6,0
144,53,0
144,151,0
144,163,0
144,47,0
144,65,0
144,115,0
144,8,0
144,95,1
144,148,0
144,173,0
144,114,1
144,44,0
145,29,1
145,3,1
145,48,0
145,168,0
145,152,1
145,51,1
145,174,0
145,83,0
145,78,0
145,77,0
145,137,1
145,69,1
145,76,1
145,67,1
145,55,1
145,112,1
145,88,1
145,54,1
145,151,1
145,43,1
145,17,0
145,81,0
145,118,1
145,143,0
145,107,0
145,108,0
145,150,1
145,197,1
145,38,1
145,130,1
145,175,0
145,164,0
145,70,0
145,6,0
145,42,1
145,50,0
145,95,0
145,39,1
145,183,0
145,172,0
145,104,0
145,124,1
145,71,1
145,4,0
145,120,0
146,1,1
146,17,1
146,137,0
146,58,0
146,97,1
146,77,1
146,123,1
146,178,1
146,6,0
146,2,0
146,158,1
146,75,0
146,60,0
146,105,0
146,171,1
146,176,0
146,115,0
146,92,0
146,180,0
146,96,0
146,69,0
146,191,0
146,145,1
146,121,1
146,129,1
146,147,0
146,61,1
146,132,1
146,20,0
146,142,1
146,28,1
146,140,0
146,39,0
146,50,0
146,43,0
146,54,0
146,187,0
146,103,0
146,11,1
146,185,0
146,27,1
147,142,0
147,56,0
147,34,0
147,62,1
147,124,0
147,152,1
147,79,1
147,174,0
147,99,0
147,141,0
147,181,0
147,89,0
147,188,0
147,117,0
147,199,1
147,190,0
147,125,1
147,70,0
147,60,1
147,134,0
147,40,0
147,186,0
147,41,0
147,169,0
147,144,0
147,64,0
147,175,0
147,96,0
147,1,1
147,84,0
147,98,1
147,122,1
147,123,0
147,114,1
147,42,0
147,93,0
147,130,0
147,136,0
147,29,0
147,187,0
147,78,1
147,66,1
147,108,0
147,21,0
148,2,0
148,37,1
148,56,1
148,125,0
148,160,1
148,53,1
148,187,0
148,72,1
148,54,0
148,68,0
148,16,1
148,18,0
148,167,1
148,81,1
148,17,0
148,89,0
148,7,0
148,188,0
148,45,0
148,87,0
148,151,0
148,65,0
148,144,0
148,12,0
148,19,1
148,163,0
148,164,1
148,173,0
148,75,1
148,24,1
148,158,1
148,174,0
148,155,0
148,55,0
148,15,1
148,195,1
148,103,0
149,67,0
149,194,0
149,132,0
149,166,0
149,16,1
149,98,1
149,191,1
149,89,0
149,180,0
149,53,0
149,127,1
149,87,1
149,195,0
149,61,0
149,29,1
149,115,1
149,84,1
149,51,0
149,121,1
149,72,0
149,158,1
149,199,0
149,107,0
149,116,0
149,196,0
149,96,1
149,138,0
149,186,0
149,26,0
149,12,1
149,167,0
149,122,0
150,57,0
150,129,1
150,3,0
150,102,0
150,193,1
150,152,0
150,123,1
150,120,1
150,198,1
150,8,0
150,14,0
150,189,0
150,192,1
150,86,0
150,65,1
150,119,0
150,56,0
150,107,0
150,144,0
150,109,0
150,27,0
150,67,1
150,132,0
150,161,0
150,98,1
150,143,0
150,190,0
150,155,0
150,164,0
150,72,0
150,68,0
150,105,1
150,145,1
150,69,1
150,96,0
150,11,1
150,153,0
150,92,0
150,177,0
150,70,1
150,181,0
150,5,0
150,29,0
150,122,1
151,97,0
151,6,1
151,133,1
151,84,1
151,191,0
151,78,0
151,99,0
151,94,1
151,160,0
151,53,1
151,165,1
151,5,0
151,90,1
151,121,0
151,4,1
151,74,1
151,184,1
151,158,1
151,32,0
151,177,0
151,33,0
151,43,0
151,132,1
151,169,0
151,181,0
151,195,1
152,13,0
152,183,0
152,70,1
152,10,0
152,33,0
152,197,0
152,104,1
152,167,0
152,69,0
152,74,0
152,139,1
152,135,0
152,176,0
152,67,1
152,140,1
152,30,0
152,151,0
152,181,1
152,187,0
152,172,0
152,129,0
152,107,0
152,42,0
152,84,0
152,113,0
152,75,0
152,72,0
152,0,0
152,23,0
152,28,1
152,14,1
152,193,0
152,194,0
152,192,1
152,91,1
152,148,0
152,103,1
152,87,0
152,152,1
152,150,1
152,174,1
152,77,1
152,15,0
152,53,0
153,177,0
153,125,0
153,118,0
153,51,0
153,163,0
153,59,0
153,54,0
153,130,0
153,104,0
153,12,0
153,162,1
153,32,0
153,113,0
153,172,0
153,78,0
153,34,0
153,151,0
153,154,0
153,87,0
153,93,0
153,92,0
153,96,0
153,11,0
153,22,0
153,199,0
153,29,0
153,147,0
153,132,1
153,181,1
153,63,1
153,70,0
153,174,1
153,30,0
153,41,0
153,17,0
153,122,1
153,66,1
153,46,1
153,150,0
153,52,1
153,183,1
153,159,0
153,149,1
153,5,1
153,35,0
153,160,0
153,61,1
153,58,1
153,71,0
154,198,1
154,123,1
154,159,0
154,173,1
154,64,0
154,162,1
154,168,1
154,28,0
154,194,1
154,6,0
154,69,0
154,116,0
154,36,1
154,118,1
154,130,0
154,113,0
154,86,1
154,163,0
154,87,1
154,166,0
154,46,0
154,92,0
154,42,0
154,164,0
154,91,1
154,79,0
154,128,0
154,107,0
154,180,1
154,178,0
154,169,0
154,19,0
154,167,0
154,94,0
154,149,0
155,120,0
155,91,0
155,75,1
155,80,1
155,149,0
155,45,1
155,8,0
155,52,0
155,92,1
155,67,1
155,72,1
155,29,1
155,53,0
155,34,0
155,192,1
155,12,0
155,25,0
155,158,1
155,44,1
155,90,0
155,125,1
155,7,0
155,174,0
155,137,0
155,84,0
155,74,0
155,147,0
155,134,1
155,99,0
155,31,1
155,163,0
155,164,0
155,157,1
155,197,0
156,194,1
156,67,0
156,6,1
156,35,0
156,119,0
156,105,0
156,65,0
156,70,0
156,88,0
156,75,0
156,0,0
156,58,0
156,64,0
156,9,0
156,122,0
156,40,1
156,43,0
156,184,0
156,47,0
156,157,0
156,55,0
156,182,1
156,141,0
156,34,0
156,130,0
156,185,0
156,33,1
156,154,1
156,189,1
156,16,0
156,162,0
156,13,1
156,103,1
156,19,1
157,147,1
157,18,0
157,71,0
157,0,1
157,164,0
157,124,0
157,187,1
157,90,1
157,55,0
157,197,0
157,43,0
157,26,0
157,159,0
157,49,0
157,98,1
157,67,1
157,30,1
157,52,1
157,95,0
157,62,0
157,80,0
157,7,0
157,100,0
157,109,0
157,27,0
157,188,0
157,170,0
157,75,0
157,115,1
157,192,0
157,166,0
157,199,0
157,78,1
157,116,0
157,119,0
157,125,0
157,161,0
157,163,0
157,8,0
157,38,0
157,114,0
157,128,1
157,68,0
157,34,0
157,135,1
157,176,0
157,22,0
158,139,0
158,52,1
158,152,1
158,162,0
158,33,1
158,1,0
158,90,0
158,64,0
158,116,0
158,28,0
158,2,0
158,196,0
158,180,0
158,37,1
158,24,0
158,122,1
158,38,0
158,27,0
158,177,0
158,166,0
158,148,0
158,84,0
158,63,1
158,12,0
158,159,1
158,182,0
158,109,0
158,99,0
158,154,0
158,126,1
158,124,1
158,146,0
158,149,1
158,58,0
158,144,0
158,111,1
158,14,0
159,111,0
159,37,0
159,14,0
159,77,1
159,12,0
159,108,0
159,89,0
159,65,1
159,3,0
159,106,1
159,194,0
159,163,0
159,114,0
159,0,0
159,97,0
159,50,0
159,5,1
159,115,1
159,153,1
159,51,1
159,90,1
159,23,1
159,72,0
159,105,0
159,148,0
159,36,0
159,80,0
159,123,0
159,29,1
160,4,0
160,126,1
160,22,1
160,80,0
160,1,1
160,155,0
160,178,0
160,132,1
160,79,0
160,15,1
160,20,1
160,149,0
160,28,1
160,70,0
160,122,0
160,117,1
160,195,0
160,197,0
160,130,1
160,83,0
160,108,0
160,2,1
160,36,0
160,109,0
160,181,1
160,82,0
160,174,1
160,160,0
160,167,1
160,55,1
160,93,0
160,0,1
160,142,1
160,63,0
160,23,0
160,50,0
160,139,0
160,32,0
160,51,1
160,31,1
160,165,0
160,49,0
160,102,0
160,162,1
160,19,0
160,54,0
161,74,1
161,121,0
161,17,0
161,198,0
161,26,0
161,67,1
161,192,0
161,187,0
161,111,1
161,35,0
161,103,0
161,169,0
161,1,0
161,36,0
161,149,1
161,19,1
161,113,1
161,124,1
161,61,0
161,170,0
161,37,0
161,70,0
161,137,0
161,144,0
161,33,0
161,147,0
161,162,0
161,49,0
161,98,0
161,100,0
161,194,1
161,146,0
161,28,0
161,47,0
161,158,0
161,0,0
161,8,0
161,142,0
161,42,0
161,60,1
161,9,0
161,52,0
162,191,0
162,60,1
162,55,0
162,170,0
162,136,0
162,166,0
162,167,0
162,185,0
162,151,0
162,82,1
162,193,0
162,101,0
162,12,0
162,102,1
162,29,1
162,47,0
162,64,0
162,169,0
162,61,0
162,15,0
162,171,0
162,79,1
163,96,0
163,186,0
163,142,0
163,175,0
163,88,0
163,4,0
163,195,0
163,31,0
163,117,0
163,131,0
163,119,0
163,70,0
163,152,0
163,130,0
163,99,0
163,180,0
163,193,1
163,44,0
163,29,0
163,177,0
163,101,1
163,84,1
163,62,1
163,159,1
163,171,1
163,162,1
163,13,0
163,78,0
163,39,1
163,73,1
163,33,1
163,179,1
163,156,1
163,87,1
163,58,0
163,89,0
163,68,1
163,161,0
163,123,0
163,23,1
163,143,0
163,153,1
163,132,0
163,158,1
163,50,0
163,176,1
163,40,1
164,84,0
164,68,0
164,31,0
164,46,1
164,49,1
164,26,1
164,61,1
164,174,0
164,24,0
164,73,0
164,117,0
164,181,0
164,21,1
164,37,1
164,159,1
164,58,1
164,20,0
164,1,0
164,112,0
164,27,0
164,199,1
164,11,0
164,107,0
164,179,0
164,148,0
164,118,1
164,48,0
164,110,1
165,198,0
165,170,1
165,14,1
165,111,0
165,62,0
165,22,0
165,77,1
165,106,1
165,8,0
165,144,1
165,125,1
165,46,0
165,26,1
165,191,1
165,114,1
165,9,0
165,28,0
165,158,0
165,135,0
165,188,1
165,44,1
165,38,1
165,166,1
165,82,0
165,80,0
165,112,0
165,177,1
165,70,0
165,197,1
165,81,0
165,95,0
165,146,0
165,7,0
165,195,0
166,23,0
166,121,0
166,78,0
166,46,1
166,62,0
166,141,0
166,8,0
166,44,1
166,51,1
166,152,1
166,53,1
166,127,1
166,9,0
166,188,1
166,151,0
166,176,0
166,116,0
166,11,0
166,136,1
166,70,1
166,107,0
166,175,0
166,174,0
166,167,1
166,29,1
166,33,0
166,79,1
166,103,1
166,145,0
166,157,0
166,45,1
167,74,0
167,185,1
167,47,0
167,45,1
167,94,0
167,75,1
167,146,0
167,9,0
167,152,0
167,72,1
167,188,0
167,140,0
167,162,0
167,79,0
167,101,0
167,142,0
167,136,0
167,118,0
167,97,1
167,108,0
167,129,0
168,102,0
168,177,0
168,94,0
168,159,0
168,2,1
168,198,1
168,44,0
168,33,1
168,96,0
168,43,1
168,188,0
168,58,0
168,157,0
168,21,0
168,172,0
168,124,0
168,178,0
168,40,1
168,134,1
168,89,0
169,127,1
169,10,0
169,32,0
169,111,0
169,130,1
169,194,0
169,57,1
169,5,1
169,35,0
169,103,0
169,198,0
169,181,0
169,62,0
169,13,1
169,50,1
169,146,0
169,95,0
169,51,0
169,170,0
169,162,1
169,182,0
169,71,1
169,69,0
169,6,1
170,86,0
170,158,0
170,186,1
170,124,0
170,66,0
170,141,1
170,60,0
170,132,1
170,36,1
170,190,1
170,139,1
170,123,0
170,145,1
170,161,0
170,42,1
170,181,0
170,178,1
170,126,0
170,7,1
170,140,0
171,118,1
171,108,0
171,188,0
171,102,1
171,31,1
171,148,0
171,114,0
171,159,1
171,30,1
171,122,0
171,47,1
171,13,0
171,28,1
171,51,1
171,127,0
171,130,0
171,110,0
171,58,0
171,87,1
171,171,1
171,3,0
171,104,1
171,40,0
171,6,0
171,173,0
171,0,0
172,20,0
172,133,0
172,25,0
172,109,1
172,183,0
172,186,0
172,72,0
172,144,0
172,43,1
172,162,1
172,138,1
172,80,0
172,8,0
172,170,0
172,93,1
172,180,0
172,49,0
172,117,0
172,123,1
172,28,1
172,195,1
172,126,1
172,84,0
172,30,1
172,37,0
172,63,0
172,145,1
172,131,1
172,71,1
172,142,0
172,61,0
172,58,1
173,157,0
173,180,1
173,143,0
173,67,0
173,83,1
173,46,0
173,82,0
173,98,0
173,173,1
173,10,0
173,9,0
173,38,0
173,129,0
173,2,0
173,137,1
173,87,1
173,5,1
173,79,1
173,73,0
173,140,0
173,106,1
173,125,1
173,11,1
173,120,0
173,198,0
173,47,0
173,182,0
173,16,0
173,36,0
173,26,0
173,105,0
173,191,0
173,25,0
173,77,1
173,115,0
173,127,0
173,62,1
173,151,1
173,24,0
174,138,0
174,183,0
174,70,0
174,37,0
174,131,0
174,50,0
174,101,0
174,51,1
174,83,0
174,123,0
174,102,1
174,149,0
174,7,1
174,187,0
174,122,1
174,94,1
174,21,1
174,140,1
174,49,1
174,57,1
174,4,0
174,19,1
174,29,0
174,175,1
174,89,0
174,186,0
174,114,0
174,135,0
174,77,0
174,129,0
175,98,1
175,117,0
175,197,1
175,83,0
175,159,0
175,180,0
175,198,0
175,103,0
175,61,1
175,175,1
175,156,1
175,153,0
175,173,0
175,139,0
175,149,0
175,16,0
175,181,0
175,113,1
175,188,1
175,195,0
175,95,1
175,52,1
175,164,1
175,137,0
175,185,1
175,6,1
175,26,0
175,152,1
175,174,1
175,41,1
175,157,0
175,93,0
175,77,1
175,90,0
175,172,0
175,27,1
175,86,1
175,111,0
175,25,1
175,104,0
175,5,1
176,83,0
176,171,0
176,102,0
176,161,0
176,131,0
176,59,0
176,115,0
176,116,0
176,32,1
176,110,1
176,108,1
176,112,0
176,166,1
176,109,0
176,23,0
176,154,1
176,15,0
176,27,0
176,16,1
176,96,1
176,18,0
176,121,0
176,191,1
176,177,1
176,84,1
176,172,0
176,133,1
176,41,1
176,82,0
176,132,0
176,197,0
176,50,1
176,26,0
177,119,0
177,154,1
177,181,1
177,25,0
177,120,0
177,67,0
177,31,0
177,42,1
177,145,0
177,153,0
177,199,0
177,49,0
177,11,0
177,64,1
177,0,0
177,185,0
177,180,1
177,116,1
177,1,1
177,171,1
177,148,1
177,32,0
177,36,0
177,155,1
178,71,0
178,169,0
178,135,0
178,120,0
178,116,1
178,84,0
178,61,0
178,9,0
178,18,1
178,35,0
178,26,1
178,28,0
178,39,0
178,148,0
178,191,1
178,37,1
178,81,0
178,93,1
178,141,0
178,154,1
178,173,0
178,0,0
178,107,0
178,98,0
178,79,1
178,125,1
178,132,0
178,115,0
178,94,0
178,5,1
178,128,1
178,198,0
178,142,0
178,150,1
178,187,0
178,130,1
178,158,0
178,123,1
178,190,0
178,51,0
178,175,1
178,153,1
178,180,1
178,101,0
178,183,1
178,166,0
179,126,1
179,118,0
179,196,1
179,144,0
179,44,0
179,119,0
179,10,1
179,143,1
179,115,1
179,61,0
179,145,0
179,168,0
179,103,1
179,29,0
179,8,0
179,116,1
179,87,0
179,66,1
179,97,0
179,135,1
179,186,1
179,60,0
179,55,1
179,21,1
179,190,1
180,124,0
180,80,1
180,163,0
180,28,1
180,51,0
180,192,0
180,47,0
180,176,0
180,4,0
180,96,1
180,79,1
180,46,0
180,164,0
180,174,0
180,180,0
180,76,0
180,117,0
180,148,0
180,26,0
180,36,1
180,105,0
180,16,0
180,55,0
180,87,1
180,149,0
180,175,0
180,67,0
180,185,0
180,23,0
180,171,1
180,194,0
180,134,0
180,44,1
180,141,1
180,5,0
180,74,1
180,71,0
180,72,0
180,49,0
180,32,1
180,31,1
181,98,1
181,24,1
181,117,0
181,189,1
181,191,0
181,32,0
181,192,0
181,186,0
181,49,0
181,31,0
181,50,1
181,177,1
181,153,1
181,100,1
181,158,0
181,178,1
181,110,0
181,173,1
181,161,1
181,105,0
181,47,0
181,48,1
181,106,1
181,154,0
181,79,0
181,2,0
181,196,0
181,13,0
181,166,0
181,120,0
181,155,0
181,9,0
181,142,0
181,183,0
181,194,0
181,72,0
181,123,1
181,187,0
181,15,0
181,62,0
181,195,1
181,182,0
182,120,0
182,174,1
182,117,0
182,182,0
182,41,0
182,127,1
182,30,0
182,185,0
182,92,0
182,145,0
182,90,1
182,112,0
182,151,1
182,31,1
182,14,1
182,100,0
182,82,0
182,179,0
182,172,0
182,186,1
182,107,1
182,116,1
182,6,0
182,61,1
182,165,0
182,190,0
182,15,1
182,184,0
182,91,1
182,34,0
182,19,0
182,79,0
182,193,1
182,55,1
182,183,0
182,129,1
182,199,1
182,168,0
182,1,1
182,7,0
182,115,1
182,64,1
182,187,1
182,36,1
182,51,0
182,86,0
182,163,0
182,32,0
182,85,0
182,83,0
183,199,0
183,1,0
183,166,1
183,143,0
183,27,1
183,157,0
183,50,0
183,122,0
183,42,0
183,7,0
183,90,0
183,116,0
183,97,0
183,188,1
183,69,0
183,163,0
183,77,0
183,13,0
183,165,0
183,45,1
183,192,0
183,140,0
183,25,1
183,126,0
183,55,1
183,63,0
184,56,1
184,118,1
184,123,0
184,122,1
184,186,0
184,5,0
184,61,1
184,111,0
184,18,0
184,136,1
184,83,1
184,164,1
184,8,0
184,109,0
184,35,0
184,154,0
184,113,0
184,4,0
184,89,1
184,196,0
184,23,0
184,22,1
184,146,0
184,193,1
184,74,0
184,6,0
184,55,0
184,14,0
184,114,0
184,20,0
184,170,1
184,112,0
184,40,0
185,29,0
185,125,0
185,129,0
185,196,0
185,14,0
185,178,1
185,31,0
185,0,0
185,64,1
185,84,0
185,163,0
185,176,1
185,136,1
185,21,0
185,144,1
185,95,0
185,151,0
185,192,0
185,40,0
185,63,1
185,188,0
185,43,0
185,102,0
185,193,0
185,141,0
185,140,0
185,157,0
185,117,0
185,101,0
185,154,0
185,181,1
185,105,0
185,104,0
185,175,1
185,96,0
185,69,0
185,115,1
185,88,0
186,159,0
186,138,1
186,62,0
186,124,0
186,83,0
186,132,1
186,22,1
186,91,1
186,152,1
186,19,0
186,166,0
186,63,0
186,117,0
186,72,0
186,93,0
186,15,0
186,1,1
186,197,0
186,86,0
186,151,0
186,146,1
186,160,0
186,164,1
186,5,0
186,77,0
186,185,0
186,128,0
186,192,1
186,16,1
186,171,0
187,57,1
187,75,0
187,147,0
187,7,0
187,155,0
187,153,1
187,62,0
187,97,1
187,96,0
187,149,1
187,197,1
187,91,0
187,126,0
187,5,0
187,51,0
187,107,0
187,140,0
187,139,0
187,123,1
187,9,0
187,131,0
187,136,0
187,162,0
187,92,0
187,113,0
187,109,1
188,162,0
188,90,1
188,75,0
188,79,1
188,6,0
188,127,0
188,3,0
188,184,0
188,199,1
188,168,0
188,185,0
188,161,0
188,158,1
188,85,1
188,27,0
188,178,1
188,32,0
188,56,1
188,112,0
188,33,1
188,80,0
188,180,0
188,170,0
188,129,1
188,50,1
188,91,0
188,28,0
188,48,0
188,171,0
188,155,1
188,36,1
188,46,0
188,88,0
188,105,0
189,131,0
189,132,1
189,119,1
189,15,1
189,97,0
189,175,0
189,64,0
189,58,1
189,159,1
189,84,0
189,130,0
189,76,0
189,55,0
189,54,0
189,157,1
189,174,0
189,53,1
189,155,0
189,33,1
189,49,0
190,37,1
190,159,1
190,62,0
190,173,1
190,11,0
190,119,0
190,129,0
190,136,0
190,197,0
190,112,0
190,88,1
190,152,1
190,145,0
190,58,0
190,186,0
190,149,1
190,104,0
190,102,0
190,188,0
190,6,1
190,167,0
190,52,1
190,172,0
190,127,1
190,192,0
190,17,1
190,187,1
190,196,0
190,135,0
190,168,0
190,144,1
190,153,0
190,40,0
190,111,0
190,190,0
190,169,0
190,13,0
190,31,1
190,195,0
190,65,1
190,83,0
190,96,0
190,147,0
190,61,0
190,124,0
190,21,0
190,163,0
190,36,0
190,121,1
191,121,1
191,129,0
191,76,0
191,81,0
191,198,0
191,99,0
191,125,0
191,118,0
191,106,0
191,71,1
191,0,0
191,178,1
191,35,0
191,54,1
191,77,0
191,146,0
191,172,1
191,68,1
191,102,0
191,107,0
191,24,0
191,166,0
191,95,0
191,163,1
191,176,0
191,33,0
191,160,1
191,162,1
191,31,1
191,59,1
191,84,1
191,13,0
191,131,0
191,192,0
191,87,0
191,196,0
191,137,0
191,64,0
191,155,0
191,6,0
191,123,1
191,138,0
191,105,0
191,55,1
191,62,1
191,180,0
191,23,1
191,20,1
191,126,0
191,100,0
192,56,1
192,182,0
192,124,0
192,87,1
192,190,0
192,69,1
192,21,0
192,160,0
192,180,0
192,169,0
192,184,1
192,179,0
192,51,0
192,111,1
192,90,1
192,129,0
192,70,0
192,27,0
192,73,0
192,99,0
192,183,1
192,23,0
192,130,0
192,95,0
192,67,1
192,53,0
192,195,0
192,4,0
192,127,0
192,112,0
192,163,0
192,192,1
192,159,0
192,156,0
192,161,0
192,116,1
192,168,0
192,134,1
192,103,0
192,118,0
192,133,0
192,7,0
192,154,0
193,135,1
193,132,0
193,68,0
193,145,0
193,27,1
193,125,0
193,34,1
193,73,0
193,191,0
193,53,0
193,190,1
193,193,1
193,87,0
193,152,1
193,136,0
193,178,1
193,56,1
193,119,0
193,65,0
193,177,0
193,138,0
193,6,1
193,37,0
193,141,0
193,116,0
193,13,1
193,121,1
193,50,0
193,49,0
193,69,0
193,72,0
193,185,0
193,96,0
193,122,0
193,194,1
193,155,0
193,188,0
193,104,0
193,67,0
193,62,0
193,76,0
193,61,1
194,78,0
194,99,0
194,0,0
194,15,0
194,90,0
194,130,1
194,50,0
194,86,1
194,193,0
194,3,0
194,73,1
194,53,0
194,5,0
194,72,1
194,176,0
194,158,0
194,173,0
194,141,1
194,77,0
194,116,1
194,55,0
194,177,1
194,2,0
194,160,0
194,178,1
194,100,1
194,14,1
194,34,0
195,121,1
195,80,0
195,12,1
195,146,1
195,128,0
195,137,0
195,131,0
195,57,0
195,13,0
195,27,0
195,43,0
195,52,1
195,19,1
195,54,0
195,92,0
195,171,0
195,20,1
195,113,1
195,39,0
195,34,0
195,68,0
195,9,0
195,70,0
195,78,0
195,105,1
195,191,1
195,36,0
195,62,0
195,122,1
195,162,1
195,157,0
195,32,1
196,115,0
196,167,0
196,181,0
196,195,0
196,12,0
196,140,0
196,107,0
196,15,0
196,173,0
196,67,0
196,177,1
196,108,0
196,58,0
196,186,1
196,98,1
196,153,0
196,84,0
196,164,1
196,151,1
196,46,0
196,56,0
196,163,1
196,157,0
196,22,0
196,178,0
196,134,1
197,46,1
197,17,0
197,176,0
197,131,0
197,166,1
197,72,1
197,190,0
197,128,0
197,28,1
197,20,0
197,99,0
197,162,1
197,36,1
197,58,0
197,31,0
197,84,1
197,156,0
197,137,0
197,169,0
197,160,1
197,23,0
197,142,0
197,60,1
197,74,1
197,53,0
197,116,0
197,65,0
197,94,1
197,35,1
197,78,0
197,125,1
197,154,0
197,118,1
197,56,0
197,30,0
197,79,1
197,90,0
197,123,1
197,140,0
197,19,0
197,11,0
197,98,0
197,96,1
197,54,0
197,63,1
197,146,0
198,55,0
198,9,0
198,85,0
198,78,0
198,126,0
198,7,0
198,79,0
198,128,1
198,109,0
198,160,1
198,108,0
198,176,0
198,15,0
198,153,0
198,5,0
198,56,0
198,10,0
198,22,0
198,136,1
198,88,0
198,158,0
198,24,0
198,106,0
198,34,0
198,29,1
198,150,0
198,175,0
198,111,0
198,161,0
198,97,0
198,112,0
198,11,0
198,163,0
198,140,0
198,72,1
198,50,0
198,180,0
198,138,1
198,66,1
198,47,1
198,178,0
198,105,0
198,101,0
198,192,1
198,49,0
199,129,0
199,134,1
199,127,0
199,68,0
199,59,1
199,173,0
199,2,0
199,57,1
199,87,0
199,65,0
199,41,0
199,69,0
199,128,0
199,113,0
199,8,0
199,121,0
199,174,0
199,136,0
199,3,1
199,90,0
199,37,0
199,33,1
200,4,0
200,71,0
200,84,1
200,96,0
200,107,1
200,78,0
200,199,0
200,181,0
200,116,0
200,149,0
200,76,0
200,73,1
200,168,1
200,176,0
200,19,1
200,25,0
200,195,0
200,1,0
200,74,1
200,126,1
200,32,0
200,47,1
200,50,0
200,125,0
200,40,0
200,146,0
200,114,0
200,91,1
200,112,0
200,153,0
200,123,0
200,147,0
200,186,0
200,9,0
200,46,0
200,122,1
200,164,0
200,152,1
200,54,1
200,188,0
200,55,0
200,106,1
200,120,0
200,29,0
201,12,0
201,156,1
201,185,1
201,55,1
201,188,0
201,68,1
201,79,0
201,187,1
201,120,0
201,35,1
201,9,0
201,75,0
201,41,1
201,171,0
201,89,1
201,95,0
201,122,1
201,164,1
201,195,0
201,83,0
201,30,0
201,160,0
201,58,0
201,44,0
201,198,0
201,137,1
202,28,1
202,18,0
202,168,0
202,63,0
202,32,1
202,128,0
202,145,0
202,50,0
202,129,0
202,21,0
202,29,0
202,159,0
202,180,0
202,56,0
202,186,0
202,133,0
202,16,0
202,125,0
202,24,0
202,57,1
202,69,0
202,5,0
202,27,0
202,190,0
202,117,0
202,77,0
202,143,0
202,93,0
202,66,0
203,76,0
203,158,1
203,14,0
203,129,1
203,179,0
203,173,1
203,24,1
203,48,1
203,47,0
203,52,0
203,176,1
203,29,0
203,16,1
203,182,0
203,181,0
203,161,0
203,69,0
203,73,1
203,99,1
203,50,1
204,61,0
204,181,0
204,27,0
204,105,0
204,8,0
204,46,1
204,161,1
204,21,0
204,115,1
204,58,0
204,170,0
204,72,0
204,52,0
204,12,0
204,196,0
204,34,0
204,102,0
204,94,0
204,111,0
204,77,1
204,123,0
205,127,1
205,115,1
205,136,0
205,65,0
205,35,0
205,77,0
205,51,1
205,155,1
205,166,0
205,57,1
205,141,0
205,79,1
205,58,0
205,143,0
205,170,0
205,68,0
205,76,1
205,112,0
205,197,0
205,61,1
205,113,1
205,99,0
205,11,0
205,19,1
205,135,0
205,145,0
205,55,0
205,50,1
205,98,0
205,122,1
205,157,0
205,87,1
205,167,0
205,158,0
205,47,0
205,7,1
205,196,0
205,130,0
205,110,1
205,94,1
205,6,1
205,86,1
205,67,0
205,22,0
206,64,1
206,164,0
206,73,1
206,70,0
206,63,1
206,119,0
206,156,0
206,147,1
206,120,0
206,62,1
206,75,0
206,74,1
206,155,0
206,46,0
206,149,0
206,125,0
206,52,1
206,144,0
206,182,0
206,26,0
206,84,0
206,124,0
206,176,1
206,98,1
206,101,0
206,95,0
206,195,1
206,45,0
206,181,1
206,92,0
206,141,0
206,177,0
206,118,1
206,97,0
206,54,1
206,56,1
206,169,0
206,55,0
206,190,1
206,138,0
206,21,1
206,168,0
206,83,1
206,41,0
206,86,0
206,189,0
206,105,0
206,91,1
206,38,1
206,150,0
207,0,1
207,51,1
207,94,0
207,158,0
207,176,1
207,156,1
207,69,0
207,71,1
207,97,1
207,151,0
207,76,0
207,173,0
207,171,0
207,121,1
207,27,1
207,194,0
207,135,1
207,44,0
207,130,0
207,118,0
207,50,1
207,180,0
208,4,0
208,158,0
208,179,1
208,61,1
208,49,0
208,107,0
208,182,0
208,150,1
208,124,0
208,146,0
208,23,1
208,196,0
208,188,0
208,134,0
208,83,0
208,155,1
208,59,0
208,198,0
208,70,0
208,18,0
208,185,1
208,125,0
208,176,0
208,67,1
208,143,1
208,103,0
208,31,0
208,163,0
208,32,0
208,89,1
208,6,0
208,154,1
208,142,0
208,127,1
208,152,1
209,73,0
209,64,0
209,191,1
209,88,0
209,110,0
209,149,0
209,8,1
209,36,1
209,148,0
209,33,1
209,125,0
209,94,1
209,128,0
209,83,0
209,49,0
209,137,0
209,59,0
209,173,0
209,107,0
209,66,1
209,13,1
209,82,0
209,119,0
209,134,1
209,65,0
210,196,1
210,189,1
210,143,1
210,22,1
210,51,1
210,162,0
210,115,0
210,176,0
210,78,1
210,104,0
210,155,0
210,182,1
210,7,1
210,116,1
210,3,1
210,114,1
210,170,0
210,53,0
210,192,0
210,1,1
210,95,0
210,124,0
210,127,0
210,190,0
210,43,1
210,92,0
210,130,0
210,171,0
210,158,1
210,65,0
210,128,0
210,90,0
210,55,0
210,113,0
210,135,0
210,144,1
210,23,1
210,28,0
210,32,0
210,93,1
210,120,0
210,27,1
210,6,1
211,144,0
211,190,1
211,18,0
211,43,0
211,102,1
211,147,1
211,17,1
211,25,0
211,192,1
211,86,0
211,131,0
211,76,1
211,126,1
211,97,0
211,117,1
211,196,0
211,171,1
211,88,0
211,54,0
211,105,0
211,59,1
211,12,0
211,30,1
211,129,0
211,191,0
211,121,0
211,9,0
211,111,0
211,130,0
211,188,0
211,41,1
211,141,0
211,24,1
211,168,1
211,72,1
211,93,1
211,156,0
211,160,1
212,162,0
212,199,0
212,140,0
212,30,1
212,124,1
212,135,0
212,172,0
212,59,1
212,166,1
212,7,0
212,72,0
212,31,1
212,110,1
212,41,0
212,106,1
212,34,1
212,195,0
212,128,1
212,156,1
212,11,0
212,20,0
212,189,1
212,1,1
212,17,1
212,95,1
212,112,1
212,102,0
212,167,0
212,113,1
212,111,1
212,114,0
212,149,0
212,151,0
212,79,0
212,22,0
212,77,0
212,197,1
212,23,0
212,190,0
212,161,1
212,144,0
212,26,1
212,141,0
212,49,0
212,173,1
212,51,1
212,178,0
213,86,1
213,193,0
213,192,1
213,82,0
213,152,1
213,181,0
213,53,0
213,173,0
213,5,1
213,39,0
213,55,0
213,34,1
213,161,0
213,35,1
213,127,1
213,134,1
213,14,0
213,8,0
213,99,0
213,44,0
213,130,1
213,180,0
213,144,0
213,148,0
213,2,0
213,1,0
213,133,1
213,29,0
213,96,1
213,156,0
213,23,1
213,190,1
213,155,0
213,124,0
213,66,1
213,145,0
213,129,0
213,143,0
213,149,0
213,175,0
213,95,0
213,120,0
213,196,0
213,42,1
213,80,1
213,4,1
214,35,0
214,173,1
214,161,0
214,154,0
214,78,0
214,126,0
214,106,0
214,115,0
214,184,0
214,103,0
214,16,0
214,45,0
214,30,0
214,104,1
214,120,0
214,164,1
214,100,0
214,113,0
214,61,1
214,150,0
214,43,1
214,143,0
214,107,0
214,46,1
214,153,0
214,98,1
214,156,0
214,38,0
214,22,0
214,18,0
214,20,0
214,129,1
214,28,0
214,85,0
214,31,0
215,145,0
215,30,0
215,164,0
215,165,0
215,106,0
215,111,1
215,75,1
215,46,0
215,10,0
215,126,0
215,84,0
215,112,1
215,185,0
215,157,1
215,128,0
215,94,0
215,54,1
215,154,0
215,190,1
215,159,1
215,191,1
215,198,0
215,13,0
215,158,0
215,87,1
215,14,0
215,137,0
215,133,0
215,2,1
216,134,0
216,67,1
216,171,0
216,76,0
216,136,1
216,183,0
216,106,0
216,90,0
216,133,0
216,91,0
216,168,0
216,53,0
216,108,0
216,143,1
216,181,1
216,32,0
216,20,0
216,104,0
216,180,0
216,92,0
216,189,1
216,28,0
216,2,0
216,10,0
216,151,0
216,58,0
216,112,0
216,85,1
216,159,1
216,21,0
216,26,1
216,40,0
216,137,1
216,79,0
216,156,0
216,48,0
216,164,0
216,81,1
216,155,0
216,16,1
216,148,1
216,43,0
216,174,1
216,68,1
216,185,1
216,45,0
217,109,0
217,39,0
217,169,0
217,74,1
217,41,1
217,197,0
217,114,0
217,142,1
217,140,0
217,35,1
217,77,0
217,42,1
217,24,0
217,92,0
217,33,1
217,124,0
217,21,0
217,165,0
217,120,0
217,88,1
217,195,0
217,45,0
217,181,0
217,38,0
217,11,0
217,134,0
217,146,1
217,67,1
217,176,0
217,153,0
217,28,0
217,72,0
217,179,0
217,23,0
217,192,0
217,168,0
217,154,1
218,48,0
218,179,1
218,2,1
218,58,0
218,67,1
218,24,0
218,11,0
218,49,0
218,27,0
218,91,1
218,126,1
218,33,0
218,59,0
218,89,1
218,34,0
218,153,0
218,149,0
218,92,0
218,151,0
218,167,0
218,177,1
218,156,1
218,141,0
218,194,0
218,94,0
218,21,0
218,158,1
218,171,0
218,19,0
218,60,1
218,55,1
218,114,0
218,157,0
218,88,1
218,81,1
218,180,1
218,8,0
218,15,0
218,25,0
218,130,0
218,65,1
218,51,0
218,170,0
218,183,1
218,123,0
218,72,0
219,106,0
219,86,0
219,91,1
219,25,0
219,166,1
219,127,1
219,121,0
219,70,0
219,89,1
219,92,1
219,44,0
219,134,0
219,3,0
219,58,1
219,49,0
219,5,1
219,80,0
219,62,0
219,83,1
219,116,1
219,28,0
219,45,0
219,29,1
219,35,1
219,48,0
219,102,0
219,21,1
219,170,1
219,4,1
219,118,1
219,7,1
220,94,1
220,98,0
220,55,0
220,145,1
220,41,0
220,126,0
220,30,0
220,192,0
220,116,1
220,169,0
220,172,1
220,124,1
220,121,0
220,54,0
220,143,0
220,79,1
220,17,0
220,45,0
220,144,0
220,81,0
220,123,0
220,110,0
220,48,0
220,134,0
220,159,0
220,190,0
220,118,1
220,83,0
220,28,0
221,174,0
221,11,1
221,34,0
221,97,0
221,138,0
221,92,1
221,194,0
221,19,1
221,74,1
221,112,0
221,100,0
221,10,0
221,23,0
221,148,0
221,140,0
221,168,1
221,169,0
221,73,1
221,157,0
221,24,0
221,188,0
221,33,0
221,119,0
221,80,0
221,107,0
221,115,0
221,40,0
221,105,0
221,72,1
221,42,0
221,141,0
221,186,0
221,156,1
221,28,0
221,101,1
221,83,0
221,199,0
221,15,0
221,18,1
221,71,1
221,143,1
221,120,0
221,116,0
221,13,0
221,172,1
221,150,0
221,198,0
221,49,0
222,189,1
222,191,0
222,90,1
222,32,1
222,70,0
222,175,0
222,91,0
222,49,1
222,35,0
222,115,0
222,76,0
222,119,1
222,176,0
222,111,0
222,134,0
222,20,0
222,60,0
222,165,1
222,133,1
222,170,0
222,37,1
222,138,0
222,183,0
222,181,0
222,164,0
222,104,0
222,77,1
222,172,0
222,23,0
222,94,1
222,15,1
222,0,0
222,86,0
222,74,1
222,80,0
222,17,0
222,161,0
222,24,1
222,16,1
222,160,0
222,157,0
222,125,0
222,186,0
222,154,1
222,190,1
222,64,0
222,193,0
223,4,0
223,78,0
223,197,0
223,116,1
223,62,0
223,56,1
223,37,1
223,50,1
223,9,0
223,153,1
223,123,0
223,31,0
223,90,0
223,80,1
223,173,1
223,20,1
223,45,0
223,146,1
223,160,0
223,89,1
223,81,1
223,51,0
223,185,0
223,110,0
223,28,1
223,75,0
223,184,0
223,199,0
223,13,0
223,96,0
224,68,0
224,103,0
224,99,1
224,137,0
224,192,1
224,176,1
224,77,0
224,193,1
224,12,0
224,106,1
224,89,0
224,198,0
224,25,1
224,29,1
224,79,1
224,118,1
224,140,1
224,41,1
224,159,0
224,191,1
224,134,1
224,4,0
224,165,1
224,197,1
224,40,0
224,133,0
224,86,0
224,52,1
224,186,0
224,56,0
224,139,0
224,117,0
224,93,0
224,169,0
224,72,0
224,15,0
224,67,1
224,54,0
224,36,1
224,61,1
224,147,0
224,113,0
224,44,0
224,152,0
224,109,1
224,42,1
224,145,0
225,40,0
225,163,0
225,6,0
225,104,0
225,16,1
225,11,0
225,152,0
225,60,1
225,24,0
225,101,1
225,131,0
225,80,1
225,113,0
225,140,0
225,155,0
225,18,0
225,175,1
225,21,1
225,14,1
225,150,0
225,172,1
225,27,0
225,44,0
225,72,0
225,112,1
225,183,0
225,193,1
225,22,1
225,138,1
225,35,1
225,75,1
225,127,1
225,125,0
225,4,0
225,191,1
225,92,1
226,178,1
226,10,0
226,134,1
226,157,1
226,73,0
226,131,1
226,193,1
226,12,0
226,160,0
226,112,0
226,132,1
226,84,0
226,82,0
226,109,1
226,173,0
226,184,0
226,158,1
226,197,0
226,149,0
226,6,0
226,188,0
226,133,0
226,35,0
226,117,1
226,88,0
226,26,0
226,68,1
226,64,0
226,51,0
226,148,0
226,48,0
226,175,1
226,111,1
226,168,0
226,172,0
226,50,0
226,31,0
226,63,0
227,40,1
227,166,1
227,163,0
227,159,0
227,25,1
227,133,0
227,131,0
227,153,1
227,112,0
227,78,0
227,19,1
227,9,1
227,4,1
227,188,0
227,42,1
227,186,0
227,38,0
227,192,0
227,150,0
227,44,0
227,71,1
227,135,0
227,62,1
227,23,1
227,87,0
227,55,0
227,141,1
227,197,0
227,134,0
227,46,1
227,104,0
227,37,1
228,186,0
228,118,0
228,146,0
228,173,1
228,8,0
228,198,1
228,18,0
228,99,0
228,71,0
228,179,0
228,38,1
228,36,0
228,33,0
228,37,0
228,180,1
228,109,0
228,135,1
228,100,0
228,43,0
228,130,0
228,129,0
229,89,0
229,93,0
229,104,0
229,92,0
229,74,0
229,97,0
229,2,0
229,156,1
229,199,0
229,70,1
229,20,0
229,157,1
229,33,0
229,28,1
229,84,0
229,164,1
229,72,1
229,94,0
229,153,0
229,77,0
229,120,0
229,134,0
229,125,1
229,115,0
229,114,0
229,44,0
229,99,0
229,178,1
229,113,1
229,103,0
229,140,0
229,3,1
229,123,1
229,32,1
229,65,0
229,53,0
229,90,1
229,166,0
229,168,1
229,75,1
229,191,1
229,148,0
230,124,1
230,0,0
230,18,1
230,105,1
230,77,1
230,110,1
230,48,0
230,146,1
230,80,0
230,194,1
230,196,0
230,130,0
230,152,0
230,142,1
230,147,1
230,93,0
230,32,0
230,170,1
230,117,0
230,122,0
230,21,1
230,111,0
230,140,0
231,164,0
231,81,1
231,8,0
231,13,0
231,146,0
231,27,0
231,90,0
231,192,0
231,26,0
231,116,1
231,185,0
231,198,0
231,74,0
231,183,1
231,87,0
231,195,0
231,18,0
231,42,0
231,148,0
231,191,1
231,126,1
231,143,1
231,108,0
231,188,0
231,118,0
231,43,0
231,16,0
231,89,0
231,97,1
231,67,1
231,152,1
231,69,1
231,54,0
231,158,0
231,24,0
231,12,1
231,189,1
231,23,0
231,75,1
231,125,0
231,165,0
231,131,1
231,61,0
231,136,1
231,59,0
231,66,0
231,29,0
231,156,1
231,79,1
231,2,0
232,24,0
232,171,1
232,87,1
232,156,1
232,169,1
232,147,1
232,184,0
232,152,0
232,107,0
232,67,0
232,176,0
232,26,0
232,179,1
232,10,0
232,16,1
232,109,0
232,41,1
232,178,1
232,112,1
232,148,1
232,58,1
232,160,1
232,98,1
232,39,0
232,78,1
232,104,1
232,168,0
232,82,0
232,19,0
232,196,1
232,28,0
232,44,1
232,139,1
232,22,0
232,101,0
232,20,0
232,108,0
232,110,0
232,122,1
232,197,1
232,74,1
232,165,0
232,93,0
232,120,0
233,105,0
233,133,1
233,80,0
233,31,1
233,74,0
233,61,1
233,165,1
233,124,1
233,94,1
233,176,0
233,153,0
233,123,0
233,182,0
233,39,0
233,184,0
233,188,0
233,49,1
233,62,1
233,154,0
233,56,0
233,189,1
233,46,0
233,50,1
233,114,0
233,69,0
234,57,1
234,60,0
234,129,0
234,171,1
234,178,1
234,196,0
234,160,1
234,189,0
234,103,0
234,81,1
234,93,0
234,58,1
234,166,0
234,10,0
234,0,0
234,20,0
234,9,0
234,170,0
234,167,0
234,84,0
234,107,0
234,153,0
234,144,0
234,24,0
234,13,0
234,46,1
234,198,0
234,23,1
234,123,0
234,164,0
234,177,1
234,66,0
234,69,0
234,98,0
234,112,0
234,116,1
234,119,1
234,122,0
234,99,0
235,161,0
235,97,0
235,36,0
235,142,0
235,59,0
235,55,0
235,127,0
235,22,1
235,47,1
235,92,0
235,15,0
235,117,0
235,5,1
235,168,1
235,123,1
235,48,0
235,41,0
235,63,0
235,2,1
235,118,0
235,153,1
235,95,0
235,155,1
235,147,0
235,105,0
235,24,0
235,35,0
235,133,0
235,139,0
235,65,0
235,30,1
235,46,0
235,8,0
235,72,0
235,171,1
235,158,0
235,12,0
235,132,1
235,163,0
235,120,0
235,102,0
236,82,0
236,51,1
236,102,1
236,144,0
236,49,0
236,10,0
236,22,1
236,192,0
236,90,0
236,27,0
236,143,0
236,67,1
236,57,1
236,72,0
236,76,0
236,18,0
236,164,0
236,85,0
236,158,1
236,175,0
236,93,1
236,48,0
236,53,0
236,87,0
236,136,0
236,74,0
236,41,0
236,156,0
236,28,1
236,117,0
236,190,0
236,63,1
236,166,0
236,114,0
236,52,1
237,184,0
237,138,0
237,13,0
237,173,1
237,194,0
237,151,0
237,30,0
237,93,0
237,92,0
237,76,0
237,19,1
237,115,0
237,54,1
237,175,0
237,188,1
237,90,1
237,174,0
237,17,0
237,116,0
237,199,1
237,94,1
237,97,1
237,56,0
237,131,1
237,55,1
237,42,1
237,15,0
237,172,0
238,83,0
238,191,0
238,139,0
238,177,1
238,180,1
238,20,1
238,93,0
238,38,1
238,60,0
238,161,1
238,109,1
238,91,0
238,130,0
238,53,0
238,80,1
238,198,0
238,199,0
238,18,0
238,144,0
238,185,1
238,193,0
238,33,0
238,49,0
238,121,0
238,148,0
238,150,0
238,59,0
238,146,0
238,54,1
238,84,1
238,135,1
239,110,0
239,121,0
239,188,0
239,148,1
239,35,0
239,19,0
239,180,0
239,29,0
239,104,0
239,82,0
239,106,1
239,81,0
239,170,0
239,38,0
239,153,1
239,166,0
239,8,1
239,184,1
239,3,1
239,17,0
239,115,1
239,51,0
239,196,0
239,179,1
239,65,0
239,40,0
239,185,1
239,84,0
239,105,0
239,23,0
239,131,0
240,100,1
240,4,0
240,79,0
240,150,0
240,181,0
240,105,0
240,95,0
240,15,0
240,3,1
240,182,0
240,80,0
240,172,1
240,37,0
240,178,1
240,34,1
240,64,1
240,162,0
240,180,1
240,131,0
240,43,0
240,164,0
240,7,0
240,49,0
240,197,0
240,83,0
240,171,0
240,91,1
240,69,0
240,52,1
240,165,1
240,16,0
240,140,0
240,90,1
240,130,1
240,134,1
240,160,0
240,6,0
240,60,0
240,177,0
240,48,0
240,35,0
240,74,0
240,70,0
241,178,0
241,57,1
241,167,0
241,182,1
241,28,0
241,33,0
241,141,1
241,153,0
241,61,1
241,109,0
241,65,0
241,165,0
241,59,0
241,1,1
241,126,1
241,45,1
241,60,0
241,132,0
241,48,0
241,70,0
241,117,0
241,43,1
241,37,0
241,105,0
241,38,1
241,195,0
241,40,0
241,69,0
241,35,0
241,144,1
241,160,1
241,29,0
241,73,0
241,118,0
241,184,0
241,84,0
241,104,1
241,86,0
241,129,1
241,63,0
241,90,0
241,197,0
242,77,0
242,48,1
242,189,1
242,132,0
242,172,1
242,191,0
242,1,0
242,92,0
242,47,1
242,170,0
242,143,0
242,94,0
242,112,1
242,96,0
242,60,0
242,166,0
242,81,0
242,22,0
242,40,1
242,184,1
242,169,0
242,78,0
242,182,0
243,141,1
243,53,0
243,55,1
243,148,1
243,132,0
243,85,0
243,151,1
243,76,0
243,158,1
243,46,0
243,172,0
243,182,1
243,168,0
243,12,0
243,184,0
243,124,0
243,167,0
243,156,0
243,196,0
243,169,1
243,170,0
243,101,1
243,123,0
243,104,0
243,61,0
243,142,0
243,130,0
243,64,0
243,98,0
243,8,0
243,145,0
243,27,0
243,183,1
244,87,0
244,76,0
244,100,1
244,195,0
244,66,0
244,191,0
244,105,0
244,122,0
244,192,0
244,194,0
244,43,0
244,41,0
244,142,0
244,88,0
244,25,1
244,86,0
244,119,0
244,134,0
244,42,0
244,64,0
244,84,0
244,44,1
244,164,0
244,143,1
244,171,0
244,116,0
244,49,0
244,131,0
244,145,1
244,11,0
244,4,0
244,61,0
244,50,0
244,146,0
244,159,0
244,161,0
244,3,0
244,130,1
244,95,0
244,190,1
244,1,0
244,182,1
244,177,0
244,121,0
244,51,0
244,168,1
244,99,0
244,82,0
245,77,0
245,153,0
245,168,0
245,39,0
245,116,0
245,101,1
245,174,0
245,35,0
245,137,0
245,122,0
245,8,1
245,115,0
245,81,0
245,26,0
245,141,0
245,43,0
245,36,1
245,110,0
245,21,0
245,189,1
245,188,1
245,104,0
245,172,1
246,181,0
246,176,0
246,49,0
246,22,0
246,179,1
246,40,0
246,140,0
246,50,0
246,7,0
246,0,0
246,77,1
246,69,0
246,146,0
246,198,0
246,13,0
246,120,0
246,25,0
246,114,0
246,86,1
246,51,0
246,61,0
246,95,0
246,145,0
246,34,1
246,58,1
247,9,0
247,192,0
247,129,1
247,152,1
247,116,1
247,194,0
247,148,0
247,64,0
247,135,0
247,90,1
247,73,0
247,46,0
247,86,1
247,186,0
247,132,0
247,55,0
247,1,0
247,7,0
247,28,0
247,65,0
247,88,1
247,27,0
247,153,1
247,74,1
247,165,1
247,179,0
247,6,0
247,195,0
247,154,0
247,20,1
248,126,0
248,44,0
248,127,0
248,60,0
248,93,1
248,183,0
248,156,1
248,176,0
248,49,0
248,142,0
248,1,1
248,108,1
248,47,0
248,103,0
248,4,1
248,199,0
248,147,1
248,61,0
248,21,0
248,102,0
248,29,0
248,146,0
248,56,0
248,90,0
248,150,1
248,7,1
248,141,0
248,170,0
248,107,0
248,145,0
248,59,1
248,155,1
248,139,0
249,139,0
249,181,1
249,176,1
249,75,0
249,57,1
249,50,0
249,8,0
249,46,1
249,45,1
249,105,0
249,156,0
249,13,0
249,110,0
249,158,0
249,86,0
249,64,1
249,9,0
249,147,1
249,25,1
249,140,0
249,183,0
249,3,1
249,95,1
249,52,0
249,61,1
249,70,1
249,118,0
249,35,0
249,93,0
249,117,0
249,157,1
249,122,0
249,196,0
249,79,0
249,33,0
249,128,0
249,108,1
249,173,0
249,36,0
249,197,0
249,191,1
249,103,0
249,48,1
250,173,0
250,100,0
250,193,0
250,64,1
250,40,0
250,4,1
250,43,0
250,174,0
250,94,0
250,107,0
250,121,0
250,136,0
250,95,0
250,153,0
250,171,1
250,177,0
250,74,0
250,111,0
250,160,0
250,108,1
250,144,1
250,47,0
250,152,0
250,133,0
250,59,0
250,169,0
250,73,1
250,13,0
250,86,0
250,110,1
250,104,0
251,142,0
251,156,1
251,199,1
251,48,0
251,88,0
251,2,1
251,6,0
251,179,1
251,14,0
251,166,0
251,79,1
251,108,1
251,75,0
251,148,1
251,85,0
251,41,0
251,11,0
251,111,0
251,93,0
251,45,0
251,51,0
251,1,1
251,171,0
251,117,0
251,71,0
251,9,1
251,196,0
251,84,1
251,198,0
252,89,0
252,90,0
252,6,0
252,131,0
252,126,1
252,140,1
252,134,0
252,63,0
252,187,0
252,60,0
252,170,0
252,51,0
252,0,1
252,37,0
252,95,1
252,147,1
252,157,0
252,193,0
252,7,1
252,28,0
252,117,0
252,69,0
252,198,0
252,153,1
252,56,0
252,36,1
252,195,0
252,61,0
252,105,1
252,98,0
252,58,0
252,164,1
252,99,0
253,58,0
253,109,1
253,62,0
253,25,1
253,32,1
253,160,0
253,164,0
253,73,0
253,59,1
253,98,0
253,159,1
253,75,1
253,68,1
253,66,1
253,13,0
253,193,0
253,47,0
253,46,0
253,123,1
253,187,1
253,134,0
253,93,0
253,17,1
253,199,0
253,10,1
253,183,1
253,128,1
253,171,0
253,150,0
253,11,0
253,143,0
253,155,1
253,50,0
254,22,1
254,180,1
254,78,1
254,34,1
254,113,0
254,8,0
254,173,0
254,146,0
254,49,0
254,29,0
254,39,1
254,19,1
254,103,1
254,117,1
254,122,0
254,54,1
254,152,1
254,15,0
254,176,1
254,199,0
254,70,0
254,104,1
254,6,1
254,179,0
254,138,1
254,192,1
254,170,1
254,124,0
254,186,1
254,42,0
254,161,0
254,102,0
254,105,0
255,73,0
255,104,0
255,77,0
255,199,0
255,88,1
255,33,1
255,9,0
255,122,1
255,111,1
255,99,0
255,196,1
255,174,0
255,157,0
255,175,1
255,185,0
255,15,0
255,51,0
255,105,0
255,197,0
255,150,0
255,39,1
255,48,1
255,163,1
255,118,1
255,170,1
255,94,0
255,41,1
255,115,0
255,81,1
255,80,1
255,172,0
255,162,1
255,95,0
255,171,1
255,60,1
255,86,0
255,50,0
255,189,1
255,160,1
255,138,0
256,189,0
256,139,1
256,152,0
256,71,0
256,86,0
256,137,0
256,123,0
256,125,0
256,45,1
256,196,0
256,186,0
256,95,1
256,155,0
256,108,0
256,53,0
256,184,1
256,26,0
256,136,1
256,193,0
256,163,0
256,19,0
256,107,1
256,76,1
256,179,1
256,124,1
256,39,1
256,81,1
256,122,0
256,61,0
256,176,1
256,62,0
256,114,1
256,103,0
256,187,1
256,82,1
256,23,0
256,143,0
256,22,0
256,55,1
256,40,1
256,2,1
256,15,0
257,28,1
257,42,0
257,86,0
257,172,0
257,94,0
257,44,1
257,52,0
257,112,0
257,79,0
257,126,0
257,25,1
257,100,0
257,146,1
257,188,0
257,189,1
257,155,0
257,194,1
257,69,0
257,88,1
257,195,0
257,168,1
257,164,0
257,173,0
258,18,0
258,163,1
258,85,0
258,110,0
258,105,0
258,174,1
258,28,0
258,108,1
258,61,0
258,119,0
258,106,1
258,134,0
258,117,0
258,64,1
258,29,0
258,188,0
258,75,0
258,93,0
258,153,0
258,39,1
258,198,0
258,129,1
259,132,0
259,31,0
259,87,0
259,176,0
259,167,0
259,67,0
259,57,0
259,8,1
259,50,0
259,37,1
259,178,1
259,65,1
259,159,0
259,170,0
259,143,0
259,106,0
259,153,0
259,147,1
259,127,0
259,165,0
259,22,0
259,119,0
259,99,0
259,25,0
259,90,0
259,111,0
259,177,1
259,29,1
259,43,0
259,199,0
259,77,0
259,91,1
259,54,1
259,160,0
259,193,0
259,40,0
259,10,1
259,75,1
259,181,1
259,109,0
259,63,0
259,174,0
259,92,0
260,102,0
260,19,1
260,49,0
260,103,0
260,105,1
260,40,1
260,131,0
260,2,1
260,45,0
260,46,0
260,134,1
260,92,1
260,72,0
260,97,1
260,135,0
260,145,1
260,117,0
260,41,0
260,11,0
260,36,1
260,27,0
260,5,0
260,124,0
260,89,1
260,57,1
260,31,0
260,160,0
260,188,0
260,7,0
260,150,0
260,87,0
260,90,1
260,119,0
260,109,1
260,25,0
260,196,0
260,181,1
260,13,0
260,169,1
260,173,0
260,47,1
260,50,0
260,147,1
260,24,0
261,22,1
261,69,0
261,197,1
261,120,0
261,95,0
261,9,1
261,45,1
261,156,1
261,16,0
261,43,1
261,66,1
261,92,1
261,25,0
261,55,0
261,144,1
261,39,1
261,174,0
261,140,0
261,49,0
261,147,0
262,151,0
262,24,0
262,55,0
262,87,0
262,192,0
262,138,0
262,199,0
262,178,0
262,29,1
262,44,0
262,46,1
262,103,0
262,81,0
262,198,0
262,147,0
262,63,0
262,25,0
262,165,0
262,97,1
262,17,0
262,75,0
262,102,0
262,164,0
262,72,0
262,68,1
262,88,0
262,15,0
262,34,0
262,160,0
262,40,1
262,126,0
262,13,0
262,100,0
262,7,0
262,136,0
262,125,1
262,106,0
262,104,1
262,176,0
262,33,1
262,110,1
262,139,0
262,155,1
262,166,1
262,189,1
263,158,0
263,18,0
263,83,0
263,119,1
263,187,1
263,42,0
263,169,0
263,181,0
263,12,0
263,118,0
263,79,1
263,103,0
263,129,0
263,72,1
263,44,0
263,150,0
263,152,1
263,111,1
263,145,0
263,192,0
263,11,0
263,162,0
263,6,0
263,131,1
264,79,1
264,30,0
264,168,0
264,56,0
264,129,0
264,40,1
264,7,1
264,5,0
264,99,1
264,34,0
264,151,1
264,4,0
264,1,1
264,25,1
264,27,1
264,113,0
264,47,0
264,146,0
264,9,0
264,115,0
264,147,0
264,66,1
264,60,1
264,43,0
264,54,0
264,144,1
264,17,0
264,84,0
264,18,0
264,38,1
264,90,0
264,117,0
264,163,0
264,28,1
264,119,0
264,142,1
264,37,0
264,162,0
264,11,0
264,35,1
264,125,0
264,112,1
264,182,1
264,174,0
264,33,1
264,29,0
264,72,0
265,195,0
265,4,0
265,29,0
265,42,1
265,198,0
265,156,1
265,101,0
265,175,0
265,125,1
265,106,0
265,60,1
265,168,1
265,154,0
265,34,1
265,120,1
265,155,0
265,126,0
265,14,0
265,118,0
265,196,0
265,124,0
265,147,0
265,170,0
265,119,1
265,45,0
265,98,1
265,78,0
265,8,0
265,90,1
265,112,0
265,46,0
265,39,1
265,17,0
265,191,1
265,37,0
265,52,1
266,64,1
266,141,0
266,165,0
266,179,0
266,149,0
266,65,0
266,168,1
266,150,0
266,148,0
266,189,1
266,110,0
266,15,1
266,94,0
266,42,0
266,57,0
266,142,1
266,171,1
266,99,0
266,61,1
266,16,0
266,186,0
266,6,0
266,160,0
266,32,0
266,5,0
266,24,0
266,120,1
267,134,1
267,157,1
267,67,0
267,135,0
267,87,0
267,117,0
267,133,1
267,150,1
267,72,0
267,75,0
267,29,0
267,130,0
267,73,0
267,151,1
267,193,0
267,76,1
267,11,0
267,12,1
267,160,0
267,169,0
267,90,1
268,6,0
268,134,0
268,56,1
268,110,0
268,32,1
268,193,0
268,199,0
268,37,0
268,33,1
268,3,0
268,15,0
268,18,0
268,17,0
268,36,1
268,83,0
268,183,0
268,108,0
268,2,0
268,67,0
268,154,0
268,188,0
268,159,0
268,53,1
268,180,0
269,30,1
269,175,0
269,188,0
269,13,0
269,139,1
269,49,0
269,122,1
269,111,0
269,104,1
269,71,1
269,168,1
269,181,0
269,166,1
269,39,0
269,148,0
269,140,1
269,51,0
269,106,1
269,186,0
269,127,1
269,0,0
269,97,0
269,128,0
270,108,0
270,173,1
270,29,0
270,42,1
270,33,1
270,125,1
270,61,0
270,27,1
270,76,0
270,112,1
270,184,0
270,46,1
270,32,0
270,80,1
270,140,0
270,199,0
270,115,0
270,1,0
270,120,0
270,105,0
270,48,0
270,55,1
270,2,0
270,93,0
271,159,1
271,150,1
271,21,1
271,154,0
271,87,0
271,160,1
271,113,0
271,189,1
271,133,0
271,48,0
271,77,0
271,127,1
271,103,0
271,64,0
271,162,0
271,74,0
271,176,1
271,147,1
271,153,0
271,175,1
271,63,1
271,6,1
271,31,0
271,12,0
271,16,0
271,181,0
271,75,0
271,106,1
271,40,0
271,166,1
271,98,0
271,58,0
271,101,0
271,44,1
271,171,0
271,121,0
272,20,1
272,164,0
272,196,0
272,88,1
272,120,0
272,98,0
272,89,0
272,50,0
272,14,0
272,59,1
272,113,0
272,146,0
272,6,1
272,23,1
272,139,0
272,191,0
272,154,1
272,132,1
272,26,1
272,72,0
272,159,0
272,76,0
272,78,1
272,161,0
272,93,0
272,136,0
272,21,1
272,58,1
272,137,0
272,189,0
272,0,0
272,181,0
272,135,0
272,86,0
272,176,1
272,4,1
272,82,1
273,154,0
273,185,0
273,145,0
273,107,1
273,101,1
273,183,0
273,98,0
273,12,0
273,73,1
273,119,1
273,33,1
273,50,1
273,118,0
273,23,1
273,1,1
273,121,0
273,150,1
273,51,0
273,155,1
273,176,0
273,49,0
273,135,0
273,83,0
273,74,1
273,60,0
273,123,0
273,126,0
273,106,1
273,114,1
273,75,0
273,3,0
273,17,0
273,147,1
273,158,0
273,187,1
273,82,1
273,38,0
273,112,0
273,143,0
273,58,1
273,93,1
273,105,0
273,115,1
273,42,1
273,13,0
273,11,1
273,117,1
273,113,1
273,68,0
274,80,0
274,144,0
274,74,0
274,177,0
274,3,1
274,165,1
274,33,0
274,85,0
274,150,0
274,11,0
274,99,0
274,153,1
274,86,0
274,1,1
274,20,1
274,179,1
274,186,0
274,119,1
274,24,0
274,112,1
274,159,0
274,92,1
274,88,0
274,142,0
274,18,0
274,193,1
274,168,0
274,160,0
274,132,0
274,158,0
274,50,1
274,123,0
274,194,1
274,5,0
274,83,0
274,10,1
274,96,0
274,134,0
274,173,1
274,45,0
274,124,0
274,145,0
274,180,0
274,87,0
274,103,1
274,82,1
275,178,0
275,173,1
275,60,0
275,111,0
275,56,0
275,61,0
275,65,0
275,115,0
275,140,0
275,70,0
275,147,0
275,126,0
275,157,1
275,35,0
275,124,0
275,69,0
275,8,0
275,42,0
275,150,1
275,13,0
275,44,0
275,30,0
275,19,1
275,20,1
275,79,1
275,142,0
275,87,0
275,192,1
275,130,0
275,186,0
275,51,1
275,26,1
275,96,0
275,129,0
275,166,1
275,183,1
275,131,1
276,100,1
276,89,1
276,171,0
276,156,1
276,63,0
276,158,1
276,175,0
276,135,1
276,48,1
276,86,0
276,22,0
276,19,0
276,139,0
276,5,0
276,70,0
276,91,1
276,166,1
276,196,0
276,6,0
276,197,1
276,105,0
276,62,1
276,154,0
276,130,1
276,173,0
276,34,1
277,6,0
277,128,0
277,143,0
277,91,1
277,123,1
277,144,0
277,132,1
277,106,0
277,40,0
277,137,1
277,96,0
277,149,0
277,12,0
277,80,0
277,194,1
277,199,1
277,73,1
277,188,0
277,14,0
277,11,1
277,196,0
277,95,1
277,47,1
277,24,0
277,17,0
277,114,0
277,56,0
277,116,0
277,0,0
277,110,0
277,87,1
277,44,1
277,104,0
277,158,0
277,58,0
277,175,1
278,102,0
278,84,1
278,185,1
278,23,0
278,177,1
278,77,1
278,47,1
278,183,0
278,188,0
278,191,0
278,24,0
278,68,0
278,186,1
278,25,0
278,134,1
278,43,0
278,42,1
278,195,1
278,172,1
278,53,0
278,60,1
278,164,1
278,144,0
278,157,1
278,94,0
278,163,1
278,151,0
278,17,0
278,99,1
278,132,1
278,173,0
278,103,0
278,149,0
278,83,0
278,137,1
278,130,0
278,154,0
278,90,0
278,192,1
278,65,0
278,114,1
278,33,0
278,38,1
278,0,0
278,148,1
278,120,0
278,12,0
279,101,0
279,170,0
279,3,1
279,184,0
279,91,1
279,76,0
279,180,1
279,47,0
279,40,0
279,78,1
279,128,1
279,149,1
279,194,0
279,73,0
279,122,0
279,114,1
279,9,1
279,107,1
279,144,0
279,24,1
279,66,1
279,120,1
279,172,0
279,67,1
279,102,0
279,92,1
279,4,0
279,18,1
279,185,1
280,37,1
280,23,0
280,24,0
280,122,1
280,50,0
280,0,0
280,94,1
280,60,0
280,170,1
280,124,1
280,47,0
280,131,1
280,42,0
280,148,1
280,13,0
280,108,0
280,158,1
280,34,0
280,6,1
280,197,0
280,111,0
280,145,1
280,146,1
280,139,1
280,128,1
280,91,0
280,84,0
280,155,0
280,178,1
280,28,0
280,179,0
280,29,0
280,55,0
280,147,1
280,89,0
280,192,0
280,97,0
280,103,1
280,198,0
280,9,1
280,53,0
280,150,0
280,2,0
280,172,0
280,41,0
280,19,1
280,30,0
281,184,0
281,25,0
281,118,0
281,97,1
281,159,0
281,146,1
281,152,0
281,126,0
281,86,0
281,95,0
281,47,0
281,138,0
281,21,1
281,119,1
281,2,1
281,163,1
281,52,0
281,185,1
281,177,0
281,75,0
281,178,1
281,81,1
281,93,0
281,77,0
281,96,1
281,180,0
281,103,0
281,192,0
281,23,1
281,53,1
281,92,0
281,61,0
281,167,1
281,173,1
281,41,0
281,139,0
281,67,0
281,0,0
281,149,0
282,77,0
282,84,0
282,107,0
282,44,0
282,21,1
282,31,0
282,180,0
282,110,0
282,95,0
282,22,1
282,65,1
282,160,1
282,154,0
282,86,0
282,67,0
282,125,0
282,27,0
282,9,0
282,12,0
282,159,1
282,177,0
282,80,0
282,112,0
282,58,0
282,108,0
283,161,1
283,184,0
283,145,1
283,88,0
283,130,1
283,107,1
283,67,1
283,122,1
283,53,0
283,121,0
283,109,1
283,19,1
283,37,1
283,18,1
283,75,1
283,199,1
283,71,1
283,84,1
283,50,1
283,26,1
283,117,0
283,166,0
283,49,0
283,197,0
283,25,1
283,83,0
283,108,0
283,43,0
284,120,1
284,85,1
284,117,1
284,150,1
284,169,0
284,89,0
284,60,0
284,1,0
284,98,0
284,81,0
284,49,1
284,116,0
284,0,0
284,170,0
284,157,0
284,57,1
284,178,0
284,160,0
284,45,1
284,163,1
284,67,0
284,82,0
284,159,0
284,123,0
284,79,1
284,111,0
284,14,0
284,88,0
284,181,0
284,53,1
284,99,0
284,56,0
284,122,1
284,144,0
284,145,1
284,7,1
284,16,0
284,127,0
284,15,0
284,167,0
284,42,0
284,190,0
284,78,1
284,46,1
284,161,0
284,68,0
284,101,1
284,83,0
284,4,0
284,125,0
285,179,0
285,77,0
285,86,1
285,160,1
285,134,0
285,41,0
285,13,1
285,28,0
285,191,1
285,133,0
285,88,1
285,142,0
285,153,0
285,71,1
285,158,0
285,72,0
285,19,1
285,33,1
285,180,1
285,70,0
286,74,0
286,127,0
286,15,0
286,61,0
286,183,0
286,24,0
286,102,1
286,77,0
286,148,1
286,116,0
286,110,0
286,99,0
286,158,0
286,190,0
286,20,0
286,104,1
286,72,1
286,120,0
286,164,1
286,65,1
286,81,0
287,6,1
287,180,0
287,141,0
287,195,0
287,115,0
287,106,0
287,114,0
287,161,0
287,89,0
287,12,0
287,46,1
287,34,0
287,112,0
287,128,1
287,185,0
287,137,0
287,169,0
287,20,1
287,60,1
287,110,0
287,136,1
287,14,1
287,147,0
287,146,0
287,186,0
287,57,0
287,4,0
287,148,0
287,113,0
287,78,0
287,11,0
287,43,0
287,160,1
287,193,1
287,85,0
287,181,1
287,24,1
287,87,0
287,45,1
288,87,1
288,26,1
288,155,0
288,162,0
288,66,0
288,161,1
288,54,0
288,169,0
288,25,0
288,166,0
288,159,0
288,69,0
288,198,1
288,62,0
288,45,1
288,8,1
288,2,0
288,21,1
288,98,0
288,59,0
288,133,0
288,36,1
288,173,1
288,80,0
288,35,1
288,157,0
288,95,0
288,111,1
288,137,1
288,76,0
288,146,1
288,144,1
288,48,0
288,114,0
288,105,0
288,177,0
288,121,0
288,167,1
288,78,0
288,189,0
288,138,0
288,187,0
288,190,0
288,93,0
288,31,0
289,113,0
289,132,0
289,195,0
289,93,0
289,73,0
289,25,0
289,17,0
289,5,1
289,115,1
289,85,0
289,65,1
289,10,0
289,172,0
289,74,0
289,144,1
289,169,0
289,70,0
289,155,0
289,160,1
289,116,0
289,67,1
289,147,0
289,175,0
289,60,1
289,24,0
289,77,0
289,124,0
290,84,0
290,127,1
290,144,0
290,26,1
290,16,1
290,136,0
290,30,0
290,22,0
290,32,1
290,1,1
290,6,1
290,109,0
290,74,0
290,58,0
290,198,0
290,196,0
290,36,1
290,70,0
290,47,0
290,105,0
290,143,0
290,89,1
290,111,1
290,87,1
290,8,0
290,199,0
290,61,0
290,112,1
290,101,0
290,181,0
290,35,0
290,195,0
290,85,0
290,175,0
290,71,0
290,7,1
290,41,1
290,154,0
290,116,0
290,157,0
290,125,1
290,34,0
290,97,1
291,114,1
291,33,0
291,62,0
291,197,0
291,23,0
291,71,1
291,69,0
291,138,1
291,115,0
291,101,0
291,29,1
291,5,1
291,178,0
291,177,0
291,1,0
291,121,0
291,162,0
291,77,0
291,4,1
291,25,0
291,95,0
291,168,0
291,189,0
291,192,0
291,133,1
291,55,0
291,9,1
291,103,0
291,12,0
291,58,1
291,110,1
291,18,0
291,31,1
291,60,0
291,57,0
291,47,0
291,131,0
291,39,0
291,199,0
291,2,0
291,112,0
291,125,0
291,0,0
291,146,1
291,135,0
291,83,0
292,35,0
292,91,0
292,16,0
292,149,1
292,95,0
292,31,0
292,3,0
292,54,1
292,27,1
292,166,1
292,113,0
292,114,0
292,49,0
292,53,0
292,172,0
292,161,1
292,9,1
292,150,0
292,192,1
292,76,0
292,28,0
292,140,0
292,87,0
292,153,0
292,57,0
292,183,1
292,134,0
292,131,0
292,6,1
292,123,0
292,97,0
292,107,0
292,2,1
292,112,0
292,17,0
292,190,0
292,74,0
293,54,0
293,121,0
293,142,0
293,110,1
293,117,0
293,42,1
293,55,0
293,60,1
293,71,1
293,69,1
293,195,0
293,127,1
293,178,0
293,84,1
293,80,1
293,135,1
293,105,1
293,182,0
293,86,0
293,154,1
293,56,0
293,171,0
293,46,1
293,190,0
293,138,1
293,11,0
293,128,0
293,61,0
293,101,1
293,35,1
293,162,1
293,68,1
293,9,0
293,173,0
293,134,1
293,93,0
293,89,0
293,95,0
293,115,1
293,37,1
293,141,0
294,35,0
294,30,1
294,119,1
294,182,1
294,99,0
294,195,0
294,199,0
294,104,0
294,107,0
294,78,0
294,11,0
294,194,0
294,72,1
294,94,0
294,169,1
294,23,0
294,3,1
294,59,0
294,96,0
294,28,0
294,17,0
294,77,1
294,81,0
294,173,0
294,114,1
294,165,1
294,85,1
294,141,0
294,95,1
294,176,1
294,69,1
294,92,0
294,61,1
294,122,0
294,102,0
294,109,1
294,42,0
294,1,0
294,57,1
294,73,0
294,32,1
294,128,0
294,6,1
295,156,0
295,103,0
295,81,0
295,12,0
295,59,1
295,132,1
295,99,1
295,52,0
295,180,1
295,168,0
295,182,0
295,187,0
295,36,0
295,10,0
295,77,0
295,14,0
295,157,0
295,123,0
295,64,0
295,140,0
295,15,0
295,145,0
295,166,1
295,199,0
295,5,1
295,74,0
295,114,1
295,142,0
296,60,1
296,145,1
296,166,0
296,183,0
296,95,0
296,141,1
296,194,1
296,129,1
296,21,0
296,197,0
296,64,0
296,100,0
296,76,1
296,192,1
296,136,0
296,29,0
296,130,1
296,63,1
296,36,0
296,93,0
296,163,0
296,155,0
296,16,0
296,5,0
296,7,0
296,40,0
296,119,0
296,185,1
296,143,0
296,188,1
296,69,0
296,89,1
296,99,1
296,87,1
296,142,1
296,135,1
296,177,1
296,198,0
296,66,0
296,186,0
296,189,0
296,146,1
296,14,0
296,0,0
296,193,0
296,170,1
296,56,1
297,86,0
297,180,1
297,152,0
297,181,0
297,2,0
297,136,0
297,191,0
297,60,1
297,107,0
297,103,0
297,19,0
297,30,0
297,129,0
297,97,0
297,139,1
297,112,0
297,35,0
297,33,0
297,77,0
297,158,0
297,187,1
297,121,1
297,146,0
297,55,0
297,74,1
297,167,0
297,59,1
297,65,1
297,193,0
297,145,0
297,156,0
297,197,0
297,101,1
297,134,1
297,128,0
297,6,0
297,192,0
297,96,0
297,196,0
297,57,1
297,38,1
297,115,0
297,116,1
297,4,0
298,109,1
298,111,1
298,50,1
298,189,0
298,89,0
298,138,0
298,125,0
298,4,0
298,24,0
298,65,1
298,56,1
298,110,0
298,60,0
298,195,1
298,53,0
298,180,1
298,132,1
298,87,0
298,167,0
298,31,0
298,55,0
298,100,1
298,188,0
298,71,0
298,74,0
298,76,0
298,198,0
298,164,1
298,38,0
298,173,0
298,5,1
298,162,0
298,194,0
298,191,0
298,130,0
298,179,1
298,57,0
298,73,1
298,15,1
298,148,1
298,193,0
298,0,0
298,143,0
298,112,0
298,192,0
298,14,0
298,116,0
298,153,0
298,92,1
299,140,1
299,75,1
299,170,0
299,103,1
299,71,0
299,166,0
299,102,0
299,150,1
299,59,1
299,110,1
299,181,0
299,135,1
299,18,0
299,88,0
299,179,1
299,4,1
299,6,0
299,77,1
299,155,0
299,169,0
299,2,0
299,172,0
299,190,0
299,42,1
299,183,0
299,178,0
300,155,0
300,54,1
300,56,1
300,79,0
300,6,0
300,90,1
300,188,0
300,49,0
300,146,0
300,186,0
300,76,1
300,65,0
300,37,1
300,194,0
300,118,1
300,180,0
300,123,0
300,44,0
300,97,0
300,78,1
300,16,0
300,10,0
300,178,0
300,112,0
300,152,0
300,148,0
300,28,1
300,82,0
300,53,1
300,141,1
300,73,0
300,140,1
300,50,0
301,122,0
301,40,0
301,193,0
301,141,1
301,175,1
301,116,0
301,34,1
301,129,0
301,147,1
301,12,0
301,41,1
301,140,0
301,7,1
301,138,0
301,114,0
301,137,0
301,67,0
301,20,0
301,181,1
301,101,0
301,154,0
301,190,1
301,58,0
301,35,1
301,11,0
301,30,0
301,170,1
301,8,0
301,148,0
301,173,0
301,158,0
301,77,1
301,142,0
301,75,0
301,62,1
301,118,0
301,180,1
301,117,0
301,132,1
301,63,0
301,198,0
301,72,0
302,10,0
302,175,1
302,33,0
302,62,1
302,2,1
302,65,0
302,39,1
302,0,0
302,143,0
302,170,0
302,44,1
302,138,0
302,185,0
302,45,1
302,25,0
302,173,1
302,50,1
302,99,0
302,156,0
302,115,0
302,94,0
302,127,0
302,26,0
302,87,0
302,91,1
302,105,0
302,168,0
302,17,0
302,187,0
302,72,0
302,79,0
302,113,0
302,74,1
302,80,0
302,70,0
302,194,0
302,43,0
303,168,1
303,68,1
303,76,1
303,90,1
303,85,1
303,195,1
303,114,0
303,88,0
303,151,1
303,60,0
303,161,0
303,77,0
303,21,0
303,157,1
303,62,0
303,99,1
303,89,0
303,54,1
303,110,1
303,127,0
303,33,0
303,92,0
303,133,0
303,170,0
303,100,0
303,66,0
303,193,1
303,1,0
303,36,0
303,179,0
303,191,0
303,103,0
303,122,1
303,153,1
303,106,0
303,44,0
303,142,0
303,105,1
303,0,1
303,123,0
303,119,1
304,140,0
304,130,1
304,82,0
304,122,0
304,199,0
304,69,0
304,184,1
304,86,0
304,126,0
304,33,1
304,131,1
304,178,1
304,57,0
304,81,1
304,173,0
304,16,1
304,147,1
304,22,1
304,27,0
304,172,1
304,4,0
304,44,1
304,138,0
304,93,0
304,99,1
304,60,1
304,5,1
304,67,0
304,196,0
304,47,1
304,152,0
304,163,1
304,149,0
304,159,1
304,139,1
304,91,1
304,146,1
304,191,0
305,98,0
305,177,0
305,164,0
305,22,1
305,132,1
305,149,1
305,77,0
305,86,1
305,137,0
305,184,0
305,60,1
305,23,1
305,146,1
305,106,1
305,93,1
305,147,0
305,123,0
305,109,0
305,66,1
305,85,0
305,113,0
305,45,1
305,171,0
305,158,1
305,188,1
305,140,0
305,145,1
305,87,0
305,14,1
305,185,0
306,108,0
306,5,1
306,114,0
306,121,1
306,40,0
306,131,0
306,199,1
306,69,1
306,116,0
306,126,1
306,37,0
306,198,0
306,59,0
306,99,0
306,74,0
306,30,1
306,64,0
306,113,1
306,86,1
306,102,0
306,117,1
306,125,0
306,124,0
306,62,0
306,63,0
306,195,0
306,109,0
306,144,0
306,123,0
306,101,1
306,82,0
306,122,0
306,97,0
306,65,1
306,25,1
306,182,1
306,151,0
307,117,0
307,60,0
307,129,0
307,11,0
307,44,0
307,155,0
307,165,0
307,192,1
307,175,1
307,38,0
307,116,0
307,195,0
307,49,0
307,184,1
307,55,0
307,188,1
307,23,0
307,141,1
307,24,0
307,79,0
307,78,0
307,189,0
307,85,0
307,100,0
307,88,1
307,171,0
307,65,1
307,94,0
307,142,0
307,45,0
307,29,1
307,81,0
307,181,0
307,110,0
307,15,1
307,21,0
307,75,1
307,134,0
307,69,1
308,108,1
308,66,0
308,45,1
308,32,0
308,155,0
308,173,1
308,14,1
308,20,0
308,163,0
308,191,0
308,61,1
308,90,0
308,141,0
308,8,0
308,107,1
308,174,0
308,4,1
308,144,0
308,13,1
308,118,1
308,137,0
308,24,0
308,58,1
309,177,0
309,163,0
309,14,0
309,30,0
309,31,0
309,123,1
309,55,0
309,154,1
309,89,0
309,143,0
309,166,1
309,9,1
309,128,1
309,115,0
309,16,1
309,54,0
309,107,0
309,196,0
309,132,0
309,173,0
309,43,0
309,111,0
309,192,1
309,112,1
309,49,0
309,134,1
309,67,0
309,104,0
309,97,0
309,25,1
309,51,1
309,116,0
309,149,1
309,126,0
309,41,0
309,110,0
309,46,1
309,181,1
309,137,0
309,73,1
309,13,1
309,29,0
309,135,1
309,121,0
309,169,0
309,172,0
309,78,0
309,165,1
309,66,0
310,48,0
310,5,0
310,51,1
310,121,1
310,89,0
310,25,0
310,42,1
310,93,0
310,15,0
310,6,0
310,124,1
310,70,0
310,195,0
310,40,1
310,0,0
310,118,1
310,140,0
310,119,1
310,73,1
310,84,0
310,143,1
310,11,1
310,127,1
310,94,0
310,153,1
310,198,1
310,126,1
310,150,0
310,1,1
310,105,1
310,103,0
310,50,0
310,97,0
310,162,0
310,169,0
310,45,1
310,191,0
310,78,0
310,135,1
310,7,0
310,142,1
310,39,0
310,156,1
310,47,1
310,53,0
311,160,1
311,122,0
311,4,1
311,26,1
311,137,0
311,53,1
311,176,1
311,28,0
311,52,0
311,103,1
311,90,1
311,173,1
311,196,0
311,18,0
311,34,0
311,193,0
311,45,1
311,107,0
311,149,1
311,62,0
311,182,1
311,77,0
311,55,0
312,185,0
312,118,0
312,150,1
312,103,1
312,14,1
312,29,1
312,149,0
312,15,1
312,178,0
312,120,0
312,52,0
312,28,0
312,61,0
312,12,1
312,133,1
312,5,0
312,173,1
312,39,0
312,175,1
312,69,0
312,86,0
312,145,1
312,191,0
312,136,1
312,179,0
312,162,0
312,153,0
312,20,0
312,140,1
313,185,0
313,95,0
313,166,0
313,191,0
313,37,1
313,186,0
313,15,1
313,181,0
313,114,0
313,45,0
313,88,0
313,91,0
313,52,1
313,10,0
313,22,0
313,79,1
313,90,0
313,144,0
313,196,0
313,19,0
313,55,0
313,87,1
313,136,1
313,179,0
313,190,1
313,6,0
313,157,0
313,32,0
313,103,0
313,145,1
313,199,1
313,167,1
313,115,0
313,46,0
313,126,1
313,173,1
314,132,1
314,5,0
314,199,0
314,193,1
314,195,1
314,96,1
314,24,0
314,139,0
314,1,1
314,112,0
314,47,1
314,4,1
314,76,0
314,86,0
314,156,0
314,161,0
314,127,0
314,164,0
314,197,0
314,157,0
314,36,0
314,137,0
314,100,0
314,133,1
314,129,1
314,163,0
314,118,0
314,185,1
314,40,1
314,23,1
314,95,0
314,102,0
314,148,0
314,147,1
314,22,1
314,2,0
314,53,1
314,160,1
314,176,0
314,63,0
314,83,0
314,184,1
314,153,1
314,11,1
314,87,0
314,174,1
314,19,1
315,79,1
315,124,0
315,94,1
315,172,0
315,65,0
315,183,1
315,63,1
315,18,1
315,146,0
315,196,1
315,157,0
315,199,1
315,148,0
315,88,0
315,103,0
315,64,0
315,110,1
315,164,0
315,149,0
315,75,1
315,111,0
315,118,1
315,142,0
315,185,1
315,125,1
315,27,0
315,174,1
315,104,0
315,84,1
315,14,1
315,22,0
315,147,0
315,82,0
315,140,1
315,184,0
315,35,0
315,91,0
315,134,0
315,136,1
315,62,1
315,105,0
315,73,1
315,171,0
315,43,1
315,68,0
315,4,0
316,122,1
316,157,1
316,23,0
316,51,0
316,170,0
316,1,0
316,16,0
316,187,0
316,123,1
316,78,1
316,39,1
316,44,1
316,97,1
316,125,1
316,10,0
316,71,0
316,165,0
316,5,1
316,196,1
316,102,0
316,135,0
316,41,0
316,189,0
316,115,1
316,36,0
316,0,0
316,148,1
316,108,0
316,164,1
316,132,0
316,114,1
316,197,1
316,162,0
316,146,0
316,37,0
316,59,0
316,66,1
316,15,0
316,169,0
316,124,1
316,75,0
317,97,1
317,169,0
317,82,0
317,8,1
317,180,0
317,108,0
317,11,0
317,45,0
317,84,1
317,182,1
317,102,1
317,125,1
317,132,1
317,106,0
317,24,0
317,192,0
317,145,1
317,114,0
317,144,0
317,119,0
317,171,1
317,146,1
317,133,0
317,156,1
317,81,1
317,153,1
317,151,0
317,60,0
317,30,1
317,87,0
317,79,1
317,52,0
317,131,0
317,23,0
317,167,0
317,88,0
317,140,1
317,162,1
317,136,0
317,193,0
317,109,1
318,87,1
318,71,0
318,78,0
318,101,0
318,185,0
318,3,0
318,159,0
318,111,1
318,84,0
318,104,1
318,198,1
318,124,0
318,179,1
318,112,0
318,86,0
318,69,0
318,42,0
318,62,0
318,126,1
318,199,0
319,166,0
319,178,0
319,135,0
319,139,1
319,161,0
319,14,1
319,119,1
319,123,0
319,198,0
319,9,0
319,48,0
319,18,0
319,164,0
319,47,1
319,81,1
319,1,0
319,44,0
319,25,0
319,100,1
319,62,1
319,151,0
319,142,1
319,187,0
319,184,1
320,88,1
320,187,0
320,106,1
320,78,0
320,159,0
320,43,0
320,178,1
320,134,0
320,69,0
320,100,0
320,189,0
320,81,0
320,161,1
320,180,0
320,42,1
320,5,0
320,47,0
320,199,1
320,137,0
320,99,0
320,62,0
320,7,0
320,114,1
320,175,0
320,20,1
320,4,1
320,163,1
320,165,1
320,56,1
320,75,0
320,45,1
320,127,0
320,164,0
320,194,0
321,190,0
321,39,1
321,78,0
321,76,1
321,89,0
321,119,0
321,129,1
321,32,0
321,81,1
321,102,0
321,144,1
321,20,1
321,47,1
321,83,0
321,148,0
321,5,1
321,155,0
321,56,0
321,71,0
321,189,1
321,127,0
321,37,0
321,159,1
321,95,1
321,173,1
321,115,1
321,18,1
321,165,0
321,183,0
321,197,0
321,72,0
321,36,1
321,84,0
321,194,0
321,33,1
321,28,0
321,112,0
321,105,0
321,134,1
322,189,1
322,78,0
322,43,1
322,88,1
322,179,1
322,30,1
322,41,0
322,163,0
322,85,0
322,183,1
322,120,0
322,143,0
322,71,0
322,123,0
322,59,0
322,102,0
322,124,0
322,44,1
322,64,0
322,61,0
322,80,1
322,50,0
322,111,1
322,144,1
322,172,0
322,105,0
322,79,0
322,39,0
323,138,0
323,24,0
323,172,0
323,196,0
323,125,0
323,38,0
323,81,0
323,123,0
323,128,1
323,77,0
323,104,0
323,118,1
323,162,0
323,130,1
323,43,0
323,96,0
323,143,0
323,23,0
323,47,0
323,4,1
323,150,1
323,116,0
323,193,0
323,84,0
323,136,0
323,20,0
323,30,0
323,93,0
323,46,0
323,55,1
323,87,0
323,98,1
323,78,1
324,147,1
324,20,0
324,164,0
324,101,1
324,173,0
324,148,1
324,113,1
324,142,0
324,186,1
324,64,0
324,77,0
324,66,0
324,144,0
324,104,1
324,115,1
324,40,1
324,7,1
324,163,1
324,39,0
324,46,0
324,8,0
324,195,0
324,19,0
324,59,0
324,55,1
324,156,0
325,73,0
325,149,0
325,115,0
325,166,0
325,72,1
325,122,0
325,93,1
325,64,1
325,23,0
325,60,1
325,12,1
325,7,0
325,39,1
325,61,1
325,174,0
325,142,0
325,66,0
325,148,0
325,53,0
325,22,0
325,40,1
325,190,0
325,171,1
325,30,0
325,118,1
325,191,0
325,182,0
325,164,0
325,198,1
325,103,0
325,96,1
325,132,1
325,59,1
325,86,0
325,159,1
325,25,0
325,128,0
326,28,0
326,21,0
326,123,0
326,153,0
326,109,0
326,152,0
326,150,0
326,167,0
326,55,1
326,170,0
326,56,1
326,88,0
326,186,0
326,80,0
326,161,0
326,91,1
326,101,0
326,120,0
326,3,0
326,196,0
326,61,0
326,145,0
326,14,0
326,23,1
326,31,0
326,48,0
326,128,0
326,49,0
327,25,0
327,186,0
327,87,1
327,126,1
327,102,0
327,66,0
327,167,0
327,104,1
327,4,0
327,33,0
327,6,0
327,110,0
327,199,1
327,9,0
327,180,0
327,144,0
327,46,0
327,183,0
327,79,1
327,198,0
327,86,0
327,83,0
327,134,1
327,41,0
327,23,1
327,162,0
327,63,1
327,132,0
328,78,0
328,179,0
328,133,1
328,86,0
328,79,0
328,17,1
328,124,1
328,119,1
328,44,0
328,65,0
328,142,0
328,191,1
328,161,0
328,162,0
328,137,0
328,45,1
328,181,0
328,110,0
328,101,1
328,33,1
328,61,0
328,129,0
328,25,1
328,21,0
328,4,0
328,130,0
328,176,0
328,56,0
328,111,1
328,5,0
328,69,0
328,80,0
328,193,0
328,154,1
329,57,1
329,68,0
329,172,0
329,162,1
329,79,0
329,103,1
329,86,1
329,123,0
329,195,1
329,128,1
329,194,1
329,150,1
329,70,0
329,177,0
329,80,1
329,27,0
329,78,1
329,26,1
329,113,1
329,122,0
329,6,1
330,65,0
330,134,0
330,7,1
330,58,0
330,37,1
330,161,0
330,73,0
330,41,0
330,177,0
330,181,1
330,139,0
330,144,0
330,115,1
330,10,1
330,0,0
330,36,0
330,91,0
330,39,0
330,188,0
330,166,0
331,176,0
331,177,0
331,172,0
331,10,0
331,195,0
331,35,1
331,196,0
331,42,1
331,120,1
331,102,1
331,59,1
331,63,0
331,83,0
331,125,0
331,46,0
331,168,0
331,53,0
331,20,0
331,30,0
331,49,0
331,54,1
331,1,0
331,21,1
331,142,0
331,165,1
331,184,0
331,67,0
331,144,0
331,84,0
331,55,0
331,163,0
331,160,0
331,18,0
331,78,1
331,99,0
331,80,0
331,87,0
331,194,0
331,79,0
331,151,0
331,71,0
331,169,1
331,121,0
331,175,0
332,120,0
332,97,1
332,31,0
332,54,0
332,160,0
332,168,0
332,112,1
332,121,1
332,145,0
332,5,0
332,96,1
332,149,0
332,102,0
332,104,0
332,193,1
332,78,0
332,197,0
332,143,0
332,179,0
332,165,1
332,136,0
332,119,1
332,124,1
332,148,0
332,126,0
332,9,1
332,71,1
332,86,1
332,173,0
332,192,1
332,6,0
332,111,0
332,115,1
332,61,0
332,171,0
332,186,0
332,129,1
332,92,0
332,69,1
332,105,0
332,57,0
332,94,0
332,118,1
333,38,1
333,8,0
333,15,0
333,27,1
333,19,0
333,2,0
333,169,0
333,37,1
333,42,0
333,44,0
333,76,0
333,70,0
333,199,1
333,171,1
333,135,0
333,96,0
333,13,0
333,51,0
333,91,0
333,149,0
333,187,1
333,167,1
334,70,0
334,178,0
334,177,0
334,57,0
334,68,1
334,38,0
334,183,1
334,99,0
334,32,1
334,11,1
334,186,1
334,23,1
334,61,0
334,27,0
334,72,0
334,78,0
334,35,1
334,19,0
334,137,1
334,2,0
334,58,0
334,159,0
334,189,1
334,80,0
334,166,0
334,94,1
334,21,0
334,156,0
334,170,1
334,55,1
334,63,1
334,82,0
334,71,0
334,33,1
334,169,0
334,89,0
334,14,1
334,60,1
334,123,0
334,146,0
334,181,1
335,105,1
335,148,0
335,81,0
335,134,1
335,42,0
335,39,1
335,3,1
335,150,1
335,173,1
335,159,0
335,142,0
335,86,0
335,112,1
335,94,0
335,67,1
335,64,0
335,157,0
335,106,0
335,40,0
335,78,0
335,119,1
335,196,0
335,5,1
335,161,0
335,82,1
335,110,0
335,143,0
336,32,1
336,22,0
336,126,0
336,67,0
336,76,1
336,23,0
336,145,0
336,130,1
336,144,0
336,29,1
336,80,0
336,181,1
336,171,0
336,88,0
336,109,1
336,17,0
336,140,0
336,111,0
336,199,0
336,37,0
336,150,0
336,10,1
336,38,0
336,105,0
336,175,0
336,41,1
336,52,0
336,81,0
336,190,0
336,8,0
336,170,0
336,71,0
337,111,0
337,155,0
337,53,0
337,16,0
337,67,1
337,68,0
337,95,0
337,36,0
337,44,1
337,168,1
337,3,1
337,152,0
337,5,0
337,115,0
337,33,1
337,88,0
337,148,0
337,195,1
337,117,1
337,21,1
337,197,1
337,120,1
337,180,1
337,112,1
337,4,0
337,58,1
337,41,1
337,175,0
337,156,1
337,193,1
337,46,0
337,121,0
337,84,0
337,137,0
337,166,1
337,106,0
337,28,0
338,3,1
338,80,1
338,97,1
338,152,1
338,89,1
338,76,1
338,0,0
338,16,1
338,14,0
338,172,0
338,73,1
338,120,1
338,182,1
338,8,0
338,187,0
338,180,1
338,36,1
338,58,0
338,121,0
338,39,1
338,81,0
338,35,0
338,151,0
338,173,1
338,100,0
338,118,1
338,138,1
338,188,0
339,47,1
339,127,1
339,162,1
339,56,0
339,139,0
339,187,1
339,43,0
339,36,1
339,7,0
339,161,1
339,133,0
339,157,0
339,198,0
339,89,0
339,70,1
339,106,1
339,175,1
339,28,1
339,194,1
339,92,1
339,186,0
339,113,0
339,189,1
339,172,1
339,141,0
339,25,1
339,149,0
339,143,0
339,95,0
339,49,0
339,129,0
340,113,0
340,188,1
340,73,0
340,176,1
340,23,0
340,152,0
340,196,1
340,129,0
340,79,1
340,70,0
340,26,1
340,16,0
340,75,0
340,128,1
340,46,1
340,175,0
340,80,0
340,185,1
340,112,1
340,131,0
340,180,0
340,69,1
341,84,1
341,154,1
341,103,1
341,5,0
341,182,0
341,126,0
341,80,1
341,141,0
341,97,0
341,60,1
341,147,0
341,172,0
341,104,0
341,173,1
341,101,0
341,98,0
341,91,1
341,177,0
341,87,1
341,193,1
341,99,0
341,68,0
341,10,1
341,20,1
342,120,0
342,102,1
342,119,0
342,113,1
342,126,1
342,1,1
342,6,0
342,129,0
342,37,0
342,117,0
342,99,0
342,193,0
342,73,1
342,28,1
342,70,0
342,12,1
342,5,1
342,190,1
342,84,0
342,142,0
342,66,0
342,76,0
342,127,1
342,108,0
342,51,0
342,92,0
342,109,0
342,148,1
342,22,0
342,85,0
342,82,1
343,60,0
343,11,0
343,118,0
343,192,1
343,128,0
343,116,0
343,110,0
343,141,1
343,29,1
343,51,1
343,88,0
343,103,1
343,9,0
343,150,0
343,57,0
343,48,0
343,68,1
343,43,1
343,186,1
343,160,0
343,197,1
343,94,0
343,165,1
343,195,0
343,10,0
343,148,0
343,30,0
343,22,0
343,93,0
343,46,1
343,138,1
343,115,0
343,35,0
343,49,0
343,73,1
343,172,0
343,132,0
343,171,1
343,191,1
343,59,0
343,105,1
343,34,0
343,71,0
343,63,0
343,21,0
343,167,0
343,104,1
343,40,1
343,98,0
344,146,0
344,170,0
344,180,0
344,89,1
344,77,0
344,153,1
344,165,0
344,30,1
344,71,1
344,54,1
344,147,0
344,85,1
344,101,0
344,159,1
344,14,0
344,174,1
344,39,0
344,88,1
344,191,0
344,87,0
344,62,1
345,2,0
345,37,0
345,171,0
345,24,1
345,54,0
345,83,0
345,20,0
345,185,0
345,32,1
345,12,1
345,60,1
345,91,0
345,148,1
345,135,1
345,158,1
345,103,0
345,76,0
345,72,1
345,82,0
345,144,1
345,143,0
345,138,1
345,59,0
345,147,0
345,122,1
346,116,0
346,124,0
346,193,0
346,155,1
346,127,0
346,24,0
346,12,0
346,148,0
346,66,0
346,177,0
346,79,0
346,158,0
346,179,0
346,31,1
346,98,1
346,109,0
346,48,0
346,152,1
346,144,0
346,178,0
346,184,0
346,32,1
346,2,0
346,49,0
347,108,0
347,7,1
347,166,0
347,170,0
347,165,1
347,131,1
347,25,0
347,168,0
347,91,0
347,51,0
347,172,0
347,110,0
347,99,0
347,199,1
347,31,0
347,27,0
347,197,1
347,72,0
347,39,0
347,41,0
347,17,1
347,126,0
347,1,0
347,32,0
347,46,0
347,88,1
347,15,0
347,158,1
347,115,0
347,129,1
347,177,1
347,33,0
347,96,1
348,53,0
348,28,0
348,106,1
348,78,0
348,52,1
348,63,1
348,135,1
348,98,1
348,108,0
348,22,0
348,29,1
348,38,0
348,83,1
348,49,0
348,87,0
348,120,1
348,40,0
348,144,1
348,31,1
348,105,0
348,62,0
348,15,0
348,160,1
348,82,0
348,149,0
348,173,0
348,118,1
348,70,0
348,177,1
348,151,0
348,115,1
348,3,0
348,96,1
348,194,1
348,129,0
348,39,0
348,67,0
348,46,0
348,117,1
348,152,0
349,160,0
349,53,0
349,105,0
349,125,0
349,166,0
349,94,0
349,45,0
349,115,0
349,147,1
349,12,1
349,174,0
349,143,1
349,186,0
349,72,0
349,22,1
349,111,1
349,7,0
349,43,1
349,26,0
349,59,1
349,123,0
349,193,1
349,64,1
349,149,0
349,71,0
349,62,0
349,128,0
349,165,0
349,6,1
349,30,0
349,188,1
349,27,0
349,107,0
349,161,0
349,23,1
349,93,0
349,129,0
349,185,0
349,117,0
349,152,0
349,134,1
349,183,0
350,49,0
350,96,0
350,28,0
350,155,0
350,11,1
350,89,0
350,149,0
350,178,0
350,199,1
350,118,1
350,2,0
350,83,1
350,35,0
350,173,0
350,144,1
350,169,0
350,105,0
350,186,1
350,54,1
350,191,1
350,80,0
350,66,1
350,182,0
350,172,0
350,31,0
350,109,0
351,104,0
351,7,0
351,140,1
351,48,0
351,21,1
351,163,0
351,66,0
351,109,0
351,45,1
351,26,0
351,194,0
351,129,0
351,78,0
351,99,1
351,24,0
351,32,1
351,108,0
351,13,1
351,121,1
351,38,0
351,95,0
351,166,0
351,196,1
351,14,1
351,112,0
351,88,0
351,135,1
351,9,0
351,120,1
351,75,0
351,29,0
351,168,1
351,177,0
351,169,0
352,110,1
352,109,1
352,66,0
352,50,1
352,48,0
352,189,1
352,15,1
352,117,0
352,25,0
352,81,0
352,71,0
352,106,0
352,98,0
352,123,1
352,54,1
352,198,1
352,63,0
352,174,1
352,96,0
352,46,1
352,196,0
352,134,0
352,32,0
352,38,0
352,64,0
352,116,0
352,68,0
352,124,1
352,168,0
352,33,0
352,91,0
352,51,1
352,132,0
352,100,1
352,151,0
352,177,1
352,144,0
352,11,0
352,158,0
352,84,0
352,173,1
352,121,0
352,164,0
352,90,1
352,152,0
353,162,0
353,66,1
353,77,1
353,21,1
353,98,1
353,34,0
353,16,0
353,95,0
353,81,0
353,10,1
353,105,0
353,152,0
353,131,1
353,144,0
353,13,0
353,41,1
353,191,0
353,122,0
353,190,0
353,111,0
353,69,0
353,142,1
353,67,0
353,106,0
353,11,1
353,39,0
353,72,0
353,47,0
353,168,1
353,112,0
353,48,0
353,102,0
353,125,0
353,74,0
353,143,0
353,29,1
353,3,0
353,132,0
353,59,0
353,84,1
353,1,0
353,15,0
353,55,0
353,56,1
353,31,0
353,8,0
353,116,0
353,163,1
354,41,1
354,22,0
354,30,0
354,61,0
354,175,0
354,3,0
354,199,0
354,64,0
354,89,0
354,24,1
354,146,0
354,16,1
354,44,0
354,12,0
354,74,0
354,100,1
354,143,1
354,10,0
354,182,0
354,197,0
354,120,0
354,191,0
354,176,1
354,192,1
354,5,0
354,165,1
354,51,1
354,151,1
354,133,1
354,157,0
354,65,1
354,158,0
354,177,0
354,1,0
355,11,1
355,99,0
355,19,0
355,144,0
355,29,0
355,187,0
355,10,1
355,107,0
355,85,1
355,20,0
355,138,0
355,49,1
355,102,0
355,78,0
355,17,1
355,9,0
355,116,0
355,98,0
355,59,0
355,180,0
355,171,0
355,18,0
355,16,0
355,122,0
355,105,1
355,160,0
355,139,1
355,25,0
355,81,1
355,34,0
355,1,1
355,68,0
355,193,1
355,27,1
355,92,0
355,117,0
355,141,0
355,135,1
356,50,1
356,143,0
356,138,1
356,117,0
356,188,0
356,146,0
356,67,0
356,26,0
356,1,1
356,58,1
356,125,0
356,167,1
356,25,0
356,101,0
356,93,0
356,70,0
356,159,0
356,131,0
356,9,1
356,21,0
356,14,0
356,190,0
356,30,0
356,66,1
356,87,0
357,115,0
357,176,0
357,63,1
357,106,1
357,102,0
357,183,0
357,181,1
357,135,0
357,54,0
357,39,0
357,190,0
357,16,1
357,177,0
357,20,0
357,122,0
357,113,0
357,141,1
357,91,1
357,88,1
357,161,0
357,179,0
357,127,1
357,60,1
357,107,0
357,22,0
357,119,0
357,44,0
357,87,0
357,123,0
357,24,0
357,151,1
357,36,1
357,73,0
357,142,1
357,11,0
357,110,0
357,169,0
357,108,1
357,14,0
358,190,0
358,134,0
358,167,0
358,175,1
358,69,1
358,168,0
358,197,0
358,98,0
358,93,0
358,32,1
358,46,1
358,83,1
358,121,0
358,94,0
358,20,0
358,59,0
358,163,0
358,18,1
358,187,0
358,3,1
358,152,1
358,6,0
358,185,0
358,50,0
358,182,1
358,79,1
358,181,0
358,34,0
358,31,1
358,164,0
358,52,1
358,186,1
358,120,0
358,47,0
359,112,0
359,24,1
359,82,1
359,139,1
359,148,1
359,80,0
359,54,1
359,166,1
359,26,1
359,76,0
359,27,1
359,67,0
359,94,1
359,156,1
359,43,1
359,59,1
359,147,1
359,81,0
359,38,0
359,185,0
359,22,1
359,50,0
359,37,0
359,181,1
359,196,1
359,88,0
359,98,0
359,163,1
359,102,1
359,62,1
359,78,0
359,177,0
359,116,0
359,79,0
359,77,0
359,111,0
360,33,0
360,47,0
360,142,0
360,149,1
360,0,1
360,140,0
360,111,0
360,185,0
360,192,1
360,181,0
360,76,0
360,186,0
360,167,0
360,101,0
360,144,0
360,51,1
360,146,0
360,64,0
360,130,1
360,187,0
360,4,0
360,164,0
360,136,1
360,41,1
360,157,0
360,65,0
360,1,1
360,141,1
360,48,0
360,161,0
360,81,0
360,172,0
360,93,0
360,99,0
360,159,0
360,92,1
360,9,0
360,156,0
360,125,0
360,61,1
360,162,1
360,58,1
360,82,1
360,34,0
360,100,0
360,170,1
360,26,0
361,70,0
361,75,1
361,49,0
361,186,1
361,185,0
361,137,0
361,106,0
361,101,0
361,110,1
361,99,0
361,50,0
361,116,0
361,127,0
361,46,0
361,36,1
361,161,1
361,143,0
361,72,0
361,6,1
361,77,0
361,45,0
361,154,0
361,199,0
361,39,0
361,41,1
361,148,0
361,67,0
361,27,1
361,38,1
361,7,0
361,138,1
361,71,0
361,114,0
361,125,0
361,129,1
361,131,0
361,61,1
361,1,0
361,18,1
361,97,0
361,12,1
361,83,1
361,182,0
361,126,0
362,17,0
362,197,0
362,35,0
362,199,0
362,14,1
362,142,0
362,152,0
362,74,0
362,45,0
362,46,0
362,134,1
362,157,0
362,79,0
362,116,0
362,198,1
362,115,1
362,109,1
362,10,1
362,156,1
362,161,0
362,137,0
362,186,1
362,69,0
362,140,0
362,47,0
362,55,1
362,126,0
362,171,1
362,111,0
362,28,0
362,184,1
362,174,1
362,135,0
362,4,0
362,147,0
362,176,1
362,162,1
362,29,0
362,93,1
362,76,0
362,114,0
362,195,1
362,61,1
362,85,0
362,155,0
362,16,1
362,112,0
362,95,1
362,87,0
362,56,1
363,61,0
363,42,1
363,30,0
363,24,0
363,106,1
363,130,0
363,184,0
363,180,1
363,127,1
363,190,1
363,129,0
363,16,0
363,75,0
363,119,0
363,70,0
363,104,0
363,114,1
363,178,1
363,197,0
363,17,0
363,4,1
363,161,0
363,162,0
363,192,0
363,128,1
363,54,0
363,176,0
364,101,0
364,145,0
364,123,0
364,169,1
364,133,1
364,83,0
364,54,1
364,85,1
364,134,0
364,58,0
364,68,0
364,137,1
364,20,1
364,121,0
364,77,1
364,96,1
364,63,1
364,48,1
364,130,0
364,175,0
364,142,1
364,88,1
364,147,0
364,49,1
364,31,1
364,187,0
364,195,0
364,118,1
364,10,1
364,154,0
364,129,0
364,44,1
364,69,0
364,170,0
364,180,1
364,98,0
364,158,0
364,102,0
364,162,0
364,4,1
364,52,0
364,36,1
364,182,0
364,75,1
365,92,0
365,48,0
365,130,0
365,102,0
365,30,0
365,115,0
365,22,1
365,44,0
365,194,0
365,116,0
365,156,0
365,32,1
365,132,0
365,19,1
365,97,0
365,101,1
365,12,0
365,163,0
365,96,1
365,178,0
365,66,0
365,137,1
365,94,0
365,72,0
365,38,0
365,35,0
365,150,0
365,7,0
365,83,0
365,109,0
365,152,0
365,172,0
365,144,1
365,174,0
365,191,1
365,2,1
365,166,1
365,162,1
365,146,1
365,175,0
365,70,1
365,173,0
366,113,1
366,184,0
366,1,0
366,167,0
366,137,0
366,151,1
366,130,0
366,67,0
366,162,0
366,40,0
366,148,1
366,88,0
366,65,1
366,72,0
366,17,0
366,159,0
366,31,0
366,141,0
366,14,0
366,47,1
366,115,1
366,109,1
366,161,0
366,131,0
366,132,0
366,89,0
366,62,0
366,145,1
366,64,1
366,118,0
366,194,1
366,55,0
366,168,1
366,68,1
366,172,0
366,46,0
366,155,1
366,39,0
366,170,1
366,108,0
366,42,0
366,87,1
366,166,0
366,198,1
366,23,0
367,130,1
367,177,0
367,181,0
367,38,1
367,118,0
367,81,1
367,92,0
367,35,0
367,104,0
367,31,0
367,195,0
367,135,0
367,107,0
367,110,0
367,164,1
367,147,1
367,172,0
367,56,1
367,99,0
367,150,0
367,10,1
367,157,1
367,15,0
367,192,0
367,96,0
367,30,0
367,8,0
367,199,1
367,73,0
367,111,0
367,178,0
367,90,0
367,1,0
367,125,1
367,2,1
367,89,0
367,77,1
367,23,0
367,34,0
367,75,1
367,132,0
367,189,0
367,153,0
368,89,1
368,78,0
368,12,0
368,13,0
368,47,1
368,22,0
368,129,1
368,82,0
368,137,0
368,173,0
368,94,0
368,103,0
368,39,0
368,41,1
368,176,0
368,48,1
368,99,1
368,31,0
368,69,0
368,123,0
368,91,1
368,125,1
368,9,0
368,54,0
369,30,1
369,127,1
369,120,0
369,157,1
369,60,1
369,29,1
369,186,0
369,193,1
369,131,0
369,94,0
369,158,0
369,111,1
369,135,0
369,134,1
369,178,0
369,69,0
369,110,0
369,189,1
369,138,1
369,19,0
369,36,1
369,156,0
369,6,1
369,105,1
370,155,1
370,195,0
370,189,0
370,177,0
370,191,1
370,42,0
370,38,0
370,164,0
370,70,0
370,120,0
370,5,0
370,78,1
370,171,0
370,19,1
370,112,0
370,76,1
370,132,0
370,184,1
370,46,0
370,67,1
370,136,1
370,26,0
370,178,0
370,68,1
370,60,0
370,182,1
370,14,1
370,64,1
370,65,1
371,149,0
371,48,0
371,29,0
371,73,1
371,57,1
371,169,0
371,163,1
371,105,0
371,34,1
371,198,0
371,104,0
371,137,1
371,41,1
371,129,0
371,173,1
371,161,0
371,84,1
371,28,0
371,92,1
371,53,0
371,77,0
371,38,0
371,55,1
371,164,0
371,11,1
371,138,1
371,51,0
371,82,0
371,182,1
371,179,1
371,30,0
371,184,0
371,74,0
371,81,0
371,178,1
371,94,1
371,142,0
371,78,1
371,186,0
371,176,1
371,113,1
371,175,0
371,86,0
371,49,0
371,83,0
371,115,1
371,91,1
371,190,0
371,6,0
372,136,0
372,105,0
372,111,1
372,115,0
372,57,1
372,119,0
372,167,0
372,160,1
372,40,0
372,6,0
372,51,0
372,85,1
372,63,1
372,124,0
372,179,0
372,66,1
372,83,1
372,55,0
372,103,0
372,127,0
372,26,1
372,53,0
372,144,0
372,168,0
372,39,1
372,199,0
372,49,0
372,154,0
372,152,0
373,5,1
373,155,0
373,145,0
373,125,0
373,82,1
373,13,1
373,23,0
373,129,1
373,160,0
373,19,0
373,64,1
373,163,0
373,180,1
373,150,1
373,25,0
373,110,0
373,35,0
373,136,1
373,74,1
373,198,0
373,134,0
373,144,0
373,113,1
373,71,0
373,197,0
373,34,1
373,140,1
373,173,0
373,55,1
373,94,1
373,153,0
373,138,0
373,90,0
373,9,0
374,67,0
374,51,1
374,112,0
374,74,1
374,10,0
374,177,0
374,84,1
374,17,0
374,191,1
374,189,1
374,24,1
374,12,0
374,43,0
374,161,0
374,120,0
374,117,0
374,59,1
374,154,1
374,72,0
374,97,1
374,170,0
374,77,0
374,123,1
374,190,0
374,92,1
374,145,0
375,26,1
375,144,1
375,140,1
375,71,1
375,198,1
375,138,0
375,142,0
375,24,0
375,72,0
375,18,0
375,185,0
375,175,1
375,181,0
375,132,0
375,90,1
375,135,0
375,81,1
375,127,0
375,104,0
375,15,0
375,50,0
375,37,0
375,110,0
375,55,0
375,99,0
375,129,0
375,180,1
375,1,0
375,74,0
375,168,1
375,53,0
375,152,0
375,89,1
375,171,1
375,57,0
375,5,0
375,98,0
375,21,0
375,170,1
375,158,0
375,42,0
375,65,1
375,125,1
375,163,1
375,47,1
375,131,0
375,7,0
376,161,0
376,82,0
376,89,1
376,152,0
376,195,0
376,144,0
376,44,0
376,136,1
376,172,0
376,193,0
376,110,0
376,188,0
376,34,0
376,53,0
376,150,1
376,126,0
376,92,1
376,20,0
376,147,0
376,16,0
376,60,1
376,115,0
376,191,1
376,62,1
376,190,0
376,167,0
376,132,1
376,4,1
376,198,1
376,87,1
376,37,0
376,2,0
376,146,1
376,71,0
376,93,1
376,125,0
376,194,0
377,178,0
377,47,0
377,170,0
377,85,0
377,42,0
377,175,1
377,132,0
377,60,0
377,187,0
377,167,0
377,32,0
377,129,0
377,123,1
377,43,0
377,10,0
377,119,0
377,126,0
377,140,0
377,182,1
377,12,1
377,68,0
377,121,0
377,76,1
377,8,0
377,97,1
377,14,0
377,100,1
377,176,1
377,181,1
377,159,1
377,114,1
377,120,0
377,69,0
377,172,0
377,130,0
377,149,0
377,49,0
377,94,0
377,44,0
377,152,1
377,29,0
377,160,1
377,161,0
377,90,0
377,7,1
377,125,0
377,36,1
377,9,0
377,56,0
378,132,1
378,178,0
378,16,1
378,138,0
378,128,1
378,160,0
378,35,0
378,4,0
378,190,0
378,47,0
378,62,1
378,46,0
378,20,0
378,64,1
378,143,1
378,125,0
378,112,0
378,137,0
378,87,1
378,2,0
378,134,1
378,72,0
378,121,1
378,44,0
378,146,0
378,158,1
378,49,0
378,81,0
378,101,1
378,60,1
378,154,0
378,172,0
378,55,1
378,149,0
378,183,0
378,25,0
378,187,0
378,130,0
378,186,0
378,135,0
378,191,0
378,8,1
378,104,0
378,142,0
378,41,1
378,179,1
378,136,1
378,15,0
379,97,1
379,179,0
379,140,0
379,169,0
379,92,0
379,103,0
379,21,0
379,20,0
379,175,0
379,4,0
379,142,0
379,146,1
379,73,0
379,47,0
379,42,0
379,157,0
379,63,1
379,85,0
379,186,0
379,153,0
379,105,0
379,22,0
379,185,0
379,70,1
379,189,1
379,177,0
379,173,0
379,75,0
379,107,0
379,40,0
379,131,0
379,114,1
379,148,0
379,188,0
379,52,0
379,139,1
379,49,0
379,198,0
379,60,0
379,18,0
379,5,0
379,135,0
379,65,1
380,32,1
380,148,0
380,131,0
380,142,0
380,144,1
380,101,0
380,13,0
380,165,0
380,91,0
380,155,0
380,175,0
380,6,0
380,116,1
380,111,0
380,47,0
380,110,0
380,50,1
380,10,1
380,133,0
380,102,0
380,84,0
380,69,0
380,118,1
380,190,0
380,33,0
380,87,0
380,169,0
380,51,0
380,67,0
380,156,0
380,167,0
380,23,1
380,108,1
380,64,1
380,124,1
380,14,0
381,41,0
381,119,0
381,185,1
381,193,0
381,180,0
381,35,1
381,132,0
381,123,0
381,118,0
381,140,1
381,18,1
381,110,1
381,90,0
381,174,0
381,150,0
381,126,0
381,86,1
381,115,0
381,99,0
381,58,1
381,148,0
381,22,1
381,16,0
381,68,1
381,2,0
381,125,0
381,137,0
381,40,0
381,8,1
381,76,1
381,89,0
381,120,0
381,96,0
381,183,0
381,147,0
381,168,1
381,65,0
381,117,1
381,166,0
381,153,0
381,14,1
381,156,1
381,145,0
381,26,0
381,28,1
382,116,0
382,180,1
382,102,0
382,103,0
382,147,0
382,124,0
382,110,0
382,25,1
382,52,0
382,137,1
382,109,0
382,100,0
382,118,0
382,38,0
382,26,0
382,50,1
382,150,0
382,94,0
382,62,1
382,117,1
382,5,1
382,188,0
382,167,0
382,91,0
382,107,0
382,16,0
382,42,1
382,140,0
382,115,0
382,74,0
382,123,0
383,2,0
383,30,0
383,195,1
383,19,0
383,34,1
383,145,0
383,84,0
383,11,0
383,190,1
383,51,1
383,163,1
383,143,0
383,69,0
383,166,1
383,131,1
383,100,0
383,74,0
383,154,0
383,0,0
383,119,1
383,58,0
383,101,0
383,137,0
383,126,0
383,110,1
383,113,1
383,146,0
383,52,1
383,41,1
383,179,0
383,91,0
383,43,0
383,103,1
383,75,1
383,63,1
383,47,0
383,13,0
384,51,0
384,163,0
384,55,1
384,82,0
384,161,1
384,96,0
384,167,0
384,168,0
384,74,0
384,134,0
384,38,0
384,34,0
384,124,0
384,157,0
384,87,1
384,112,0
384,105,0
384,43,0
384,121,0
384,79,1
384,144,0
384,31,1
384,25,0
384,174,0
384,75,0
384,40,0
384,135,1
384,198,1
384,52,0
385,153,1
385,129,0
385,84,0
385,159,1
385,68,0
385,122,1
385,65,0
385,196,1
385,43,1
385,4,0
385,95,1
385,28,0
385,142,0
385,147,0
385,22,1
385,17,1
385,60,1
385,117,1
385,53,0
385,106,1
385,51,0
385,130,1
385,11,1
385,187,1
385,20,0
385,152,0
385,177,1
385,140,1
385,42,0
385,133,0
385,166,1
385,64,0
385,26,0
385,78,1
385,32,1
385,192,0
385,105,1
385,190,0
386,73,1
386,191,0
386,69,0
386,42,0
386,98,1
386,186,1
386,144,1
386,92,0
386,99,1
386,187,0
386,10,0
386,89,1
386,78,0
386,198,0
386,62,0
386,184,0
386,85,0
386,7,1
386,106,1
386,12,0
386,189,0
386,51,0
386,41,0
386,18,0
386,143,0
386,11,0
386,22,0
386,30,1
386,188,0
386,153,1
386,157,0
386,63,0
386,96,1
386,140,0
386,32,1
386,132,0
386,94,0
386,23,1
386,138,1
386,152,1
386,115,0
386,166,0
386,193,1
386,71,0
386,150,0
386,137,0
386,107,1
386,77,0
386,183,1
387,126,0
387,74,1
387,61,1
387,2,0
387,84,0
387,158,0
387,191,0
387,177,0
387,131,1
387,112,0
387,132,1
387,23,0
387,55,0
387,114,0
387,111,1
387,76,0
387,66,0
387,43,0
387,145,1
387,65,0
387,5,0
387,15,0
387,47,0
387,176,0
387,56,1
387,52,0
387,197,0
387,188,0
387,4,0
387,178,0
387,48,1
387,150,0
387,170,0
387,159,1
387,81,0
387,32,0
387,59,0
387,153,0
387,8,0
387,16,0
387,109,1
387,199,0
387,189,0
387,118,1
387,70,1
387,116,1
387,119,1
387,96,1
388,132,0
388,44,0
388,122,0
388,162,0
388,52,0
388,22,0
388,58,1
388,33,1
388,0,1
388,114,0
388,82,0
388,160,1
388,61,0
388,175,0
388,3,1
388,98,0
388,28,0
388,167,0
388,177,1
388,7,0
388,93,1
388,25,0
388,88,0
388,146,1
388,183,0
388,71,1
388,185,0
388,171,1
388,90,0
388,142,1
388,72,0
388,32,0
388,46,0
389,79,1
389,173,0
389,182,1
389,3,0
389,141,0
389,192,1
389,94,0
389,174,1
389,93,0
389,16,1
389,152,0
389,86,0
389,1,1
389,28,0
389,114,0
389,32,1
389,144,0
389,198,0
389,127,0
389,73,0
389,166,1
389,85,0
389,124,1
389,34,0
389,42,0
389,183,0
389,84,1
389,113,0
389,132,0
389,89,0
390,73,0
390,68,1
390,31,0
390,35,0
390,111,0
390,113,0
390,67,0
390,14,0
390,61,0
390,117,1
390,115,0
390,39,0
390,45,0
390,4,0
390,181,1
390,178,1
390,129,1
390,98,1
390,5,0
390,130,1
390,28,0
390,21,0
390,127,0
390,121,0
390,126,0
390,124,0
390,33,0
390,3,0
390,60,0
390,95,1
390,136,0
390,27,1
390,9,0
390,168,0
390,179,1
391,185,1
391,125,1
391,17,0
391,183,1
391,122,0
391,136,1
391,188,0
391,140,1
391,191,0
391,36,1
391,48,0
391,111,1
391,168,1
391,7,0
391,44,0
391,164,1
391,150,0
391,124,0
391,61,1
391,196,0
391,69,0
391,0,0
391,174,1
391,84,0
391,158,1
391,95,0
391,74,0
391,97,0
392,4,0
392,71,0
392,55,1
392,40,0
392,77,0
392,129,0
392,29,1
392,52,0
392,140,0
392,19,0
392,158,0
392,17,1
392,82,1
392,68,1
392,13,0
392,92,0
392,193,1
392,184,1
392,137,0
392,61,0
392,69,0
392,155,1
392,136,0
392,63,1
392,96,0
392,11,1
393,105,0
393,2,1
393,152,1
393,114,1
393,5,0
393,14,1
393,85,0
393,160,1
393,168,0
393,97,1
393,48,0
393,157,1
393,109,1
393,182,0
393,153,0
393,29,0
393,173,0
393,33,0
393,6,1
393,26,1
393,60,1
393,165,1
393,40,1
393,62,1
393,133,0
393,71,0
393,193,0
393,141,1
393,89,1
393,163,0
393,156,1
393,1,1
393,11,1
393,18,1
393,55,0
393,0,1
393,174,0
393,186,1
393,8,0
393,111,0
393,116,1
394,150,1
394,191,0
394,116,1
394,31,0
394,4,0
394,78,0
394,10,0
394,13,0
394,145,1
394,151,0
394,42,0
394,123,1
394,175,0
394,172,0
394,65,0
394,193,0
394,158,1
394,36,0
394,194,0
394,136,1
394,30,0
394,97,1
394,103,0
394,56,0
394,96,0
394,61,1
394,189,1
394,40,0
394,127,1
395,56,0
395,187,0
395,133,1
395,75,1
395,11,1
395,41,0
395,171,1
395,97,0
395,102,0
395,194,0
395,76,0
395,15,1
395,185,1
395,155,0
395,43,1
395,37,0
395,173,0
395,176,0
395,59,0
395,94,1
395,50,0
395,107,0
396,152,1
396,151,0
396,91,0
396,10,0
396,38,0
396,14,0
396,45,1
396,184,1
396,82,0
396,79,0
396,60,0
396,179,1
396,30,0
396,27,1
396,107,0
396,1,0
396,9,0
396,190,1
396,137,0
396,146,0
396,125,0
396,59,0
396,4,1
396,40,1
396,25,0
396,75,1
396,136,0
396,126,1
396,43,1
396,47,0
396,63,0
396,127,0
396,109,0
396,51,1
396,56,0
396,50,1
396,118,1
396,186,1
396,161,1
396,81,0
396,95,0
396,23,1
396,67,1
396,167,1
396,198,0
396,73,1
396,135,1
396,68,1
396,54,0
396,99,0
397,11,0
397,124,0
397,94,0
397,66,0
397,141,0
397,199,1
397,43,0
397,44,0
397,101,1
397,144,0
397,93,0
397,60,1
397,113,0
397,56,0
397,75,1
397,30,1
397,181,0
397,16,0
397,146,0
397,82,1
397,47,1
397,100,0
397,119,0
397,115,1
397,123,0
397,195,0
397,105,0
397,132,1
397,81,1
397,136,1
397,107,0
397,5,0
397,122,1
397,7,1
397,139,0
397,167,0
397,29,0
397,133,1
397,48,0
397,180,0
397,173,0
397,54,0
397,196,0
397,14,0
397,157,0
397,92,0
397,33,0
397,147,1
398,0,1
398,28,0
398,25,0
398,57,1
398,178,1
398,134,0
398,89,0
398,77,0
398,49,0
398,4,0
398,29,0
398,2,0
398,71,0
398,159,0
398,46,0
398,45,0
398,184,1
398,21,0
398,162,0
398,147,1
398,163,0
398,9,0
398,93,1
398,124,1
398,87,0
398,50,0
398,85,0
398,148,1
398,73,0
398,16,0
398,176,1
398,135,0
398,83,0
398,54,0
398,65,0
399,179,1
399,22,0
399,96,0
399,11,1
399,31,0
399,125,0
399,29,0
399,73,1
399,153,1
399,10,0
399,53,1
399,99,0
399,171,1
399,106,0
399,159,0
399,77,0
399,143,0
399,80,1
399,115,1
399,19,0
399,12,0
399,65,1
399,128,1
399,15,0
399,28,0
399,1,0
399,79,0
399,16,0
399,64,0
399,192,1
399,105,0
399,193,1
399,167,0
399,47,1
399,162,1
399,42,0
399,117,0
399,194,0
399,23,1
400,91,1
400,195,1
400,118,0
400,183,0
400,61,0
400,10,0
400,42,1
400,117,0
400,138,1
400,40,1
400,46,0
400,0,0
400,15,0
400,24,1
400,176,0
400,140,1
400,6,1
400,187,1
400,170,0
400,135,0
400,19,0
400,111,0
400,177,0
400,134,1
400,143,1
400,174,0
400,122,0
400,171,0
400,58,0
400,76,1
400,99,0
400,66,0
400,72,0
400,92,0
400,11,0
400,161,0
400,7,1
400,178,0
400,104,1
400,130,1
400,172,1
400,124,1
400,163,0
400,71,0
400,29,1
400,23,0
400,96,0
400,88,0
400,16,0
400,114,0
401,1,0
401,29,1
401,132,1
401,189,1
401,4,1
401,91,0
401,139,0
401,38,0
401,185,0
401,59,0
401,81,0
401,144,1
401,157,1
401,0,0
401,40,0
401,71,1
401,42,1
401,126,1
401,159,1
401,116,1
401,128,0
401,140,0
401,7,0
401,106,1
401,165,0
401,62,1
401,95,0
401,73,0
401,134,1
401,161,0
401,104,1
401,196,0
401,20,0
401,147,0
402,118,1
402,187,0
402,156,0
402,57,0
402,6,1
402,151,0
402,2,0
402,80,0
402,153,0
402,74,1
402,60,0
402,163,1
402,78,0
402,96,1
402,146,1
402,168,0
402,197,0
402,53,0
402,184,0
402,10,1
402,162,1
402,183,1
402,142,0
402,52,0
402,7,0
402,138,0
402,147,0
402,196,0
402,5,0
402,119,1
402,127,1
402,26,1
402,97,0
402,178,1
402,157,0
402,181,0
402,18,0
402,77,0
402,116,0
402,100,0
402,180,1
402,188,1
402,135,0
402,106,1
402,177,0
402,199,0
403,71,1
403,49,0
403,146,0
403,92,0
403,97,0
403,100,0
403,19,1
403,179,1
403,154,1
403,114,1
403,31,0
403,199,0
403,53,1
403,163,0
403,125,0
403,108,1
403,186,1
403,127,0
403,196,0
403,153,0
403,180,1
403,55,0
403,120,0
403,121,0
403,169,0
404,191,0
404,99,0
404,24,1
404,186,0
404,104,0
404,30,0
404,62,0
404,92,0
404,152,0
404,176,0
404,168,0
404,37,0
404,185,1
404,181,0
404,109,0
404,173,0
404,166,0
404,159,0
404,196,0
404,10,0
404,149,0
404,103,0
404,3,1
404,57,1
404,36,1
404,21,0
404,143,0
404,130,0
404,79,0
404,35,0
404,73,0
404,88,0
404,34,0
404,41,0
404,18,0
404,89,0
404,85,0
404,178,1
404,195,0
404,38,0
404,55,0
404,51,0
405,106,1
405,54,1
405,96,0
405,132,0
405,109,0
405,9,0
405,153,0
405,197,1
405,74,0
405,10,0
405,89,0
405,50,1
405,11,1
405,103,1
405,34,1
405,124,1
405,38,1
405,137,1
405,27,1
405,41,0
405,55,0
405,64,0
405,152,0
405,58,0
405,85,0
405,138,1
405,25,0
405,73,0
405,139,0
405,45,0
405,119,0
405,136,1
405,42,1
405,167,0
405,44,0
405,191,1
405,56,0
405,195,0
405,183,0
406,42,0
406,195,0
406,100,1
406,10,0
406,181,0
406,4,1
406,136,0
406,62,0
406,28,0
406,160,0
406,82,0
406,61,1
406,70,1
406,111,1
406,197,0
406,86,1
406,46,0
406,148,1
406,25,0
406,40,0
406,12,0
406,73,0
406,108,1
407,82,0
407,99,1
407,27,1
407,70,1
407,77,1
407,113,0
407,84,1
407,16,0
407,21,0
407,25,1
407,182,1
407,157,1
407,30,0
407,187,1
407,26,0
407,173,1
407,103,0
407,151,1
407,46,1
407,78,1
407,152,0
407,193,1
407,156,0
407,28,1
407,127,0
408,141,0
408,117,0
408,198,0
408,94,1
408,43,1
408,13,1
408,175,0
408,167,0
408,115,1
408,102,0
408,16,0
408,154,0
408,90,1
408,97,0
408,35,0
408,0,0
408,98,1
408,72,0
408,55,0
408,132,0
408,84,0
408,172,0
408,169,0
408,37,1
408,146,1
408,52,0
408,149,0
408,136,1
408,199,1
408,12,1
408,144,1
408,104,0
408,151,0
408,111,1
408,70,0
408,83,0
408,100,1
408,156,1
408,182,0
408,171,0
408,89,1
408,134,0
408,73,0
409,31,0
409,28,0
409,126,0
409,63,0
409,166,1
409,27,0
409,21,1
409,89,0
409,70,0
409,62,0
409,1,0
409,43,0
409,54,1
409,45,0
409,187,0
409,69,0
409,90,0
409,86,0
409,180,1
409,175,0
409,6,0
409,116,0
409,18,0
409,44,0
409,195,1
409,154,0
409,134,1
409,141,0
409,114,0
409,168,0
409,171,0
409,184,1
409,26,0
409,60,0
409,59,0
409,106,1
409,131,0
409,82,0
409,151,0
409,132,1
409,78,0
409,87,0
409,149,1
409,119,0
410,100,0
410,196,0
410,109,1
410,0,0
410,83,0
410,25,1
410,34,0
410,156,1
410,185,0
410,69,0
410,86,1
410,8,0
410,59,0
410,193,0
410,132,1
410,135,0
410,149,0
410,61,1
410,122,0
410,151,0
410,159,1
410,165,1
410,82,1
410,94,1
410,103,1
410,101,0
410,177,0
410,31,0
410,67,0
410,30,1
410,41,1
410,58,1
410,128,0
410,105,1
410,168,0
410,78,0
410,42,1
410,130,0
410,3,0
410,153,1
410,112,0
410,182,0
410,113,0
410,126,0
410,36,0
410,181,0
410,90,0
410,28,1
410,22,0
411,40,1
411,9,0
411,149,0
411,127,1
411,29,0
411,3,1
411,169,0
411,144,0
411,30,1
411,163,0
411,2,0
411,98,1
411,41,1
411,186,0
411,45,0
411,123,1
411,48,1
411,69,0
411,11,1
411,198,1
411,78,0
412,56,0
412,110,0
412,117,0
412,65,0
412,142,1
412,90,0
412,53,0
412,55,0
412,167,0
412,69,0
412,178,0
412,100,0
412,198,0
412,16,0
412,113,0
412,180,0
412,186,1
412,187,0
412,33,1
412,5,0
412,161,0
412,165,0
412,52,0
412,176,1
412,98,0
412,22,0
412,169,0
412,84,1
412,95,0
412,137,1
412,67,0
412,49,0
412,60,0
413,44,0
413,148,1
413,163,1
413,15,1
413,10,0
413,11,0
413,71,0
413,12,0
413,169,1
413,133,0
413,100,1
413,152,1
413,197,1
413,5,0
413,26,0
413,68,1
413,136,0
413,14,1
413,99,0
413,41,1
413,106,0
414,121,0
414,151,0
414,15,0
414,191,0
414,76,0
414,12,0
414,3,1
414,87,1
414,139,0
414,32,0
414,146,1
414,64,0
414,38,0
414,147,0
414,110,1
414,131,0
414,173,0
414,193,0
414,9,0
414,88,1
414,92,0
414,75,1
415,191,1
415,127,0
415,25,0
415,100,1
415,114,0
415,32,1
415,0,1
415,193,0
415,75,0
415,23,1
415,13,0
415,95,0
415,7,0
415,38,0
415,49,1
415,140,0
415,186,0
415,123,1
415,139,0
415,102,0
415,96,0
415,147,0
416,113,0
416,43,0
416,187,0
416,10,1
416,115,0
416,59,0
416,16,0
416,181,1
416,47,0
416,77,1
416,123,1
416,119,0
416,50,0
416,69,0
416,198,0
416,20,0
416,114,1
416,186,0
416,81,1
416,143,0
416,17,1
416,65,1
416,109,0
416,36,1
416,88,0
416,191,0
416,108,0
416,153,0
416,176,0
417,120,0
417,130,1
417,42,1
417,87,1
417,93,0
417,164,1
417,71,1
417,145,1
417,76,0
417,126,0
417,171,1
417,45,0
417,116,1
417,149,0
417,54,1
417,181,0
417,51,0
417,139,0
417,58,0
417,30,0
417,158,1
417,40,1
417,4,0
417,26,0
417,167,0
417,7,0
417,192,0
418,192,0
418,153,0
418,79,0
418,17,1
418,93,0
418,109,0
418,63,0
418,89,0
418,103,0
418,196,1
418,10,1
418,185,1
418,38,0
418,177,1
418,21,1
418,101,1
418,30,0
418,41,0
418,73,1
418,199,0
418,183,1
418,118,1
418,13,0
418,70,0
418,155,0
418,11,1
418,77,0
418,26,1
418,60,0
418,55,0
418,143,0
418,198,0
418,193,0
419,7,1
419,47,0
419,145,0
419,28,0
419,104,0
419,130,0
419,53,0
419,108,0
419,17,0
419,78,1
419,197,0
419,15,1
419,88,0
419,155,1
419,174,0
419,45,0
419,29,1
419,39,1
419,187,0
419,69,0
419,3,1
419,107,0
419,118,0
419,198,0
419,66,0
419,184,0
419,115,0
419,116,0
419,26,1
419,159,0
419,34,0
419,196,0
419,111,1
419,170,0
419,21,0
419,125,1
419,44,0
419,102,0
419,31,1
419,179,0
419,190,1
419,58,1
419,132,0
419,158,1
419,166,1
419,14,1
419,37,0
419,121,1
419,30,0
420,188,0
420,114,1
420,21,1
420,174,0
420,64,0
420,76,1
420,96,0
420,1,1
420,107,0
420,30,0
420,58,1
420,65,0
420,110,0
420,0,1
420,146,1
420,79,1
420,24,0
420,52,0
420,184,1
420,173,1
420,99,0
420,3,1
420,89,0
420,129,1
420,83,0
420,43,1
421,175,1
421,34,0
421,148,0
421,142,1
421,170,0
421,195,0
421,173,1
421,80,1
421,75,1
421,199,1
421,168,1
421,50,0
421,125,0
421,66,1
421,99,0
421,178,0
421,31,0
421,112,1
421,1,1
421,68,1
421,126,0
421,55,0
421,157,0
421,41,0
421,127,1
421,73,0
421,179,1
421,90,1
421,94,0
421,116,0
421,23,1
421,38,0
421,152,1
421,64,0
421,63,0
421,12,0
421,26,0
422,49,0
422,10,0
422,81,0
422,85,0
422,170,0
422,148,0
422,31,0
422,0,0
422,99,1
422,184,0
422,137,0
422,13,0
422,86,0
422,107,0
422,77,1
422,76,1
422,45,0
422,142,0
422,11,1
422,144,0
422,132,0
422,179,0
422,24,1
422,23,0
422,70,1
422,182,0
422,161,0
422,146,0
422,7,0
422,19,0
422,195,0
422,90,1
422,120,0
422,91,0
422,78,0
422,177,0
422,157,0
422,141,0
422,172,1
422,181,0
422,130,0
422,197,0
422,190,0
422,93,1
423,52,0
423,199,1
423,138,1
423,34,0
423,36,1
423,65,0
423,69,1
423,137,1
423,75,1
423,73,0
423,157,0
423,3,0
423,192,0
423,100,1
423,125,0
423,11,0
423,175,1
423,76,0
423,151,0
423,32,1
423,103,0
423,95,0
423,197,1
423,83,1
423,193,0
424,91,0
424,138,1
424,32,1
424,170,0
424,113,0
424,86,1
424,17,1
424,154,0
424,33,1
424,81,0
424,171,0
424,165,0
424,35,0
424,57,1
424,13,1
424,192,1
424,5,0
424,105,1
424,157,1
424,36,0
424,196,1
424,156,1
424,24,0
424,43,0
424,107,0
424,72,0
424,22,1
424,116,0
424,26,0
424,37,0
424,129,0
424,45,0
424,68,1
424,95,0
424,80,0
424,49,1
424,109,0
424,103,0
424,190,0
424,111,1
424,136,0
424,135,0
424,146,1
424,9,1
424,89,0
424,69,0
424,124,0
424,6,0
425,49,1
425,191,0
425,57,0
425,100,1
425,114,0
425,158,1
425,138,0
425,189,0
425,151,0
425,145,0
425,71,0
425,68,0
425,198,0
425,174,1
425,154,0
425,173,0
425,137,0
425,104,1
425,136,0
425,112,0
425,45,0
425,8,1
425,146,1
425,6,0
425,74,1
425,42,0
426,54,0
426,189,1
426,58,1
426,177,0
426,43,0
426,188,0
426,29,1
426,90,0
426,196,0
426,194,1
426,171,0
426,77,0
426,110,0
426,52,0
426,98,0
426,119,0
426,152,0
426,0,0
426,82,0
426,108,0
426,96,0
426,134,0
426,179,0
426,34,1
426,149,1
426,70,1
426,23,0
426,139,0
426,26,1
426,28,0
426,94,1
426,114,0
426,93,1
426,128,1
427,52,1
427,29,0
427,145,0
427,27,1
427,26,1
427,62,0
427,86,0
427,17,1
427,178,0
427,134,0
427,121,1
427,69,0
427,76,1
427,128,1
427,56,0
427,99,0
427,70,1
427,185,0
427,129,1
427,90,0
427,4,0
427,135,1
427,88,0
427,15,0
427,102,0
427,189,0
427,199,1
427,40,0
427,112,1
427,81,1
427,137,1
427,160,1
427,195,0
428,193,0
428,84,0
428,40,1
428,56,0
428,168,0
428,34,1
428,52,0
428,182,1
428,190,0
428,199,0
428,156,1
428,65,1
428,90,0
428,69,0
428,62,0
428,125,0
428,44,1
428,3,1
428,27,1
428,186,0
428,6,1
428,53,0
428,79,0
428,50,1
428,111,0
428,95,1
428,170,0
429,29,1
429,155,0
429,98,0
429,136,0
429,63,0
429,23,0
429,132,0
429,18,0
429,196,1
429,185,1
429,51,1
429,141,0
429,116,0
429,57,1
429,183,0
429,156,0
429,70,0
429,106,0
429,195,1
429,127,0
429,45,0
429,101,1
429,72,0
429,93,0
430,40,0
430,116,1
430,141,0
430,56,0
430,165,1
430,18,0
430,167,1
430,155,1
430,192,0
430,185,1
430,120,0
430,111,1
430,191,1
430,65,0
430,157,0
430,126,0
430,93,0
430,183,0
430,188,0
430,123,0
430,168,0
431,87,1
431,47,1
431,14,0
431,134,1
431,25,0
431,70,1
431,169,0
431,86,1
431,96,0
431,46,1
431,53,0
431,194,1
431,137,0
431,126,0
431,34,0
431,154,1
431,147,1
431,103,0
431,173,0
431,170,1
431,94,0
431,148,0
431,75,0
431,141,1
431,83,0
431,54,0
431,109,0
431,188,0
431,44,1
431,88,1
431,98,0
431,177,1
431,66,0
431,175,0
431,61,0
431,85,1
431,166,0
431,26,1
431,193,1
431,36,0
431,199,0
431,151,0
431,181,0
431,197,0
432,68,1
432,70,0
432,111,0
432,172,1
432,56,0
432,29,1
432,37,0
432,133,1
432,72,1
432,58,0
432,30,0
432,182,1
432,90,0
432,173,1
432,169,0
432,187,0
432,54,0
432,124,0
432,83,1
432,95,0
432,125,0
432,51,1
432,86,1
433,194,0
433,170,1
433,32,0
433,70,0
433,57,1
433,117,1
433,114,0
433,98,1
433,17,0
433,33,0
433,131,0
433,25,0
433,195,0
433,22,0
433,74,0
433,19,0
433,116,1
433,125,1
433,2,0
433,91,1
433,100,1
433,101,0
433,161,1
433,140,1
433,66,0
434,52,0
434,17,1
434,58,0
434,37,0
434,185,0
434,38,0
434,196,0
434,19,1
434,0,0
434,155,0
434,179,0
434,60,0
434,189,0
434,153,0
434,165,0
434,67,0
434,125,1
434,34,0
434,91,0
434,176,0
434,168,1
434,198,1
434,104,0
434,46,0
434,5,1
434,131,0
434,114,1
434,133,1
434,1,0
434,70,0
434,2,0
435,187,0
435,110,1
435,43,0
435,141,0
435,185,0
435,47,0
435,192,0
435,50,0
435,55,1
435,54,1
435,126,0
435,184,0
435,20,1
435,21,0
435,94,1
435,105,0
435,102,0
435,124,0
435,86,0
435,16,0
435,31,1
435,3,0
435,182,0
435,72,1
435,61,0
436,154,1
436,153,0
436,85,0
436,48,0
436,144,1
436,61,0
436,16,1
436,22,0
436,45,0
436,97,1
436,155,0
436,71,0
436,86,1
436,172,0
436,146,0
436,157,0
436,135,0
436,116,1
436,143,1
436,181,1
436,138,0
436,27,1
436,77,1
436,5,0
436,42,1
436,145,0
436,73,0
436,1,1
436,46,0
436,180,0
436,123,1
436,32,0
436,30,1
436,21,1
436,29,1
436,68,1
436,103,0
436,106,0
436,2,0
437,45,1
437,151,1
437,126,1
437,65,0
437,58,1
437,136,1
437,178,0
437,184,0
437,8,0
437,73,0
437,17,0
437,96,0
437,33,0
437,7,0
437,173,0
437,37,0
437,112,0
437,164,0
437,83,0
437,42,0
437,102,0
437,158,1
437,140,1
437,175,0
437,181,0
437,99,0
437,110,0
437,133,1
437,148,1
437,1,0
437,146,1
437,152,0
437,135,0
437,183,0
437,107,1
437,30,1
437,27,0
437,186,0
437,104,1
437,51,0
437,194,0
437,4,0
437,160,1
437,108,1
438,127,1
438,84,1
438,125,1
438,23,1
438,40,0
438,197,0
438,120,1
438,8,1
438,95,1
438,192,1
438,135,0
438,2,1
438,126,1
438,130,0
438,122,0
438,129,0
438,26,0
438,79,1
438,35,1
438,170,0
438,68,1
438,138,0
438,105,0
438,191,0
438,18,0
438,74,0
438,49,1
438,143,0
438,109,0
438,141,1
438,48,1
438,90,0
438,9,1
438,119,1
438,155,0
438,16,0
438,113,1
438,97,1
438,194,0
438,71,0
438,158,0
438,27,1
439,162,1
439,109,0
439,59,0
439,143,0
439,87,0
439,166,0
439,151,1
439,168,0
439,118,0
439,153,1
439,41,1
439,195,1
439,144,0
439,95,0
439,7,1
439,70,0
439,141,0
439,31,0
439,20,0
439,52,0
439,177,0
439,110,1
439,152,1
439,142,0
439,108,0
439,25,0
439,140,1
439,120,0
439,4,0
439,178,0
439,55,0
439,93,0
439,129,0
439,180,1
439,63,1
439,115,0
439,154,1
439,107,0
439,188,0
440,122,0
440,109,0
440,149,0
440,80,0
440,139,1
440,16,1
440,93,0
440,86,1
440,166,1
440,39,0
440,154,1
440,82,0
440,20,0
440,31,0
440,167,1
440,1,0
440,6,0
440,94,0
440,195,0
440,103,0
440,183,0
440,181,1
440,110,1
440,197,0
440,192,1
440,37,0
440,145,0
440,8,0
440,54,0
440,117,1
440,136,1
440,44,0
441,178,0
441,101,0
441,117,0
441,22,0
441,23,0
441,2,0
441,3,1
441,182,0
441,110,0
441,195,1
441,140,0
441,79,0
441,40,0
441,59,0
441,33,1
441,64,0
441,61,0
441,52,1
441,18,1
441,0,1
441,89,0
441,96,0
441,58,1
441,41,1
441,92,1
441,169,0
441,175,1
442,83,1
442,172,1
442,5,1
442,22,0
442,52,0
442,72,0
442,84,1
442,16,0
442,61,0
442,87,0
442,151,1
442,120,0
442,130,1
442,51,0
442,35,0
442,32,0
442,162,0
442,78,0
442,15,0
442,75,1
442,90,0
442,50,1
442,65,0
442,11,1
442,102,0
442,164,0
442,107,0
442,89,1
442,186,0
442,68,1
442,195,1
442,152,0
442,163,1
442,56,0
442,88,0
442,144,0
442,4,0
442,147,0
442,20,0
442,8,1
442,14,0
442,54,0
442,106,0
442,167,1
442,187,0
442,159,0
442,34,0
442,190,0
442,3,0
442,93,0
443,195,0
443,153,0
443,11,0
443,187,1
443,115,0
443,109,0
443,186,0
443,25,0
443,101,0
443,54,1
443,61,0
443,145,0
443,165,0
443,168,0
443,124,0
443,1,0
443,173,1
443,94,0
443,59,1
443,29,1
443,84,0
443,108,1
443,143,1
443,142,0
443,17,0
443,194,0
443,120,0
443,152,0
443,43,0
443,28,0
443,36,1
443,113,1
443,160,0
443,157,0
443,85,0
443,66,0
443,162,0
443,130,0
443,125,0
443,31,1
443,23,0
443,12,0
443,39,1
443,48,1
443,166,1
443,70,0
443,33,0
443,189,1
444,150,0
444,132,0
444,47,0
444,29,0
444,51,1
444,20,0
444,151,0
444,54,0
444,162,0
444,117,0
444,104,1
444,176,0
444,155,1
444,9,0
444,175,0
444,186,1
444,0,0
444,106,0
444,161,0
444,57,0
444,123,0
444,2,1
444,159,0
444,189,1
444,24,0
444,153,0
444,41,1
444,1,1
444,140,1
444,94,0
444,164,0
444,62,1
444,179,0
444,113,1
444,173,0
444,197,0
444,169,1
444,35,0
445,94,0
445,57,0
445,55,1
445,24,1
445,14,1
445,81,0
445,160,0
445,136,0
445,54,0
445,92,0
445,125,0
445,97,0
445,22,0
445,104,0
445,75,0
445,107,0
445,178,1
445,86,1
445,68,0
445,141,0
445,98,0
445,132,0
445,182,0
445,128,0
445,116,0
445,153,0
445,129,0
445,175,1
445,95,0
445,150,1
445,93,0
445,91,0
445,148,0
445,135,0
445,73,0
445,25,0
445,72,0
445,36,1
445,59,0
445,45,0
445,47,1
445,37,0
445,142,0
445,144,0
445,196,1
445,96,0
445,84,0
445,189,1
445,34,0
446,110,1
446,173,1
446,116,1
446,101,0
446,135,1
446,159,0
446,93,1
446,80,0
446,11,1
446,171,1
446,32,0
446,21,1
446,183,0
446,156,0
446,109,0
446,119,0
446,79,1
446,43,1
446,128,0
446,17,0
446,85,1
446,0,0
446,160,0
446,6,1
446,186,1
446,122,0
446,99,0
446,111,0
446,153,0
446,133,1
446,184,0
446,8,0
446,42,1
446,54,0
446,10,1
446,86,0
446,90,1
446,4,0
446,104,0
446,36,0
446,46,0
446,155,0
446,143,0
446,154,0
446,78,1
446,103,1
446,59,0
447,23,1
447,187,1
447,50,1
447,163,0
447,139,0
447,62,0
447,78,1
447,95,1
447,36,0
447,18,0
447,61,0
447,81,1
447,65,0
447,178,0
447,166,0
447,2,0
447,199,0
447,88,0
447,177,0
447,114,0
448,171,0
448,177,1
448,54,0
448,167,0
448,162,1
448,53,0
448,3,1
448,66,0
448,75,1
448,100,0
448,26,0
448,115,1
448,145,0
448,199,0
448,163,1
448,183,0
448,127,1
448,172,1
448,192,1
448,153,1
448,80,0
448,21,1
448,62,0
448,48,0
448,98,0
448,143,0
448,125,0
448,173,1
448,17,1
448,63,0
448,118,1
449,197,0
449,100,0
449,132,0
449,187,0
449,101,0
449,153,0
449,51,0
449,158,1
449,171,1
449,191,0
449,28,0
449,98,0
449,111,0
449,0,1
449,114,0
449,39,0
449,44,0
449,75,0
449,134,1
449,69,0
449,55,0
449,79,0
449,178,0
449,47,1
449,62,1
449,64,0
450,67,0
450,85,0
450,132,1
450,107,0
450,113,0
450,78,1
450,97,0
450,51,1
450,169,0
450,53,0
450,50,0
450,155,0
450,190,0
450,188,0
450,17,1
450,183,1
450,166,1
450,108,0
450,184,0
450,157,0
450,167,0
450,31,0
451,105,0
451,42,1
451,93,1
451,148,1
451,71,1
451,70,0
451,14,0
451,165,1
451,166,0
451,28,1
451,63,0
451,174,1
451,190,0
451,100,0
451,26,1
451,58,0
451,156,0
451,164,0
451,6,0
451,68,1
451,143,1
451,116,0
451,88,0
451,57,1
451,97,1
451,167,0
451,189,0
451,34,1
451,123,1
451,102,1
451,80,0
451,46,0
451,175,1
451,36,1
451,32,0
451,35,1
451,95,0
451,0,0
451,109,0
451,176,1
451,138,0
451,43,0
451,120,0
452,95,0
452,40,1
452,17,0
452,53,1
452,150,1
452,51,0
452,33,0
452,8,0
452,34,0
452,116,1
452,161,1
452,16,0
452,67,1
452,68,0
452,38,0
452,189,0
452,58,0
452,9,0
452,14,1
452,12,0
452,156,1
452,174,0
452,147,0
452,123,0
452,81,0
452,149,0
452,75,0
453,142,1
453,85,0
453,185,0
453,111,0
453,186,0
453,99,1
453,123,0
453,96,0
453,128,1
453,184,1
453,118,1
453,155,0
453,93,0
453,91,0
453,74,1
453,88,0
453,178,0
453,54,1
453,0,1
453,140,1
454,52,1
454,128,1
454,172,0
454,41,0
454,98,1
454,93,0
454,46,0
454,50,0
454,189,0
454,129,1
454,83,1
454,99,0
454,170,0
454,119,0
454,40,0
454,20,1
454,157,0
454,142,0
454,23,0
454,79,0
454,114,1
454,156,0
454,31,0
454,125,0
454,49,0
454,141,0
454,144,0
454,122,0
454,43,0
454,178,0
454,124,0
454,194,0
454,25,0
455,157,0
455,32,1
455,108,0
455,117,0
455,28,0
455,70,0
455,104,0
455,17,0
455,30,0
455,39,0
455,90,1
455,11,0
455,156,1
455,133,0
455,81,0
455,35,0
455,87,1
455,48,1
455,1,0
455,101,0
455,86,1
455,118,1
455,83,1
455,74,1
455,82,1
455,127,0
455,46,0
455,94,1
456,16,1
456,123,0
456,97,0
456,113,1
456,89,1
456,88,1
456,33,0
456,157,0
456,44,0
456,83,0
456,79,0
456,187,0
456,24,1
456,9,0
456,118,1
456,168,1
456,34,0
456,180,0
456,3,0
456,37,0
456,42,0
456,76,0
457,168,0
457,182,0
457,190,0
457,173,1
457,69,0
457,16,1
457,198,1
457,31,0
457,95,1
457,29,0
457,196,1
457,77,0
457,199,1
457,42,1
457,166,1
457,67,0
457,53,1
457,197,1
457,193,0
457,131,1
457,50,1
457,108,1
457,143,0
457,187,0
457,79,1
457,11,1
457,75,0
457,19,1
457,115,0
457,84,1
457,22,0
457,86,0
457,18,1
457,133,0
457,2,0
458,87,0
458,159,0
458,135,0
458,73,0
458,125,0
458,130,1
458,171,1
458,65,0
458,15,1
458,17,0
458,166,1
458,108,0
458,165,0
458,29,1
458,100,0
458,167,0
458,156,0
458,75,0
458,84,0
458,144,0
458,162,0
458,43,0
458,51,1
459,70,0
459,112,1
459,72,1
459,102,1
459,59,0
459,22,0
459,178,1
459,21,0
459,122,0
459,45,1
459,149,0
459,123,0
459,192,1
459,144,0
459,78,0
459,63,1
459,46,0
459,166,0
459,177,0
459,51,0
460,87,0
460,113,0
460,134,1
460,162,0
460,130,0
460,165,0
460,39,0
460,20,0
460,65,0
460,3,1
460,54,0
460,117,0
460,0,1
460,191,0
460,129,0
460,98,0
460,11,0
460,195,0
460,175,0
460,199,0
460,167,0
460,64,0
461,180,0
461,65,1
461,194,0
461,68,0
461,115,0
461,197,0
461,20,0
461,94,1
461,19,0
461,135,1
461,9,1
461,45,0
461,0,0
461,107,0
461,143,0
461,16,1
461,57,1
461,51,0
461,98,0
461,75,0
461,26,1
461,159,0
461,129,0
461,130,0
461,189,0
461,76,0
461,174,0
461,184,0
461,55,0
461,11,1
461,110,0
461,179,0
461,35,0
461,80,0
461,40,0
461,188,1
461,157,0
461,27,1
461,39,0
461,93,0
461,103,1
461,44,1
461,145,1
461,185,0
461,190,0
461,38,0
461,53,0
462,12,0
462,194,0
462,156,0
462,169,0
462,74,0
462,56,0
462,110,0
462,182,1
462,6,0
462,58,1
462,66,0
462,28,1
462,112,0
462,38,0
462,127,1
462,95,0
462,46,1
462,5,0
462,103,0
462,135,1
462,186,0
462,85,0
462,26,0
462,59,0
462,145,0
462,16,0
462,54,0
462,78,0
462,131,0
462,86,0
462,114,1
462,141,0
462,198,1
462,87,0
462,25,1
462,100,0
462,9,1
462,176,1
462,18,0
462,29,0
463,141,0
463,148,1
463,5,0
463,86,1
463,107,1
463,81,0
463,13,0
463,61,1
463,55,1
463,35,1
463,53,1
463,173,0
463,137,1
463,182,0
463,87,0
463,170,0
463,24,1
463,79,0
463,103,0
463,150,0
463,147,0
463,119,0
463,142,0
463,83,1
463,34,1
463,72,0
463,161,1
463,98,1
463,73,0
463,127,0
463,80,1
463,27,1
463,106,0
464,194,1
464,156,0
464,9,1
464,56,0
464,115,0
464,112,0
464,144,0
464,155,0
464,70,1
464,163,0
464,114,1
464,169,0
464,48,1
464,118,0
464,177,0
464,138,1
464,53,0
464,83,1
464,130,0
464,168,0
464,197,0
464,57,1
464,125,0
464,116,0
464,39,0
464,175,0
464,172,0
464,199,0
464,43,1
464,73,1
464,85,0
464,68,1
464,164,0
464,87,0
464,160,0
464,54,1
464,149,0
464,128,1
464,189,0
464,135,1
464,4,1
464,20,0
464,167,1
464,96,1
464,72,0
464,60,0
465,138,1
465,179,0
465,111,1
465,78,1
465,27,1
465,122,0
465,19,1
465,7,0
465,59,0
465,52,0
465,38,0
465,30,1
465,96,0
465,155,0
465,194,1
465,4,0
465,39,1
465,190,0
465,20,0
465,130,1
465,164,0
465,105,0
465,86,0
465,31,0
465,70,1
465,151,0
465,53,1
465,72,0
465,171,1
465,128,1
465,174,0
465,106,0
465,141,0
465,183,0
465,167,1
465,145,0
466,25,0
466,100,1
466,127,0
466,137,0
466,107,0
466,118,0
466,70,1
466,154,1
466,109,0
466,64,0
466,103,0
466,91,1
466,190,0
466,196,1
466,71,1
466,24,1
466,23,1
466,29,0
466,44,1
466,54,0
466,86,0
466,158,0
466,189,0
466,33,1
466,11,1
466,147,0
466,34,1
466,172,1
466,67,1
466,50,1
466,151,0
466,104,0
466,198,0
466,68,0
466,65,1
466,28,1
466,84,0
466,98,0
466,39,0
466,121,1
466,60,0
466,123,1
466,119,0
467,189,0
467,54,0
467,172,0
467,27,1
467,198,1
467,17,0
467,10,0
467,151,0
467,2,1
467,55,0
467,157,1
467,184,0
467,95,0
467,69,0
467,67,1
467,75,0
467,71,0
467,122,1
467,34,0
467,138,1
467,142,1
467,26,0
467,23,1
467,162,0
467,52,0
467,4,0
467,58,0
467,165,0
467,0,1
467,19,1
467,64,0
467,164,0
467,181,1
467,126,0
467,68,1
467,102,0
467,199,0
467,15,0
467,154,1
467,170,0
467,78,1
467,48,1
467,155,1
467,123,0
467,20,1
467,90,0
467,7,0
467,197,0
467,83,1
468,181,1
468,82,0
468,141,1
468,1,1
468,151,0
468,93,1
468,196,0
468,34,1
468,53,0
468,179,0
468,164,0
468,88,0
468,29,0
468,102,0
468,147,1
468,56,0
468,61,0
468,92,0
468,85,0
468,154,1
468,103,0
468,72,0
468,158,0
468,77,0
468,66,0
468,57,1
468,116,1
468,96,1
468,148,0
468,183,0
468,32,1
468,190,1
468,38,1
468,180,0
468,124,0
468,152,1
469,5,1
469,86,0
469,155,0
469,7,1
469,96,0
469,173,0
469,104,0
469,49,1
469,128,1
469,24,0
469,84,1
469,85,1
469,31,1
469,165,0
469,69,1
469,56,0
469,29,0
469,30,1
469,21,0
469,195,0
469,186,0
469,22,0
469,157,0
469,38,0
469,154,1
469,184,0
469,87,1
469,196,0
469,13,0
469,147,1
469,105,0
469,169,0
469,81,1
469,37,1
469,160,0
469,71,1
469,125,0
469,50,1
469,111,1
470,57,0
470,81,0
470,194,1
470,23,1
470,142,0
470,183,0
470,102,0
470,3,1
470,10,1
470,126,0
470,119,0
470,15,1
470,44,1
470,130,1
470,0,0
470,148,0
470,50,0
470,18,1
470,24,1
470,8,0
470,153,0
470,192,0
470,53,0
470,66,1
470,6,0
470,68,0
470,168,0
470,13,0
470,42,0
470,103,0
470,67,1
470,38,0
470,25,0
470,34,1
471,32,0
471,23,1
471,182,0
471,39,0
471,149,0
471,121,1
471,95,0
471,191,1
471,142,1
471,117,0
471,158,1
471,150,0
471,184,0
471,186,0
471,29,0
471,128,0
471,89,0
471,40,1
471,24,0
471,176,1
471,58,1
471,76,0
471,163,0
471,166,0
471,156,0
471,125,1
471,64,0
471,77,1
471,11,0
471,70,0
471,18,0
471,123,1
471,59,0
471,63,0
471,21,1
471,83,0
471,27,1
471,1,0
471,26,1
472,59,0
472,150,1
472,113,0
472,195,1
472,56,0
472,31,0
472,84,0
472,145,0
472,126,0
472,70,1
472,129,1
472,172,0
472,67,1
472,65,1
472,9,1
472,64,0
472,146,0
472,168,0
472,180,0
472,47,0
472,29,1
472,28,1
472,24,0
472,196,0
472,60,0
472,112,0
472,144,1
472,43,0
472,199,0
472,68,1
472,142,1
472,167,0
472,116,1
472,42,0
472,51,1
472,74,0
472,95,1
472,157,0
472,55,0
472,181,1
472,166,1
473,188,0
473,193,0
473,15,0
473,53,1
473,110,0
473,36,0
473,63,1
473,14,0
473,199,0
473,80,0
473,8,1
473,154,1
473,151,0
473,90,1
473,12,0
473,81,0
473,42,0
473,75,0
473,149,0
473,155,0
473,194,1
473,198,0
473,124,1
473,79,0
473,172,0
473,40,0
473,96,0
473,89,1
473,35,1
473,98,1
474,73,0
474,19,0
474,91,0
474,146,0
474,106,0
474,160,0
474,35,1
474,8,0
474,89,0
474,127,0
474,110,0
474,149,0
474,7,1
474,39,0
474,100,0
474,123,1
474,62,1
474,98,0
474,169,0
474,172,0
474,104,0
475,3,0
475,197,0
475,163,0
475,29,1
475,38,0
475,169,0
475,182,1
475,15,1
475,100,0
475,198,0
475,8,0
475,7,0
475,151,1
475,130,0
475,71,0
475,119,0
475,60,0
475,155,0
475,99,1
475,184,1
475,173,0
475,70,0
475,193,0
475,62,1
475,96,0
476,72,0
476,39,0
476,59,1
476,185,0
476,186,0
476,117,0
476,54,1
476,56,0
476,87,1
476,151,0
476,90,0
476,127,1
476,5,0
476,32,0
476,29,1
476,130,0
476,135,1
476,157,0
476,161,0
476,175,0
476,114,0
476,162,0
476,24,0
476,140,0
476,111,0
476,100,1
476,4,0
476,80,0
476,53,0
476,170,1
476,7,0
476,43,0
476,113,0
476,173,0
476,180,0
476,88,0
476,197,1
476,31,1
477,167,1
477,185,0
477,120,0
477,183,1
477,179,0
477,50,0
477,188,0
477,151,1
477,178,0
477,19,0
477,114,1
477,84,1
477,99,0
477,127,1
477,65,0
477,85,1
477,196,0
477,199,0
477,39,0
477,78,0
477,177,1
477,133,0
477,100,1
477,22,0
477,155,1
477,128,0
477,30,1
477,95,0
477,187,0
477,6,0
477,27,1
477,32,0
477,11,0
477,175,1
477,0,0
478,114,0
478,56,0
478,62,0
478,11,1
478,33,1
478,10,1
478,13,0
478,34,0
478,38,0
478,117,0
478,82,0
478,78,0
478,86,1
478,170,1
478,67,0
478,155,1
478,9,0
478,148,0
478,89,0
478,94,0
478,157,0
478,176,1
478,184,0
478,23,1
478,172,0
478,27,0
478,137,0
478,51,1
478,196,1
478,152,1
478,102,0
478,81,1
478,194,1
478,125,0
478,143,1
478,66,1
478,190,1
478,48,0
478,156,0
478,173,0
478,87,0
478,24,0
478,132,0
478,120,1
478,76,0
478,75,0
478,163,0
478,21,1
478,145,0
478,2,0
479,174,0
479,138,0
479,39,1
479,152,1
479,13,0
479,120,1
479,17,1
479,83,0
479,49,0
479,125,0
479,137,0
479,18,1
479,148,0
479,199,0
479,11,0
479,149,0
479,109,1
479,117,0
479,95,1
479,162,1
479,40,0
479,88,1
479,41,0
479,158,0
479,129,0
479,122,1
479,86,0
479,19,1
479,102,1
480,118,1
480,71,1
480,87,0
480,174,0
480,197,1
480,170,0
480,180,1
480,96,0
480,66,1
480,0,0
480,177,1
480,158,0
480,164,0
480,132,0
480,75,0
480,39,1
480,133,0
480,124,0
480,78,0
480,98,0
480,194,1
480,142,0
480,169,1
480,183,0
480,182,0
480,137,0
480,173,1
480,35,1
480,46,0
481,140,1
481,60,0
481,98,0
481,80,0
481,47,1
481,152,1
481,17,1
481,189,1
481,124,0
481,103,1
481,51,1
481,138,0
481,178,0
481,148,0
481,71,0
481,87,1
481,172,0
481,94,0
481,130,0
481,134,1
481,59,1
481,56,0
481,170,0
481,67,1
481,74,1
481,34,1
481,182,0
481,185,0
481,179,1
481,181,1
481,0,0
481,31,1
481,105,1
481,180,1
481,120,0
481,38,0
482,160,0
482,34,0
482,88,0
482,104,0
482,137,1
482,68,0
482,190,0
482,179,0
482,2,0
482,119,1
482,161,0
482,56,1
482,169,1
482,105,0
482,94,0
482,172,1
482,60,0
482,49,0
482,36,1
482,32,0
482,109,0
482,155,0
482,33,0
482,90,0
482,12,1
482,84,0
482,66,0
482,110,0
482,61,1
482,114,0
482,126,0
482,170,0
482,23,0
482,21,0
482,5,0
482,15,0
482,19,0
482,59,1
482,116,0
482,187,1
482,108,0
482,95,0
482,73,1
482,91,1
482,158,0
483,1,0
483,137,0
483,142,0
483,5,1
483,9,1
483,75,1
483,195,0
483,189,0
483,184,0
483,21,1
483,58,0
483,30,0
483,155,0
483,193,0
483,129,0
483,73,1
483,98,0
483,32,0
483,4,1
483,25,0
483,59,0
483,88,0
483,105,0
483,128,1
483,138,1
483,161,0
483,144,0
483,53,1
483,190,1
483,110,1
483,76,0
483,134,1
483,187,1
483,0,0
483,124,0
483,130,0
483,66,1
483,3,1
483,16,0
483,132,0
483,186,1
484,187,1
484,191,0
484,79,0
484,100,1
484,55,0
484,184,0
484,45,0
484,185,0
484,138,0
484,169,0
484,76,0
484,121,0
484,34,0
484,107,0
484,67,1
484,143,1
484,159,1
484,82,0
484,78,1
484,123,0
484,3,0
484,59,0
484,186,0
484,196,0
484,141,0
484,128,0
484,102,0
484,182,0
485,191,0
485,63,0
485,134,1
485,128,0
485,24,1
485,150,0
485,60,0
485,188,0
485,149,0
485,124,0
485,58,1
485,82,0
485,79,0
485,116,0
485,192,0
485,99,1
485,139,0
485,108,1
485,174,0
485,48,0
485,166,0
485,198,0
485,20,0
485,96,1
485,34,0
485,22,1
485,193,0
485,129,0
485,46,0
486,130,0
486,93,0
486,4,0
486,139,0
486,0,0
486,121,1
486,135,1
486,177,0
486,98,0
486,73,1
486,161,0
486,125,0
486,141,0
486,61,1
486,131,0
486,175,0
486,194,0
486,56,0
486,106,0
486,163,0
486,129,1
487,152,1
487,111,1
487,141,1
487,110,1
487,119,1
487,125,1
487,144,0
487,24,1
487,150,0
487,193,0
487,168,0
487,54,1
487,16,1
487,93,1
487,70,0
487,198,0
487,38,1
487,88,1
487,188,1
487,18,0
487,34,1
488,117,0
488,190,0
488,18,0
488,46,1
488,175,0
488,26,1
488,5,0
488,35,1
488,161,1
488,114,0
488,197,0
488,37,1
488,75,0
488,147,0
488,47,1
488,188,0
488,50,1
488,81,0
488,181,1
488,113,0
488,79,1
488,38,1
488,123,1
488,129,1
488,107,0
488,120,1
488,134,1
488,15,0
488,1,1
488,196,0
488,143,1
488,42,1
488,149,0
488,40,0
488,91,0
488,64,0
488,121,0
488,89,0
489,198,0
489,27,0
489,22,0
489,171,0
489,69,0
489,154,0
489,143,0
489,24,0
489,0,0
489,84,0
489,101,0
489,92,1
489,185,1
489,151,0
489,111,0
489,175,0
489,144,1
489,87,0
489,12,0
489,77,0
489,30,1
489,60,1
490,120,1
490,66,0
490,115,0
490,21,1
490,76,0
490,54,0
490,114,0
490,6,0
490,28,0
490,164,0
490,94,0
490,142,1
490,149,0
490,182,0
490,167,0
490,8,0
490,138,0
490,100,0
490,180,0
490,92,0
490,43,1
490,134,0
490,88,1
490,19,1
490,10,0
490,144,1
490,22,1
490,59,1
490,81,0
490,176,0
490,34,0
490,86,1
490,35,0
490,33,0
490,14,0
490,48,0
490,4,0
490,126,1
490,15,0
490,161,0
490,55,0
490,124,1
490,139,1
490,199,1
490,175,0
490,151,0
490,84,0
490,2,0
490,184,0
490,51,1
491,183,0
491,57,0
491,17,0
491,25,1
491,169,0
491,165,0
491,127,1
491,133,0
491,104,0
491,2,0
491,171,0
491,55,1
491,173,1
491,23,0
491,131,1
491,118,1
491,84,1
491,76,1
491,199,0
491,140,0
491,49,0
491,48,0
491,154,0
491,168,0
491,191,1
491,51,1
491,176,0
491,181,0
491,27,1
491,63,1
491,164,1
491,74,0
491,91,0
491,35,1
491,30,1
491,41,0
491,100,1
491,6,0
491,125,0
491,5,0
491,197,0
491,138,0
492,149,0
492,111,0
492,98,0
492,158,0
492,182,0
492,113,0
492,122,0
492,187,0
492,139,0
492,42,1
492,167,1
492,45,0
492,115,1
492,102,0
492,76,0
492,119,0
492,171,1
492,97,1
492,172,0
492,127,1
492,143,0
492,49,1
492,40,0
492,132,1
492,168,0
493,169,0
493,150,0
493,23,0
493,140,1
493,131,0
493,149,0
493,8,1
493,63,0
493,52,0
493,77,1
493,38,1
493,86,1
493,172,1
493,4,0
493,139,1
493,92,1
493,165,0
493,142,0
493,98,0
493,43,0
493,12,0
493,174,1
493,90,0
493,185,0
493,76,0
493,32,0
493,104,0
493,89,0
493,167,0
493,161,0
493,1,0
493,80,0
493,156,1
493,160,0
493,122,0
494,102,0
494,108,1
494,21,0
494,194,0
494,174,1
494,127,0
494,199,0
494,171,1
494,44,0
494,30,1
494,180,0
494,98,0
494,192,0
494,59,0
494,73,1
494,109,1
494,133,1
494,168,0
494,12,0
494,112,0
494,43,0
494,158,0
494,116,1
494,111,1
494,17,1
494,141,1
494,156,1
494,136,0
494,187,0
494,77,1
494,110,0
494,36,0
494,35,1
494,80,0
494,120,1
494,100,0
494,196,0
495,101,0
495,151,0
495,187,1
495,19,1
495,89,0
495,113,0
495,17,1
495,79,1
495,11,0
495,143,1
495,171,0
495,83,1
495,50,1
495,181,1
495,190,0
495,149,1
495,150,0
495,106,0
495,59,1
495,70,0
495,21,0
495,97,1
495,61,1
495,117,0
495,73,1
495,103,0
495,47,1
495,38,0
495,126,1
495,14,0
495,29,0
495,147,1
495,54,1
495,132,0
495,62,0
495,114,1
495,119,0
495,164,0
495,192,0
496,129,1
496,38,1
496,149,0
496,49,0
496,198,1
496,145,0
496,50,0
496,114,1
496,139,0
496,11,0
496,32,1
496,34,0
496,151,0
496,92,0
496,190,0
496,46,0
496,99,0
496,106,0
496,59,0
496,123,0
496,164,0
496,162,1
496,10,0
496,197,1
496,137,0
496,146,0
497,153,1
497,181,1
497,126,1
497,76,0
497,94,0
497,159,1
497,162,0
497,28,0
497,150,0
497,35,0
497,83,1
497,84,1
497,133,0
497,122,1
497,45,0
497,139,0
497,100,1
497,197,0
497,31,1
497,174,0
497,13,0
497,193,1
497,25,0
497,0,0
497,57,1
497,161,1
497,165,1
497,199,0
497,79,0
497,7,0
497,43,0
497,105,0
497,8,0
497,113,0
497,125,1
497,169,0
497,64,0
497,107,0
497,151,0
497,108,0
497,75,0
498,195,1
498,197,0
498,57,1
498,169,0
498,129,1
498,47,0
498,20,0
498,62,0
498,5,0
498,122,1
498,56,0
498,91,1
498,79,0
498,116,0
498,120,0
498,81,0
498,23,0
498,147,1
498,54,1
498,118,0
498,132,1
498,26,0
498,115,0
498,78,1
498,71,0
498,171,1
498,185,1
498,113,0
498,68,0
498,100,0
498,93,0
498,123,0
498,95,0
498,67,1
498,30,1
498,112,1
499,131,1
499,76,1
499,178,0
499,146,1
499,54,0
499,6,1
499,47,0
499,150,0
499,27,0
499,44,1
499,74,0
499,83,0
499,19,0
499,112,0
499,95,0
499,75,0
499,90,1
499,159,1
499,29,0
499,65,1
499,138,0
499,188,0
499,137,0
499,111,0
499,166,0
499,132,0
499,79,1
499,164,0
499,15,0
499,66,0
499,51,1
499,180,0
499,130,0
499,179,0
499,175,0
499,124,0
499,135,0
499,134,0
499,104,1
499,84,0
499,11,1
499,118,1
499,7,0
499,18,0
499,77,1
499,20,1
499,38,1
499,197,0
500,142,0
500,198,0
500,130,0
500,33,1
500,57,0
500,21,1
500,66,0
500,94,0
500,71,0
500,7,1
500,49,0
500,62,1
500,187,1
500,163,0
500,18,0
500,85,0
500,147,0
500,13,0
500,110,0
500,35,0
500,82,0
500,148,0
500,128,0
500,58,0
500,137,0
500,64,0
500,199,0
500,24,0
500,165,0
500,114,0
500,181,0
500,30,0
501,100,1
501,65,1
501,15,0
501,37,1
501,192,0
501,162,0
501,130,0
501,109,0
501,4,0
501,26,0
501,80,0
501,158,0
501,8,0
501,117,0
501,175,0
501,79,1
501,168,0
501,119,0
501,131,0
501,74,0
501,32,1
502,198,0
502,25,0
502,172,0
502,0,0
502,191,0
502,194,1
502,97,0
502,7,0
502,142,1
502,22,0
502,61,0
502,34,1
502,56,1
502,47,0
502,89,1
502,165,1
502,100,0
502,184,1
502,26,0
502,129,0
502,62,0
502,140,0
502,110,1
502,95,0
502,71,0
502,108,1
502,60,1
503,142,0
503,168,1
503,105,0
503,76,0
503,54,0
503,72,0
503,126,0
503,179,0
503,83,0
503,172,0
503,107,0
503,196,0
503,136,0
503,148,0
503,89,0
503,60,1
503,127,1
503,31,1
503,46,0
503,2,1
503,42,0
504,54,0
504,180,1
504,51,0
504,185,0
504,139,1
504,165,0
504,52,0
504,74,1
504,98,0
504,115,0
504,146,0
504,117,0
504,56,0
504,65,1
504,22,0
504,134,0
504,109,1
504,163,0
504,6,1
504,71,0
504,2,0
504,46,0
504,191,0
504,143,0
504,20,0
504,77,0
504,193,1
504,76,0
504,40,0
504,36,1
504,158,0
504,31,0
504,58,1
504,103,0
504,72,0
504,173,0
504,182,0
504,82,1
505,35,0
505,192,0
505,181,1
505,30,1
505,42,0
505,179,0
505,124,0
505,101,0
505,73,0
505,17,0
505,83,1
505,111,0
505,100,1
505,139,0
505,51,1
505,127,1
505,91,0
505,6,0
505,44,1
505,125,1
505,199,0
505,56,1
505,182,1
505,197,1
505,96,1
505,187,0
505,196,0
505,33,0
505,72,1
505,186,0
505,177,1
505,32,0
505,97,0
505,129,0
505,31,0
505,21,1
505,190,1
505,8,0
505,71,0
506,95,0
506,87,0
506,88,1
506,55,0
506,178,1
506,132,1
506,84,0
506,99,0
506,159,0
506,167,0
506,36,0
506,4,1
506,56,1
506,58,1
506,100,0
506,35,0
506,166,0
506,164,0
506,119,0
506,22,0
506,136,0
506,154,0
506,47,0
506,82,1
506,16,0
506,14,0
506,109,1
506,54,1
506,165,1
506,66,1
506,168,0
507,138,0
507,198,1
507,152,0
507,41,1
507,157,1
507,129,0
507,119,1
507,194,0
507,100,0
507,35,0
507,167,0
507,39,0
507,20,0
507,11,0
507,68,0
507,25,0
507,116,0
507,80,0
507,5,0
507,135,0
507,94,1
507,175,0
507,17,1
507,118,1
507,72,0
507,58,0
507,12,0
507,184,0
507,66,0
507,37,0
507,128,1
507,124,0
507,36,0
507,24,0
507,95,1
507,155,0
507,33,0
507,104,0
507,28,0
507,51,0
507,93,1
508,43,0
508,84,0
508,34,1
508,10,0
508,145,1
508,113,1
508,82,1
508,183,1
508,122,1
508,47,1
508,143,1
508,54,0
508,4,1
508,158,1
508,167,1
508,76,0
508,120,0
508,64,1
508,121,0
508,33,1
508,114,0
508,174,0
508,194,0
508,88,1
508,2,1
508,24,1
508,137,0
509,22,1
509,173,0
509,118,0
509,197,1
509,192,1
509,56,0
509,185,0
509,111,0
509,43,1
509,0,0
509,154,0
509,169,0
509,74,1
509,151,0
509,73,0
509,104,0
509,30,1
509,55,0
509,15,0
509,70,0
509,86,0
509,172,0
509,46,0
509,45,0
509,75,1
510,132,1
510,51,1
510,27,0
510,14,1
510,86,0
510,13,0
510,135,1
510,18,1
510,57,1
510,0,0
510,126,1
510,99,1
510,8,0
510,150,0
510,185,1
510,97,0
510,95,1
510,98,1
510,9,0
510,133,1
510,177,1
510,171,0
511,45,0
511,108,1
511,178,0
511,107,1
511,129,1
511,99,0
511,154,0
511,35,0
511,69,1
511,38,1
511,5,0
511,88,0
511,165,0
511,95,0
511,138,0
511,106,1
511,162,1
511,15,0
511,197,0
511,13,0
511,187,0
511,161,0
511,104,0
511,122,0
511,27,1
511,141,0
511,23,0
511,198,1
511,12,0
511,17,1
511,143,0
511,4,1
511,53,1
511,193,0
512,45,0
512,90,0
512,196,1
512,108,0
512,40,0
512,155,0
512,138,0
512,113,1
512,9,0
512,94,0
512,15,1
512,169,1
512,127,0
512,130,0
512,16,0
512,7,1
512,150,1
512,48,1
512,82,1
512,0,0
512,77,0
512,159,1
512,51,0
512,31,1
512,80,1
512,92,1
512,110,0
512,183,1
512,67,1
512,171,1
512,111,1
512,115,0
512,68,1
512,122,1
512,95,0
512,140,0
512,173,0
512,102,0
512,172,0
512,181,0
512,147,0
512,65,1
513,42,0
513,13,0
513,47,1
513,146,0
513,171,0
513,196,1
513,135,1
513,175,1
513,62,0
513,3,0
513,73,0
513,120,0
513,129,0
513,153,0
513,193,0
513,29,1
513,111,1
513,76,1
513,100,1
513,107,0
513,79,0
513,158,0
513,38,0
513,20,0
513,74,0
513,198,1
513,96,0
513,115,0
513,57,0
513,133,1
513,144,0
513,179,1
513,24,0
513,90,1
513,41,0
513,86,0
513,122,1
513,169,0
513,159,0
513,156,0
513,11,0
514,114,1
514,69,0
514,62,0
514,92,0
514,68,0
514,117,0
514,98,1
514,4,1
514,120,1
514,159,1
514,128,0
514,29,1
514,39,1
514,108,0
514,110,1
514,24,0
514,3,1
514,49,0
514,116,0
514,10,0
514,86,1
514,77,1
514,96,0
515,48,1
515,16,0
515,30,0
515,136,0
515,109,0
515,39,0
515,119,0
515,18,0
515,24,0
515,20,0
515,158,0
515,166,0
515,145,1
515,142,0
515,147,0
515,190,1
515,179,0
515,73,0
515,7,0
515,83,0
515,27,0
515,183,0
515,50,1
515,192,0
516,178,1
516,136,0
516,89,0
516,198,0
516,111,0
516,174,1
516,38,0
516,9,0
516,146,0
516,85,1
516,90,0
516,78,0
516,2,1
516,172,1
516,93,0
516,28,1
516,15,1
516,117,0
516,86,1
516,122,0
516,163,0
516,100,0
516,160,0
516,23,0
516,175,1
516,170,1
516,64,1
516,109,0
516,127,1
516,46,0
516,133,1
516,92,0
516,83,0
516,77,1
516,62,1
516,56,0
516,45,1
516,66,0
516,152,0
516,180,0
516,11,0
516,31,0
516,74,0
516,75,1
516,72,0
516,167,0
516,68,0
516,194,1
516,199,1
516,177,0
517,159,0
517,54,0
517,143,1
517,23,1
517,76,0
517,70,0
517,196,1
517,131,0
517,35,0
517,139,1
517,72,0
517,166,0
517,197,1
517,88,1
517,106,0
517,63,0
517,66,0
517,111,0
517,82,1
517,100,0
517,44,1
517,50,0
517,126,0
517,90,1
517,132,0
517,114,1
517,80,0
517,163,1
517,13,0
517,171,0
517,158,0
517,86,1
518,88,0
518,153,0
518,162,0
518,34,0
518,186,0
518,35,1
518,29,0
518,83,0
518,50,1
518,39,0
518,119,0
518,75,0
518,87,1
518,9,0
518,20,0
518,58,1
518,107,0
518,49,1
518,51,0
518,127,1
518,44,1
518,80,0
518,100,0
519,85,0
519,38,0
519,41,0
519,82,0
519,39,0
519,195,0
519,71,1
519,27,0
519,169,0
519,162,0
519,143,1
519,181,1
519,0,0
519,192,0
519,19,0
519,100,0
519,182,0
519,114,1
519,164,0
519,107,1
520,159,1
520,19,1
520,36,0
520,72,1
520,181,0
520,69,0
520,106,0
520,172,1
520,70,1
520,116,1
520,161,0
520,90,0
520,150,1
520,76,0
520,133,0
520,24,0
520,53,0
520,39,0
520,87,1
520,79,0
520,7,0
520,109,0
520,139,0
520,45,1
520,17,0
520,25,1
520,28,0
520,123,0
520,102,1
520,59,0
520,175,0
520,198,1
520,166,0
520,119,1
520,113,1
520,96,1
520,170,0
520,173,1
520,162,1
520,140,1
520,194,1
520,62,1
521,102,0
521,33,0
521,5,1
521,141,1
521,58,0
521,74,0
521,199,0
521,65,1
521,55,0
521,39,0
521,26,0
521,53,1
521,42,0
521,139,0
521,119,1
521,100,0
521,81,0
521,36,1
521,20,0
521,127,0
521,48,1
521,51,1
521,70,1
521,50,0
521,59,0
521,131,1
522,158,0
522,132,0
522,56,0
522,131,0
522,183,1
522,38,0
522,128,0
522,160,0
522,138,0
522,106,0
522,98,0
522,148,0
522,47,0
522,142,0
522,33,0
522,27,0
522,41,1
522,32,0
522,195,0
522,78,0
522,178,0
522,28,1
522,190,0
522,44,0
522,120,1
522,179,0
522,110,0
522,93,0
522,2,0
522,26,0
522,60,0
522,161,0
522,173,1
522,83,0
522,70,1
522,39,1
522,62,0
522,75,0
522,117,0
523,104,1
523,85,1
523,2,1
523,81,1
523,18,1
523,181,0
523,11,0
523,73,1
523,66,1
523,54,1
523,6,0
523,172,0
523,175,0
523,161,0
523,19,1
523,27,0
523,168,1
523,40,0
523,143,0
523,128,1
523,83,1
523,138,0
523,46,0
523,55,1
523,52,0
523,51,0
523,176,1
523,41,0
523,29,0
523,78,1
523,60,0
523,56,1
523,158,0
523,93,1
523,127,1
523,103,0
524,16,0
524,60,1
524,129,0
524,184,0
524,42,1
524,121,1
524,185,0
524,14,0
524,46,0
524,36,0
524,128,0
524,20,0
524,57,1
524,39,0
524,51,0
524,43,0
524,83,0
524,11,0
524,137,1
524,144,1
524,1,1
524,120,0
524,47,0
524,141,0
524,19,1
524,86,0
524,61,0
524,44,0
524,146,1
524,82,0
524,190,1
524,135,0
524,198,0
524,195,0
524,58,1
524,181,1
524,166,0
524,84,0
524,30,1
524,119,0
524,63,1
524,12,1
524,167,0
525,60,0
525,106,0
525,185,0
525,69,0
525,78,0
525,198,0
525,153,1
525,0,0
525,118,0
525,111,0
525,82,0
525,150,1
525,195,0
525,30,0
525,119,0
525,175,1
525,129,0
525,139,1
525,34,1
525,7,1
525,85,1
525,187,0
525,105,1
525,192,0
525,171,1
525,94,0
525,117,0
525,127,1
525,31,0
525,79,1
525,44,1
525,73,1
525,186,0
525,77,1
525,83,1
525,17,0
525,81,0
525,16,0
525,148,0
525,88,0
525,164,0
525,1,1
525,158,1
525,142,0
525,61,0
525,75,1
525,114,0
525,80,1
525,133,0
525,130,1
526,24,1
526,180,0
526,161,1
526,171,0
526,196,0
526,82,1
526,18,0
526,62,0
526,32,1
526,61,1
526,106,0
526,98,1
526,50,1
526,1,0
526,89,1
526,162,0
526,182,1
526,178,0
526,21,0
526,47,0
526,81,1
526,51,0
526,44,0
526,167,1
526,33,0
526,12,0
526,72,0
526,194,1
526,87,0
526,56,1
526,104,0
526,39,0
526,90,1
526,117,0
526,192,0
526,69,1
526,176,1
526,28,0
526,40,0
527,72,0
527,45,0
527,96,1
527,61,0
527,196,1
527,22,1
527,88,1
527,76,1
527,125,0
527,43,0
527,65,0
527,97,0
527,37,1
527,55,1
527,82,0
527,168,1
527,197,0
527,9,0
527,46,1
527,26,1
527,136,0
527,11,1
527,108,0
527,183,1
527,186,0
527,107,1
527,199,0
527,90,1
527,160,1
527,60,0
527,161,0
527,185,0
527,156,0
527,143,0
527,32,0
527,179,0
527,85,0
527,87,0
527,52,0
527,23,0
527,67,0
528,107,0
528,26,0
528,24,1
528,133,0
528,33,1
528,98,0
528,2,0
528,69,0
528,92,0
528,108,0
528,78,0
528,116,0
528,112,0
528,160,1
528,187,0
528,121,1
528,174,1
528,186,0
528,196,0
528,96,0
528,97,0
528,142,0
528,66,0
528,165,0
528,32,0
528,86,1
528,58,0
528,177,0
528,157,0
528,1,1
528,68,1
528,27,1
528,85,0
528,21,0
528,145,1
528,54,1
528,130,0
528,0,1
528,39,1
528,13,1
528,199,0
528,63,1
528,135,0
528,31,0
528,176,0
528,168,1
528,45,1
528,175,1
529,182,1
529,134,1
529,85,0
529,26,0
529,100,1
529,129,0
529,166,1
529,25,0
529,51,0
529,146,0
529,101,0
529,184,1
529,169,1
529,154,0
529,138,0
529,128,1
529,158,1
529,114,1
529,115,1
529,38,1
529,90,1
529,35,0
529,92,0
529,141,1
529,71,0
529,97,1
529,122,0
530,110,0
530,114,1
530,25,1
530,128,1
530,20,1
530,67,0
530,116,1
530,178,1
530,154,0
530,26,0
530,197,0
530,27,1
530,59,1
530,60,0
530,5,0
530,1,0
530,172,1
530,66,1
530,68,0
530,191,0
530,23,0
530,94,0
530,151,0
530,194,0
530,149,1
530,31,1
530,158,0
530,142,0
530,153,0
530,6,1
530,106,0
530,48,0
530,73,1
530,28,0
530,97,0
530,86,1
531,94,0
531,92,1
531,7,0
531,60,1
531,140,0
531,175,0
531,163,0
531,154,1
531,20,0
531,109,0
531,47,0
531,169,0
531,131,0
531,19,0
531,70,0
531,168,0
531,58,0
531,97,0
531,190,1
531,122,0
531,165,0
531,2,0
531,50,0
531,176,1
531,194,0
531,35,1
531,39,0
531,5,1
531,12,0
531,57,1
531,112,1
532,76,1
532,173,0
532,149,1
532,143,1
532,162,0
532,119,0
532,26,0
532,74,0
532,65,0
532,20,0
532,49,0
532,84,0
532,99,0
532,181,0
532,114,1
532,78,1
532,92,0
532,28,1
532,30,0
532,51,1
532,193,0
532,124,0
532,46,0
532,182,0
533,65,0
533,173,0
533,104,1
533,32,1
533,43,1
533,117,1
533,137,0
533,115,1
533,11,1
533,176,0
533,178,0
533,60,0
533,127,1
533,50,0
533,168,1
533,74,1
533,51,0
533,135,0
533,33,0
533,44,0
533,58,0
533,199,1
533,59,0
533,132,1
533,180,0
533,177,0
533,101,0
533,96,1
533,184,0
533,72,0
533,75,0
533,67,0
533,1,0
534,33,1
534,159,0
534,127,1
534,43,0
534,85,1
534,154,1
534,131,0
534,94,0
534,80,0
534,192,1
534,61,1
534,98,0
534,13,0
534,141,0
534,27,0
534,15,0
534,17,0
534,160,1
534,115,1
534,109,1
534,96,1
534,51,0
534,97,0
534,191,1
534,133,0
534,164,0
534,110,1
534,114,0
534,112,0
534,7,1
534,50,0
534,163,1
534,99,1
534,188,0
534,168,0
534,102,1
534,129,1
534,66,0
534,67,1
534,38,1
535,57,1
535,105,0
535,168,1
535,15,0
535,151,0
535,35,1
535,165,1
535,83,0
535,157,0
535,163,0
535,177,1
535,146,0
535,7,1
535,119,0
535,134,0
535,73,0
535,136,1
535,98,0
535,141,0
535,95,0
535,99,0
535,94,0
535,44,0
535,187,0
535,175,0
535,139,1
535,192,0
535,169,1
535,194,0
535,14,0
535,34,0
535,153,0
535,92,0
535,189,1
535,17,1
535,19,0
536,148,1
536,63,0
536,132,0
536,1,0
536,169,0
536,7,0
536,75,0
536,87,0
536,96,1
536,30,1
536,18,0
536,86,1
536,114,0
536,59,0
536,174,0
536,104,1
536,171,0
536,154,0
536,118,0
536,78,0
536,57,0
536,0,1
536,189,1
536,95,0
536,194,0
536,101,0
536,161,0
536,135,0
536,179,1
536,185,1
536,6,0
536,103,0
536,126,0
536,50,1
536,56,0
536,195,0
536,109,1
536,83,0
536,144,1
536,13,1
536,157,0
536,170,0
536,124,1
536,58,0
536,22,1
536,158,0
536,119,0
537,130,0
537,6,1
537,70,0
537,171,0
537,186,0
537,98,0
537,199,0
537,128,0
537,150,1
537,124,0
537,178,0
537,86,1
537,64,1
537,143,0
537,137,1
537,172,1
537,164,0
537,57,1
537,103,0
537,56,0
537,73,1
537,89,0
537,32,0
537,115,0
537,105,1
537,38,1
537,182,1
537,146,0
537,147,0
537,156,0
537,46,0
537,74,1
537,68,1
537,125,0
537,184,0
537,120,0
538,29,1
538,187,1
538,171,1
538,193,1
538,185,0
538,149,0
538,83,0
538,137,1
538,189,1
538,23,1
538,125,0
538,106,0
538,139,1
538,135,0
538,173,1
538,36,1
538,12,0
538,53,0
538,84,0
538,0,0
538,143,0
538,6,1
538,166,0
538,78,0
538,191,0
538,66,0
538,194,1
538,4,0
538,119,0
538,43,1
538,167,0
538,60,0
538,22,0
538,38,1
538,100,0
538,95,0
538,151,1
538,89,0
538,114,1
539,45,1
539,178,0
539,173,0
539,124,1
539,180,1
539,107,1
539,109,0
539,149,0
539,111,1
539,153,1
539,85,1
539,113,1
539,57,0
539,118,0
539,95,0
539,12,0
539,79,0
539,192,0
539,161,0
539,138,1
539,177,0
539,199,0
539,150,0
539,112,0
539,181,0
540,51,1
540,189,1
540,86,1
540,165,0
540,70,0
540,63,0
540,175,1
540,181,0
540,48,0
540,111,0
540,1,0
540,19,0
540,71,0
540,144,0
540,38,1
540,17,1
540,130,0
540,93,0
540,46,0
540,146,0
540,141,1
540,103,0
540,97,1
540,192,0
540,96,1
540,18,0
540,176,0
540,104,1
540,65,0
540,113,0
540,143,0
540,107,0
540,110,0
540,188,1
540,53,1
540,35,1
540,160,0
540,75,0
540,5,0
540,122,1
540,197,1
540,82,1
540,81,1
540,109,0
540,28,0
540,50,0
540,179,0
540,69,1
541,12,0
541,57,0
541,2,0
541,149,0
541,96,1
541,174,1
541,56,1
541,33,0
541,82,0
541,60,0
541,188,0
541,72,0
541,165,0
541,69,1
541,177,0
541,54,1
541,94,1
541,186,1
541,135,1
541,42,0
541,37,0
542,138,0
542,181,1
542,96,0
542,36,0
542,119,0
542,23,0
542,171,0
542,90,0
542,185,0
542,120,1
542,98,0
542,29,1
542,100,0
542,144,1
542,64,1
542,92,1
542,145,1
542,133,0
542,112,1
542,60,0
542,130,1
542,65,1
542,56,0
542,106,0
542,67,0
542,8,0
542,20,0
542,153,0
542,95,0
542,26,1
542,15,0
542,149,0
542,63,0
542,103,0
542,5,1
542,199,0
542,51,0
542,148,0
542,191,1
542,97,0
542,47,0
542,124,0
542,197,0
542,115,1
542,52,1
542,71,1
543,139,0
543,152,0
543,80,1
543,43,1
543,33,0
543,154,0
543,143,1
543,15,0
543,169,0
543,112,1
543,2,1
543,64,1
543,84,0
543,36,1
543,81,0
543,159,1
543,12,1
543,86,0
543,111,0
543,142,1
543,0,0
543,99,1
543,74,0
543,82,0
543,63,0
543,69,0
543,188,1
543,54,1
543,172,0
543,68,0
543,148,0
543,176,0
543,197,0
543,160,1
543,38,1
543,186,0
543,51,1
543,165,1
543,187,0
543,179,0
543,88,1
543,158,1
543,35,0
543,66,0
543,136,1
543,39,1
543,193,1
543,133,0
543,183,0
543,83,0
544,150,1
544,93,0
544,177,1
544,22,1
544,141,0
544,146,0
544,30,0
544,54,0
544,179,1
544,125,1
544,28,0
544,45,0
544,107,0
544,88,1
544,175,1
544,123,1
544,110,1
544,157,0
544,195,0
544,147,0
544,96,0
544,168,0
544,29,1
544,153,0
544,95,0
544,120,0
544,67,0
544,46,0
544,66,1
544,183,0
544,12,0
544,184,0
544,15,1
544,186,0
544,70,0
544,131,1
544,56,0
544,148,0
544,193,0
544,154,0
545,54,0
545,170,1
545,90,0
545,110,0
545,10,0
545,22,0
545,21,1
545,28,0
545,115,1
545,130,0
545,173,1
545,12,0
545,68,1
545,45,0
545,67,0
545,131,0
545,150,1
545,23,0
545,184,1
545,152,0
545,1,0
545,27,0
545,86,0
545,120,1
545,117,0
545,151,0
545,104,0
545,172,1
545,14,0
545,147,0
545,26,0
545,114,1
545,108,0
545,178,0
545,13,0
545,168,1
545,46,1
545,11,0
545,129,0
545,59,0
545,96,0
545,103,0
545,132,0
545,41,0
545,181,0
545,50,0
545,179,0
545,84,0
545,79,0
546,111,0
546,118,1
546,69,0
546,66,0
546,132,0
546,107,1
546,4,1
546,70,0
546,98,0
546,128,1
546,141,0
546,1,1
546,112,1
546,125,0
546,117,1
546,183,1
546,85,0
546,135,1
546,181,0
546,187,0
546,147,1
546,179,1
546,44,1
546,198,0
546,32,1
546,34,1
546,82,0
546,28,1
546,195,0
547,6,0
547,110,1
547,97,0
547,182,1
547,57,1
547,8,0
547,54,1
547,91,1
547,99,1
547,28,0
547,179,0
547,9,0
547,191,0
547,74,1
547,20,0
547,160,0
547,144,0
547,197,0
547,17,1
547,46,0
547,186,0
547,131,0
547,89,1
547,59,1
547,199,1
547,90,0
547,55,0
547,85,0
547,0,1
547,80,0
547,116,0
547,193,0
547,50,0
547,11,1
547,147,1
547,155,1
547,51,1
547,63,0
547,157,0
547,13,1
547,196,0
547,184,0
547,124,1
548,180,1
548,142,0
548,193,1
548,133,1
548,150,0
548,37,0
548,137,1
548,80,0
548,147,0
548,163,1
548,10,0
548,2,0
548,120,0
548,158,0
548,62,0
548,72,0
548,148,1
548,117,1
548,32,0
548,9,1
548,95,1
548,77,0
548,31,0
548,103,1
548,6,0
548,189,1
548,197,0
548,139,1
548,8,0
548,161,0
548,86,0
548,187,1
548,83,0
548,132,1
548,162,1
548,56,0
548,81,1
548,194,1
548,109,0
548,87,1
548,141,1
548,23,1
548,96,1
548,4,1
548,134,1
549,196,0
549,183,0
549,168,1
549,140,0
549,121,1
549,179,0
549,52,0
549,45,0
549,84,1
549,40,1
549,175,1
549,88,0
549,36,0
549,146,1
549,194,0
549,13,1
549,41,1
549,27,1
549,6,0
549,1,1
549,20,1
549,160,1
549,108,1
549,83,0
549,110,0
549,43,1
549,163,1
549,128,0
549,178,1
549,131,1
549,145,0
549,22,0
549,56,1
549,137,1
549,165,0
549,30,0
549,127,0
549,74,0
549,198,0
549,138,1
549,123,1
549,188,0
549,89,1
549,111,0
549,16,0
549,90,0
549,17,0
549,4,0
549,64,1
549,73,0
550,109,0
550,99,0
550,7,1
550,11,0
550,111,0
550,153,0
550,171,0
550,35,0
550,92,1
550,147,0
550,117,1
550,78,1
550,94,0
550,123,1
550,95,0
550,135,0
550,0,0
550,54,1
550,189,0
550,169,0
550,55,1
550,72,0
550,148,0
551,199,0
551,43,1
551,6,1
551,188,1
551,21,0
551,70,1
551,159,0
551,108,0
551,10,0
551,136,0
551,55,1
551,13,0
551,71,0
551,128,0
551,198,1
551,7,0
551,104,0
551,31,1
551,177,0
551,72,0
551,58,0
551,84,0
551,176,1
551,191,1
551,93,0
551,66,0
551,86,0
551,167,0
551,148,0
551,143,0
551,47,0
551,87,1
551,109,1
551,161,1
551,95,0
552,98,1
552,135,0
552,166,1
552,48,0
552,54,0
552,20,1
552,152,1
552,193,1
552,26,0
552,14,1
552,163,0
552,58,1
552,176,0
552,172,0
552,31,1
552,113,0
552,62,0
552,83,1
552,35,1
552,5,0
552,143,1
552,43,0
552,57,1
552,138,0
552,199,1
552,151,0
552,70,0
552,132,0
552,1,1
552,165,0
552,162,1
552,109,0
552,2,0
552,77,1
552,55,0
552,173,0
552,183,0
552,185,0
552,187,0
552,182,1
552,94,0
552,8,0
552,103,0
552,169,0
552,123,0
552,196,0
552,131,0
553,33,1
553,116,0
553,13,0
553,67,0
553,77,1
553,193,0
553,86,1
553,98,0
553,112,0
553,167,0
553,38,0
553,185,0
553,178,0
553,32,1
553,52,0
553,195,0
553,89,0
553,109,1
553,128,1
553,159,0
553,4,0
553,169,0
553,96,0
553,103,0
553,87,1
553,68,0
553,129,0
553,175,0
553,16,0
553,180,1
553,25,0
553,144,0
553,110,1
553,12,1
553,35,0
553,115,1
553,99,1
553,79,0
553,74,0
553,20,0
553,134,0
553,168,0
553,82,1
553,93,0
553,5,0
553,91,1
553,64,0
553,187,0
554,46,1
554,65,0
554,68,1
554,93,0
554,159,1
554,115,1
554,152,0
554,149,1
554,8,1
554,134,0
554,77,1
554,165,1
554,11,1
554,130,1
554,154,0
554,36,0
554,3,0
554,158,0
554,33,1
554,66,0
554,167,1
554,168,0
554,145,1
554,24,1
554,99,0
554,163,0
555,195,0
555,174,0
555,108,0
555,73,1
555,110,0
555,139,1
555,22,0
555,170,1
555,66,0
555,81,0
555,26,1
555,176,0
555,8,0
555,119,1
555,143,0
555,121,0
555,172,0
555,3,0
555,16,0
555,4,0
555,9,0
555,67,0
555,15,1
555,78,0
555,190,0
555,113,0
555,72,1
555,159,1
555,29,0
555,189,0
555,35,0
555,51,1
555,34,0
555,69,1
555,165,1
555,155,0
555,150,0
555,160,1
555,12,0
555,59,0
555,186,1
555,177,0
556,117,1
556,138,0
556,10,0
556,164,1
556,71,0
556,106,1
556,5,1
556,40,0
556,155,0
556,167,0
556,25,1
556,30,0
556,17,1
556,50,1
556,55,0
556,112,1
556,2,0
556,52,0
556,190,0
556,179,0
556,146,0
556,107,1
556,83,0
556,84,0
556,193,0
556,60,0
556,159,1
556,174,0
556,151,0
556,142,1
556,122,1
556,125,0
556,0,1
556,89,0
556,169,0
556,64,0
556,153,0
556,58,0
556,113,1
556,168,0
556,28,1
556,186,0
556,47,0
557,31,0
557,127,0
557,37,1
557,85,1
557,35,0
557,104,0
557,62,0
557,143,0
557,128,1
557,89,1
557,117,1
557,3,1
557,179,0
557,5,0
557,74,1
557,145,0
557,78,1
557,26,0
557,18,0
557,50,1
557,141,0
557,92,1
557,163,1
557,106,0
557,66,0
557,115,0
557,19,0
557,41,0
557,10,1
558,22,0
558,124,1
558,46,0
558,53,0
558,76,0
558,192,0
558,98,1
558,166,1
558,185,0
558,198,1
558,134,0
558,101,0
558,188,1
558,87,0
558,157,1
558,4,0
558,174,1
558,96,0
558,75,1
558,50,1
558,159,0
558,17,0
558,161,0
558,183,0
558,26,0
558,182,0
558,59,0
558,97,0
558,73,0
558,178,0
558,44,0
558,169,0
558,71,1
558,83,1
558,160,1
558,186,0
558,3,1
558,48,1
558,131,0
558,171,0
558,63,0
558,103,0
558,89,0
558,47,0
558,132,1
559,11,0
559,63,0
559,28,1
559,165,1
559,58,0
559,10,0
559,181,0
559,129,0
559,124,0
559,68,0
559,66,0
559,143,1
559,95,0
559,182,0
559,84,0
559,48,0
559,18,0
559,191,0
559,74,0
559,158,0
559,123,0
559,6,1
559,160,1
559,107,1
559,35,0
559,44,0
559,142,0
559,9,1
559,45,0
559,116,0
559,121,0
559,104,1
559,64,0
559,154,0
559,194,0
559,110,0
559,167,0
559,157,0
559,186,0
559,26,1
559,62,0
560,163,0
560,62,1
560,196,0
560,5,1
560,194,0
560,137,0
560,128,0
560,183,0
560,24,0
560,87,0
560,134,0
560,140,0
560,2,1
560,109,1
560,82,0
560,105,0
560,153,0
560,94,1
560,199,1
560,13,0
560,80,0
560,104,0
560,138,1
560,124,0
561,61,0
561,8,1
561,95,0
561,172,0
561,44,0
561,196,1
561,63,1
561,154,0
561,163,0
561,138,1
561,153,0
561,139,1
561,98,0
561,65,1
561,6,1
561,155,0
561,121,0
561,49,0
561,17,1
561,37,0
561,43,0
561,52,1
561,22,0
561,94,1
561,70,1
561,177,0
561,107,0
561,46,0
561,111,0
561,148,0
561,118,1
561,47,0
562,172,0
562,40,0
562,62,0
562,61,0
562,155,0
562,88,0
562,16,0
562,63,0
562,43,0
562,141,0
562,118,0
562,158,1
562,135,0
562,50,0
562,83,1
562,54,0
562,76,0
562,142,0
562,75,1
562,78,0
563,81,0
563,111,0
563,15,0
563,108,0
563,5,0
563,156,0
563,161,0
563,72,1
563,143,0
563,52,0
563,142,1
563,6,1
563,57,0
563,131,1
563,145,1
563,25,1
563,38,0
563,109,0
563,160,0
563,180,0
563,12,0
563,120,0
563,69,0
564,157,1
564,55,0
564,28,1
564,10,0
564,0,0
564,74,1
564,116,1
564,176,1
564,191,0
564,198,0
564,192,0
564,26,0
564,97,0
564,79,0
564,196,0
564,25,0
564,12,1
564,168,1
564,90,0
564,30,0
564,85,1
565,181,1
565,23,0
565,138,1
565,41,0
565,93,0
565,112,0
565,194,0
565,95,0
565,104,0
565,126,0
565,166,1
565,19,0
565,71,0
565,175,0
565,2,0
565,67,0
565,70,0
565,140,0
565,134,1
565,117,1
565,191,0
565,86,0
565,189,1
565,128,0
565,118,1
565,16,1
566,88,0
566,101,0
566,29,1
566,20,1
566,183,0
566,159,0
566,112,1
566,30,0
566,54,0
566,196,0
566,87,1
566,143,0
566,121,1
566,56,1
566,67,0
566,36,0
566,141,1
566,113,1
566,69,0
566,174,1
566,5,0
566,84,1
566,4,0
566,83,0
566,81,0
566,155,0
566,192,1
566,138,0
566,6,0
566,82,0
566,103,0
567,132,1
567,112,1
567,30,0
567,55,1
567,76,0
567,110,0
567,178,0
567,136,0
567,61,1
567,145,0
567,197,1
567,1,0
567,182,1
567,180,0
567,71,0
567,126,1
567,36,1
567,95,0
567,15,1
567,28,0
568,136,1
568,145,0
568,33,0
568,108,1
568,14,0
568,23,0
568,152,1
568,94,0
568,31,0
568,110,0
568,80,0
568,51,0
568,178,1
568,151,0
568,73,0
568,20,0
568,171,0
568,44,0
568,144,1
568,28,0
568,61,1
568,18,1
568,127,1
568,116,1
568,194,0
568,128,1
568,16,0
568,132,1
568,115,1
568,129,1
568,95,0
568,27,0
568,81,0
568,88,0
568,69,1
568,47,1
568,191,0
568,5,0
568,71,0
568,175,0
569,91,0
569,154,0
569,77,0
569,56,0
569,120,0
569,7,0
569,168,0
569,169,0
569,133,1
569,17,0
569,88,0
569,92,0
569,147,0
569,128,0
569,142,0
569,140,0
569,160,1
569,86,0
569,186,0
569,79,0
569,182,0
569,18,0
569,125,0
569,118,1
570,169,0
570,39,1
570,15,1
570,52,0
570,137,1
570,55,0
570,128,0
570,189,0
570,109,1
570,115,0
570,22,0
570,183,0
570,174,0
570,4,0
570,86,1
570,27,0
570,50,1
570,143,0
570,172,0
570,19,0
570,175,0
570,53,0
570,111,1
570,161,0
570,68,1
570,129,1
571,128,0
571,80,0
571,59,0
571,122,0
571,157,0
571,22,0
571,194,0
571,161,1
571,165,0
571,17,1
571,193,1
571,70,0
571,86,0
571,0,0
571,16,1
571,31,0
571,127,0
571,27,0
571,135,1
571,151,1
571,189,0
571,105,1
571,52,0
572,118,0
572,34,0
572,35,0
572,37,0
572,113,1
572,56,0
572,84,0
572,66,0
572,167,0
572,145,1
572,75,1
572,50,0
572,117,1
572,39,1
572,170,0
572,196,0
572,142,0
572,6,0
572,9,1
572,101,0
572,147,0
572,29,1
572,12,1
572,43,1
572,133,1
572,185,0
572,69,1
572,143,0
572,95,1
573,57,1
573,58,0
573,158,0
573,3,0
573,141,0
573,68,0
573,33,0
573,67,1
573,160,0
573,187,0
573,99,0
573,49,1
573,8,0
573,6,1
573,155,0
573,98,0
573,144,0
573,114,1
573,156,0
573,175,1
573,20,1
573,148,0
573,115,0
573,168,0
573,109,0
573,23,0
573,146,1
573,102,1
573,177,0
573,107,0
573,92,0
573,197,0
573,176,0
573,18,0
573,120,0
573,164,0
573,127,1
573,60,0
573,14,0
573,194,1
573,51,0
573,172,0
573,133,0
573,179,0
574,92,0
574,68,1
574,51,0
574,28,1
574,6,1
574,121,1
574,119,0
574,134,0
574,56,0
574,22,0
574,143,0
574,146,0
574,138,0
574,117,0
574,85,0
574,96,1
574,151,1
574,125,0
574,169,1
574,114,1
574,52,1
574,111,1
574,105,0
574,63,1
574,72,1
574,57,0
574,103,0
574,97,0
574,74,0
574,76,0
574,25,1
574,118,0
574,168,1
574,40,1
574,166,0
574,189,0
574,23,0
574,66,0
574,191,0
574,199,0
574,136,0
574,13,0
574,54,0
574,80,0
574,59,1
574,109,1
574,9,0
575,148,0
575,113,0
575,120,0
575,77,0
575,141,0
575,131,0
575,114,1
575,99,0
575,64,0
575,142,0
575,27,0
575,182,0
575,96,1
575,30,0
575,121,0
575,21,0
575,156,0
575,165,1
575,31,0
575,95,1
575,44,0
575,132,1
575,16,1
575,180,0
575,20,0
575,88,0
575,176,1
575,67,0
575,91,0
575,105,1
575,87,0
576,140,0
576,186,1
576,134,0
576,197,0
576,180,0
576,144,0
576,3,0
576,75,0
576,157,1
576,83,0
576,92,0
576,103,1
576,50,0
576,54,0
576,152,0
576,28,0
576,32,0
576,61,0
576,23,0
576,52,1
576,101,0
576,84,1
576,1,0
576,6,0
576,44,1
576,189,1
576,171,1
576,130,1
576,39,1
577,157,0
577,163,1
577,15,1
577,173,1
577,50,0
577,60,0
577,46,1
577,18,1
577,128,0
577,111,0
577,198,0
577,36,1
577,13,0
577,102,0
577,119,0
577,166,0
577,156,0
577,57,0
577,49,0
577,162,1
578,120,0
578,47,0
578,175,0
578,179,1
578,73,1
578,118,0
578,21,1
578,177,0
578,142,0
578,42,0
578,147,0
578,128,1
578,66,1
578,10,0
578,117,0
578,60,1
578,53,1
578,14,1
578,83,0
578,156,0
578,28,1
578,40,0
578,121,0
578,24,1
578,61,0
578,62,1
578,172,0
578,11,0
578,67,0
578,176,0
578,133,1
578,102,0
578,135,0
578,167,0
578,27,0
578,18,0
578,15,1
578,162,0
578,169,1
578,91,0
578,84,0
578,76,1
579,130,0
579,12,0
579,29,0
579,36,1
579,165,0
579,137,0
579,66,0
579,69,0
579,92,0
579,25,1
579,74,0
579,139,1
579,28,0
579,84,1
579,142,0
579,169,0
579,153,1
579,72,1
579,133,0
579,70,1
579,112,1
579,39,0
579,63,0
579,42,1
580,165,1
580,95,0
580,8,1
580,187,1
580,199,0
580,54,0
580,6,0
580,193,1
580,82,0
580,135,1
580,160,1
580,39,1
580,34,0
580,155,0
580,177,1
580,105,0
580,150,0
580,172,1
580,19,0
580,185,0
580,124,1
580,30,0
580,190,0
580,70,1
580,55,1
580,120,1
580,90,0
580,4,1
580,191,0
580,110,0
580,107,1
580,154,0
580,198,0
580,68,0
580,145,0
580,22,0
580,197,0
580,0,1
580,196,0
580,194,0
580,126,1
581,6,0
581,61,0
581,9,0
581,192,0
581,13,0
581,83,0
581,129,0
581,107,1
581,151,0
581,158,1
581,62,1
581,115,0
581,110,0
581,138,0
581,17,1
581,81,0
581,104,0
581,161,0
581,7,0
581,71,0
581,15,1
581,123,0
581,164,0
581,65,0
581,118,0
581,152,0
581,73,1
581,196,0
581,27,1
581,46,0
581,185,0
581,189,0
581,175,1
581,143,0
581,126,0
581,167,0
581,68,0
581,111,0
581,35,0
581,155,0
581,173,1
581,178,0
581,157,0
581,94,0
581,75,1
582,66,0
582,153,1
582,143,1
582,36,0
582,14,0
582,186,1
582,9,0
582,122,1
582,23,1
582,30,0
582,88,0
582,113,1
582,105,0
582,8,0
582,96,0
582,4,1
582,29,1
582,199,1
582,17,1
582,19,0
582,126,0
582,115,0
582,68,0
582,116,0
582,196,0
582,183,1
582,52,1
583,172,0
583,12,1
583,105,0
583,139,0
583,39,0
583,95,0
583,161,0
583,171,0
583,19,0
583,169,0
583,164,0
583,117,1
583,191,0
583,76,0
583,155,1
583,44,0
583,198,0
583,0,0
583,167,1
583,166,0
583,132,0
583,32,1
583,52,1
583,106,0
583,23,0
583,74,0
583,80,0
583,143,1
583,48,0
583,42,0
583,66,0
583,85,1
583,16,0
583,67,0
584,129,0
584,166,1
584,11,0
584,59,0
584,66,0
584,193,0
584,191,0
584,102,1
584,100,1
584,177,1
584,189,0
584,45,0
584,136,0
584,99,1
584,13,0
584,94,0
584,105,0
584,19,0
584,199,1
584,125,1
584,111,0
584,72,0
584,175,0
584,93,1
584,121,1
584,31,0
584,155,0
584,197,0
584,192,1
584,172,0
584,160,0
584,14,0
584,134,0
584,149,1
584,9,0
584,0,0
585,80,0
585,174,0
585,109,0
585,178,0
585,157,0
585,84,0
585,9,0
585,155,0
585,3,1
585,126,0
585,69,1
585,83,0
585,152,0
585,142,1
585,144,0
585,143,1
585,132,1
585,172,0
585,72,0
585,171,1
585,135,0
585,23,1
585,78,0
585,151,0
585,93,1
585,75,0
585,64,1
585,32,0
585,149,1
585,22,0
585,104,0
585,115,0
585,163,0
585,0,0
585,147,0
585,119,0
585,53,0
585,160,1
585,73,1
585,82,0
585,28,0
585,121,0
585,168,1
585,35,0
585,96,0
585,4,1
585,110,0
586,176,0
586,21,1
586,40,1
586,52,1
586,62,0
586,160,1
586,165,0
586,184,0
586,102,0
586,88,1
586,158,1
586,7,0
586,146,0
586,122,0
586,126,0
586,144,1
586,0,1
586,64,0
586,51,0
586,197,0
586,189,0
586,37,0
586,54,1
586,194,0
586,138,1
586,143,0
586,38,0
586,82,1
586,65,0
586,106,0
586,68,1
586,174,0
586,19,1
586,73,0
586,109,0
586,116,0
586,22,1
586,130,0
586,12,0
586,15,0
586,139,1
586,114,1
586,41,1
586,50,1
586,182,1
586,180,0
586,157,1
586,103,0
586,76,0
586,61,1
587,81,1
587,1,1
587,98,0
587,46,1
587,112,1
587,80,0
587,138,0
587,129,0
587,55,1
587,145,0
587,74,0
587,54,1
587,188,0
587,187,0
587,67,0
587,77,0
587,137,1
587,17,1
587,120,1
587,192,0
587,8,0
587,118,1
587,30,0
587,121,0
587,114,0
587,95,0
587,25,0
587,47,0
588,104,0
588,110,0
588,185,0
588,183,1
588,92,1
588,71,0
588,152,1
588,56,0
588,136,0
588,118,1
588,9,0
588,106,0
588,177,0
588,161,1
588,125,1
588,94,1
588,65,0
588,73,0
588,48,0
588,102,1
588,7,1
588,194,0
588,182,0
588,34,0
588,179,0
588,72,0
589,42,1
589,177,1
589,14,0
589,111,0
589,168,0
589,7,0
589,100,0
589,53,0
589,39,1
589,98,1
589,69,1
589,55,1
589,192,0
589,128,0
589,27,1
589,32,0
589,22,0
589,143,1
589,87,0
589,26,1
589,45,1
589,30,0
589,123,0
589,188,0
589,78,0
589,150,0
590,165,1
590,43,0
590,163,0
590,171,0
590,74,1
590,178,0
590,32,1
590,21,0
590,38,0
590,128,1
590,68,0
590,65,0
590,80,0
590,2,0
590,12,1
590,51,0
590,110,1
590,18,1
590,61,0
590,112,0
590,97,0
591,43,0
591,175,0
591,193,0
591,140,1
591,82,1
591,113,1
591,197,0
591,111,0
591,51,0
591,23,0
591,5,1
591,34,1
591,1,0
591,14,1
591,31,0
591,98,1
591,151,0
591,0,0
591,63,0
591,89,1
591,80,0
591,56,1
591,196,1
591,84,1
591,59,0
592,77,1
592,126,1
592,88,0
592,0,0
592,62,1
592,152,1
592,78,0
592,161,0
592,169,0
592,11,0
592,109,0
592,174,0
592,164,0
592,199,0
592,141,1
592,146,1
592,160,1
592,158,1
592,186,0
592,6,0
592,40,0
592,82,0
592,61,0
592,63,0
592,125,0
592,41,1
592,162,0
592,79,1
592,58,1
592,5,1
592,130,0
592,48,0
592,95,0
592,165,0
592,129,0
592,64,0
592,49,0
592,188,0
592,51,0
592,15,0
592,128,0
592,108,1
592,102,0
592,66,1
592,171,0
592,47,1
592,119,0
592,45,0
592,23,1
593,147,0
593,144,1
593,87,1
593,83,1
593,105,1
593,29,1
593,59,0
593,153,0
593,171,0
593,150,1
593,166,0
593,42,0
593,186,0
593,127,0
593,80,0
593,110,0
593,169,0
593,24,0
593,167,0
593,50,1
593,141,0
593,103,0
593,101,0
593,15,1
593,46,1
593,104,0
594,168,0
594,51,0
594,156,1
594,25,1
594,67,1
594,189,0
594,4,1
594,137,0
594,30,0
594,192,1
594,103,0
594,141,1
594,10,0
594,112,1
594,2,1
594,80,0
594,26,0
594,102,0
594,190,1
594,20,0
594,96,0
594,77,0
594,163,0
594,0,0
594,95,0
594,158,0
594,110,0
594,162,0
594,49,0
594,197,0
594,16,1
594,149,1
594,68,1
594,155,1
594,75,0
594,109,0
594,187,1
594,69,0
594,13,0
595,139,1
595,146,0
595,176,1
595,47,0
595,62,1
595,74,1
595,85,0
595,2,0
595,159,0
595,148,0
595,0,1
595,175,0
595,121,0
595,77,0
595,4,0
595,112,0
595,106,0
595,59,0
595,7,0
595,131,0
595,170,0
595,193,1
595,66,1
595,11,0
595,156,0
595,34,1
595,147,1
595,138,1
595,87,0
596,116,0
596,188,0
596,139,0
596,131,0
596,76,1
596,111,1
596,23,0
596,136,1
596,197,0
596,161,0
596,195,0
596,112,1
596,62,0
596,98,1
596,120,0
596,6,0
596,77,0
596,36,0
596,93,1
596,153,1
596,1,1
596,101,0
596,114,1
596,119,1
596,27,1
596,163,0
596,147,0
596,106,1
596,90,1
596,122,0
596,97,0
596,44,0
596,157,1
596,155,0
596,67,0
596,171,0
596,24,1
596,25,0
597,182,1
597,63,0
597,150,1
597,136,0
597,88,0
597,198,1
597,181,1
597,146,0
597,92,1
597,153,0
597,28,0
597,149,0
597,27,0
597,176,0
597,7,1
597,193,0
597,20,0
597,39,0
597,148,1
597,154,0
597,188,1
597,87,0
597,138,1
597,161,1
597,114,1
597,32,1
597,49,1
597,117,1
597,112,1
597,90,1
597,78,0
598,12,0
598,13,0
598,38,1
598,198,0
598,130,1
598,73,0
598,47,0
598,117,0
598,180,0
598,68,0
598,103,1
598,122,0
598,109,1
598,100,1
598,146,1
598,159,0
598,98,0
598,104,0
598,112,1
598,31,1
598,48,0
598,70,0
598,132,0
598,63,1
598,166,1
598,27,0
598,41,1
598,111,1
598,97,0
598,19,0
598,197,0
598,39,1
598,167,0
598,143,1
598,199,0
598,1,0
598,196,0
599,159,1
599,61,0
599,124,0
599,24,0
599,22,0
599,133,1
599,87,0
599,52,0
599,49,0
599,188,0
599,37,0
599,58,0
599,131,0
599,44,0
599,92,0
599,3,0
599,12,0
599,169,0
599,177,0
599,15,0
599,122,0
599,144,0
599,21,0
599,80,1
599,32,0
599,0,1
599,62,0
599,111,1
599,79,1
599,83,0
599,172,0
599,121,0
599,28,0
599,9,1
599,198,0
599,6,0
599,100,0
599,143,0
599,158,0
599,81,0
599,105,1
599,36,1
599,164,0
600,22,0
600,141,0
600,190,0
600,157,0
600,62,1
600,102,1
600,143,1
600,101,0
600,31,0
600,61,0
600,153,0
600,42,0
600,126,0
600,46,0
600,142,0
600,81,0
600,91,0
600,180,0
600,162,0
600,140,0
600,151,0
600,197,1
600,82,1
600,32,1
600,154,1
600,23,1
600,13,0
600,188,0
600,123,1
600,70,1
600,114,0
600,21,1
600,63,1
600,104,0
600,184,1
601,145,1
601,35,1
601,192,0
601,28,0
601,71,1
601,148,0
601,4,0
601,68,0
601,31,0
601,100,1
601,19,0
601,72,0
601,78,0
601,7,0
601,132,1
601,77,0
601,170,0
601,15,0
601,180,1
601,121,0
601,98,1
601,199,0
601,109,1
601,86,0
601,1,0
601,84,0
601,136,1
601,183,0
601,168,1
601,138,1
601,117,0
601,24,0
601,128,0
601,74,1
601,10,1
601,196,0
602,113,1
602,146,0
602,73,0
602,71,0
602,50,0
602,2,0
602,142,0
602,190,1
602,52,0
602,198,1
602,84,1
602,104,0
602,9,0
602,38,0
602,181,0
602,74,0
602,47,1
602,60,1
602,79,0
602,23,0
602,1,1
602,20,1
602,54,0
602,30,0
602,48,0
602,21,0
602,130,1
602,185,0
602,75,1
602,194,0
602,92,1
602,43,0
602,125,1
602,40,0
602,111,0
602,15,0
602,27,1
602,31,0
602,138,0
602,57,1
602,155,0
602,0,0
602,53,1
602,154,0
602,68,0
602,5,0
602,172,0
602,13,0
602,156,0
603,171,0
603,38,1
603,116,1
603,109,1
603,57,1
603,104,0
603,37,0
603,84,1
603,182,0
603,11,0
603,124,1
603,0,0
603,177,0
603,164,0
603,76,0
603,106,0
603,175,0
603,154,0
603,95,1
603,198,1
603,167,0
603,61,0
603,128,1
603,107,1
603,147,1
603,112,0
603,93,0
603,60,0
603,145,1
603,19,1
603,199,1
603,34,0
603,90,0
603,77,0
603,50,0
603,21,0
603,190,1
603,160,1
603,187,0
603,193,0
603,6,0
603,9,0
604,138,1
604,91,1
604,133,0
604,106,0
604,60,0
604,139,0
604,169,0
604,127,1
604,81,0
604,18,0
604,35,0
604,143,0
604,42,0
604,69,1
604,76,1
604,44,0
604,97,0
604,13,1
604,30,0
604,132,0
604,94,0
604,95,0
604,74,1
604,89,0
604,75,1
604,198,0
604,193,0
604,5,0
604,180,0
604,184,1
604,113,1
604,6,0
604,175,1
604,92,0
605,16,0
605,39,0
605,149,0
605,123,1
605,17,0
605,171,1
605,112,0
605,146,0
605,135,0
605,18,0
605,55,0
605,72,0
605,188,1
605,21,0
605,87,1
605,71,0
605,148,1
605,22,0
605,192,0
605,8,0
605,156,1
605,35,0
605,134,0
605,150,0
605,40,0
605,12,1
605,0,0
606,161,0
606,51,1
606,43,0
606,48,0
606,145,0
606,120,0
606,11,0
606,149,0
606,154,0
606,79,0
606,5,1
606,172,0
606,69,1
606,52,0
606,147,0
606,129,0
606,166,0
606,58,0
606,21,1
606,107,1
606,144,0
606,89,0
606,46,0
606,197,0
606,47,1
606,45,0
606,34,0
606,164,0
606,158,1
606,49,0
606,106,0
606,17,0
606,6,0
606,14,1
606,182,1
606,27,0
606,67,0
607,64,0
607,94,0
607,187,1
607,172,0
607,140,1
607,67,0
607,2,0
607,147,1
607,80,0
607,44,0
607,143,1
607,185,0
607,98,0
607,88,0
607,58,1
607,121,0
607,73,1
607,137,0
607,110,0
607,70,0
607,152,0
607,92,0
607,126,0
607,114,1
607,132,0
607,159,1
607,42,1
607,39,0
607,125,0
608,159,0
608,119,1
608,152,1
608,171,1
608,137,0
608,50,0
608,145,1
608,161,0
608,41,0
608,134,0
608,9,0
608,15,0
608,106,1
608,133,0
608,166,0
608,198,1
608,54,0
608,27,0
608,144,1
608,95,0
608,192,0
608,138,0
608,160,1
608,187,0
608,24,0
608,123,0
608,1,1
608,181,1
608,23,1
608,10,0
608,183,0
608,147,0
608,69,0
608,63,0
608,178,0
608,169,0
608,124,0
609,2,0
609,46,0
609,167,0
609,87,0
609,13,0
609,125,0
609,112,0
609,137,1
609,194,0
609,171,1
609,37,0
609,81,0
609,184,0
609,8,0
609,121,0
609,41,1
609,70,1
609,106,0
609,149,1
609,1,0
609,42,1
609,10,0
609,44,0
609,4,0
609,29,1
609,188,0
609,197,0
609,111,0
609,183,1
609,93,0
609,67,0
609,139,0
609,196,0
609,53,0
609,165,0
609,58,0
609,85,1
609,65,0
609,108,0
609,113,0
609,99,1
609,142,1
609,64,0
609,192,0
609,84,1
609,151,1
609,181,1
609,161,1
609,134,1
610,24,0
610,159,0
610,173,0
610,28,0
610,13,0
610,61,0
610,52,0
610,152,1
610,29,1
610,16,1
610,119,0
610,55,0
610,140,0
610,75,0
610,3,0
610,145,0
610,155,0
610,64,0
610,87,1
610,32,1
610,142,0
610,121,0
610,33,1
610,35,1
610,153,0
610,192,0
610,79,0
610,2,0
610,54,0
610,102,0
610,44,1
610,9,1
610,112,0
610,183,0
610,157,1
610,177,0
610,196,0
610,118,0
610,186,1
610,158,1
610,18,1
610,25,1
610,58,0
610,167,0
610,95,1
611,76,1
611,32,1
611,192,0
611,21,0
611,97,0
611,6,1
611,144,0
611,138,1
611,107,0
611,147,1
611,179,1
611,67,0
611,30,1
611,72,1
611,44,0
611,8,0
611,93,0
611,178,1
611,29,1
611,96,1
611,189,1
611,85,0
611,154,0
611,185,1
611,20,0
611,11,0
611,137,0
611,36,1
611,81,0
611,120,1
611,26,0
611,49,0
611,133,1
611,92,0
611,116,0
611,175,0
611,199,0
611,141,0
611,151,0
611,14,0
611,109,1
611,172,1
611,28,1
611,134,0
611,86,0
611,62,0
611,61,0
612,33,1
612,164,1
612,146,0
612,7,1
612,67,0
612,103,1
612,147,1
612,45,0
612,124,0
612,91,1
612,43,0
612,183,0
612,23,0
612,161,1
612,8,0
612,40,0
612,181,1
612,129,1
612,64,0
612,122,0
612,160,1
612,56,0
612,9,0
612,47,0
612,131,1
612,137,1
612,85,0
612,90,0
612,35,1
612,168,0
612,92,1
612,132,1
612,173,1
612,95,0
612,151,0
612,22,1
612,100,0
612,135,1
612,171,1
612,114,1
612,134,1
612,174,0
612,190,0
612,19,0
612,25,0
612,115,0
612,182,0
613,97,0
613,26,0
613,89,0
613,37,1
613,188,0
613,160,1
613,21,1
613,185,0
613,184,0
613,174,0
613,173,1
613,52,1
613,94,0
613,150,0
613,98,0
613,165,0
613,105,0
613,120,0
613,145,1
613,3,0
613,30,0
613,31,0
613,51,0
613,121,0
613,25,1
613,40,0
613,172,0
613,158,0
613,171,0
613,63,0
613,83,0
614,165,0
614,0,1
614,187,0
614,171,0
614,53,1
614,46,0
614,134,1
614,191,0
614,103,0
614,122,1
614,88,0
614,44,0
614,85,0
614,49,1
614,117,0
614,111,0
614,129,0
614,63,0
614,13,0
614,69,0
614,19,0
614,155,0
614,94,0
614,2,0
614,199,1
614,55,0
614,61,0
614,176,1
614,127,0
614,40,1
614,52,0
614,100,0
614,27,1
614,157,0
614,95,1
614,190,0
614,76,1
614,180,1
614,112,0
614,139,0
614,90,0
614,65,0
614,136,0
614,42,1
615,17,1
615,172,1
615,22,0
615,41,1
615,19,1
615,123,0
615,121,1
615,39,0
615,187,0
615,104,0
615,89,1
615,176,1
615,178,0
615,30,0
615,48,1
615,35,1
615,3,0
615,126,0
615,107,0
615,166,0
615,168,1
615,125,0
615,199,1
615,34,1
615,163,0
615,53,1
615,165,1
615,139,0
615,103,1
615,68,0
615,28,0
616,88,1
616,139,0
616,111,1
616,24,1
616,34,0
616,119,0
616,186,1
616,84,0
616,95,1
616,134,0
616,99,0
616,198,1
616,197,1
616,104,1
616,38,0
616,161,1
616,37,1
616,67,0
616,166,0
616,144,0
616,127,0
616,14,0
616,165,1
616,87,0
616,133,0
616,151,1
616,52,0
616,128,1
616,143,0
616,57,0
616,136,0
616,97,0
617,22,0
617,99,1
617,129,1
617,35,1
617,193,1
617,14,1
617,149,1
617,95,0
617,113,1
617,170,1
617,2,0
617,33,0
617,199,0
617,45,1
617,64,1
617,78,1
617,93,0
617,164,1
617,74,0
617,40,0
617,112,1
617,3,0
617,180,0
617,61,0
617,150,1
617,117,0
617,56,1
617,24,1
617,39,1
617,132,0
617,167,1
617,115,0
617,125,0
617,122,0
617,163,1
617,139,1
617,198,0
617,55,0
617,98,1
618,17,1
618,51,0
618,190,0
618,50,0
618,75,0
618,44,0
618,90,1
618,186,0
618,2,0
618,95,1
618,149,1
618,163,0
618,147,0
618,155,0
618,80,0
618,168,0
618,126,0
618,91,0
618,43,1
618,180,0
618,110,1
618,14,0
618,55,0
618,197,1
618,156,1
618,167,1
618,166,0
618,59,1
618,0,1
618,112,0
618,26,1
618,194,1
618,104,0
618,157,1
618,159,1
618,15,0
618,130,1
618,99,0
619,96,1
619,50,1
619,83,0
619,144,0
619,199,1
619,145,0
619,106,1
619,152,0
619,115,0
619,133,0
619,130,0
619,148,0
619,112,0
619,13,0
619,186,0
619,15,0
619,118,0
619,102,1
619,20,0
619,77,0
619,157,1
619,170,0
619,162,0
619,150,0
619,40,0
619,131,0
619,116,0
619,190,0
619,86,1
619,104,0
619,57,1
619,73,0
620,166,1
620,52,0
620,136,1
620,61,0
620,50,0
620,150,0
620,90,0
620,53,0
620,168,0
620,17,0
620,97,1
620,158,1
620,44,0
620,7,0
620,146,1
620,36,1
620,160,0
620,105,0
620,103,1
620,89,0
620,73,0
620,142,1
620,122,1
620,82,0
620,21,0
620,134,0
620,198,0
621,90,1
621,157,1
621,182,1
621,154,0
621,164,0
621,167,1
621,113,1
621,11,1
621,23,1
621,105,1
621,72,0
621,173,0
621,82,0
621,150,0
621,21,1
621,119,0
621,71,0
621,59,0
621,18,1
621,179,1
621,169,1
621,170,1
621,24,0
621,118,0
621,115,0
621,103,0
621,153,0
621,73,0
621,198,0
621,185,1
621,163,0
621,199,1
621,86,0
621,68,0
622,94,1
622,160,0
622,11,1
622,70,0
622,189,0
622,74,0
622,58,1
622,185,1
622,69,0
622,166,0
622,67,0
622,97,0
622,19,0
622,116,0
622,129,0
622,177,1
622,145,1
622,136,0
622,32,0
622,151,0
622,134,0
622,64,0
622,30,0
622,89,1
622,78,0
622,60,1
622,121,1
622,107,0
622,156,0
622,56,1
622,76,0
622,153,0
622,155,0
622,3,0
622,113,1
622,111,0
622,178,1
622,102,1
622,57,0
622,59,0
622,158,0
623,146,1
623,118,0
623,61,0
623,87,0
623,13,0
623,131,1
623,45,0
623,176,1
623,2,1
623,103,0
623,24,1
623,12,0
623,144,0
623,19,0
623,170,1
623,187,1
623,198,0
623,147,0
623,68,1
623,145,0
623,125,0
623,155,1
623,80,0
623,166,0
623,124,0
623,104,1
623,14,0
623,74,1
623,173,0
623,34,0
623,85,0
623,189,0
623,18,0
623,127,1
623,167,1
623,142,0
623,59,0
624,188,0
624,64,1
624,77,0
624,72,0
624,82,0
624,121,0
624,23,0
624,41,0
624,180,0
624,80,0
624,27,1
624,197,0
624,7,0
624,5,0
624,154,0
624,11,0
624,58,0
624,158,0
624,33,0
624,147,1
624,139,0
624,34,1
624,57,0
624,135,1
624,44,1
624,19,1
624,184,0
624,24,0
625,113,0
625,156,0
625,142,1
625,172,0
625,40,0
625,80,1
625,188,0
625,184,1
625,109,0
625,27,0
625,160,0
625,101,0
625,26,1
625,167,1
625,124,1
625,189,0
625,31,0
625,23,0
625,176,0
625,59,0
625,7,0
625,147,0
625,159,0
625,183,0
625,141,1
625,175,0
625,114,0
625,76,0
625,74,0
625,107,0
625,135,0
625,177,0
625,33,1
625,190,0
625,73,0
625,68,0
625,93,0
625,193,1
625,164,1
625,99,0
625,95,0
625,128,0
625,18,0
625,0,1
625,120,0
626,39,1
626,5,0
626,138,0
626,77,1
626,71,1
626,171,0
626,27,0
626,57,1
626,78,0
626,180,0
626,68,1
626,136,0
626,158,0
626,95,0
626,140,0
626,23,1
626,191,0
626,14,1
626,25,1
626,64,1
626,177,1
626,99,1
626,8,0
626,28,0
626,52,1
626,10,1
626,37,0
626,0,1
626,187,0
626,105,0
626,3,1
626,163,1
626,130,0
626,32,1
627,139,1
627,115,1
627,149,0
627,49,0
627,25,0
627,85,0
627,67,0
627,89,0
627,94,0
627,10,1
627,9,1
627,112,1
627,191,1
627,44,0
627,61,0
627,46,0
627,88,0
627,117,0
627,131,0
627,90,0
627,128,0
627,31,0
627,23,1
627,125,0
627,111,0
627,145,0
627,153,1
627,122,1
627,53,0
627,116,0
627,150,0
627,65,0
627,179,0
627,177,1
627,34,0
627,91,0
627,165,0
628,42,0
628,150,1
628,175,1
628,147,0
628,186,1
628,37,1
628,25,0
628,27,0
628,68,0
628,135,0
628,108,1
628,20,0
628,48,0
628,86,0
628,190,0
628,127,1
628,138,0
628,45,0
628,101,1
628,114,0
628,73,0
628,188,0
628,170,1
628,155,0
628,125,1
628,23,0
628,87,1
629,48,1
629,188,1
629,12,0
629,55,1
629,16,1
629,118,1
629,17,0
629,93,0
629,9,0
629,99,0
629,22,1
629,146,0
629,181,0
629,87,1
629,96,0
629,71,1
629,46,0
629,120,1
629,140,1
629,81,1
629,13,0
629,5,0
629,169,0
629,35,1
630,146,0
630,148,0
630,48,0
630,28,1
630,171,0
630,7,0
630,82,0
630,164,0
630,190,0
630,198,0
630,62,1
630,154,0
630,71,0
630,10,1
630,160,1
630,24,1
630,196,0
630,192,0
630,69,0
630,33,0
630,38,0
630,45,0
630,133,0
630,138,1
630,186,0
630,187,1
630,67,0
630,161,1
630,2,0
630,157,1
630,123,1
630,91,1
630,169,0
630,102,0
630,113,0
631,97,0
631,123,0
631,101,0
631,164,1
631,197,0
631,92,0
631,1,0
631,4,1
631,189,1
631,106,0
631,148,0
631,158,0
631,14,0
631,59,0
631,64,0
631,9,0
631,177,0
631,172,0
631,149,1
631,136,1
631,195,1
631,173,0
631,38,0
631,47,0
631,161,1
631,186,0
631,70,0
631,104,0
631,198,0
631,78,0
631,112,1
632,185,1
632,39,1
632,193,0
632,177,0
632,148,0
632,84,1
632,35,0
632,123,1
632,180,0
632,163,0
632,51,1
632,198,0
632,4,0
632,25,0
632,85,0
632,190,0
632,159,1
632,137,0
632,93,0
632,49,0
632,126,0
632,155,1
632,28,0
632,188,1
632,117,1
632,42,1
632,91,0
632,36,1
632,76,1
632,94,0
632,110,1
632,24,0
632,54,0
632,194,1
632,68,1
632,160,1
632,59,0
633,33,1
633,27,1
633,115,0
633,36,0
633,63,0
633,18,0
633,179,0
633,181,0
633,53,0
633,182,0
633,30,1
633,29,1
633,166,1
633,118,0
633,55,0
633,11,0
633,59,0
633,124,0
633,38,0
633,9,1
633,174,0
633,86,1
633,113,0
633,39,0
633,128,0
633,57,1
633,50,1
633,26,1
633,148,0
633,80,0
633,197,1
633,64,0
633,72,0
633,190,0
633,75,0
634,156,1
634,171,0
634,165,0
634,178,1
634,100,0
634,55,0
634,32,0
634,189,0
634,109,1
634,103,0
634,140,0
634,81,0
634,120,0
634,51,1
634,91,0
634,10,0
634,60,0
634,162,1
634,24,1
634,186,1
634,181,1
634,112,1
634,177,0
634,19,0
634,141,0
634,35,0
634,157,1
634,76,0
634,197,1
634,118,0
634,3,0
635,110,0
635,166,0
635,66,1
635,104,0
635,96,0
635,163,0
635,178,0
635,183,1
635,170,0
635,141,0
635,105,0
635,47,0
635,65,0
635,199,0
635,26,1
635,14,0
635,40,0
635,99,0
635,117,0
635,138,1
635,56,0
635,13,1
635,115,0
635,23,0
635,182,0
635,75,0
635,128,0
635,176,0
635,143,1
635,189,0
635,111,0
635,164,0
635,118,0
635,17,1
635,53,0
636,66,0
636,71,0
636,116,0
636,77,1
636,130,1
636,62,1
636,87,0
636,110,1
636,119,1
636,38,0
636,169,1
636,168,0
636,24,1
636,120,0
636,179,0
636,170,0
636,100,1
636,102,1
636,185,0
636,25,0
636,97,1
636,104,1
636,49,0
636,131,0
636,199,0
636,14,1
636,123,0
636,155,0
636,80,0
636,182,0
636,122,1
636,105,0
637,172,1
637,19,0
637,36,0
637,7,0
637,102,0
637,20,0
637,188,0
637,6,0
637,12,1
637,196,1
637,72,0
637,16,0
637,14,0
637,191,1
637,76,0
637,24,0
637,46,0
637,163,1
637,95,0
637,181,0
637,74,1
637,142,0
637,111,1
637,189,1
638,0,0
638,174,0
638,75,1
638,40,0
638,191,0
638,13,1
638,114,1
638,107,1
638,142,0
638,51,0
638,106,0
638,6,1
638,153,0
638,168,1
638,25,0
638,77,1
638,157,0
638,15,1
638,198,0
638,92,1
638,23,1
638,83,0
638,49,1
638,161,0
638,166,0
638,172,0
638,179,0
638,26,1
638,90,1
638,19,1
638,130,0
638,28,1
638,192,0
639,140,0
639,57,0
639,181,1
639,174,1
639,16,0
639,23,1
639,40,0
639,61,0
639,132,0
639,105,0
639,39,0
639,192,0
639,95,0
639,197,1
639,56,1
639,196,1
639,33,1
639,110,1
639,35,0
639,151,0
639,100,0
639,157,0
639,185,0
639,123,1
639,24,0
639,1,0
639,62,1
639,144,1
639,27,1
639,108,0
639,168,0
639,51,0
639,58,1
639,178,0
639,46,0
639,137,0
640,182,0
640,16,0
640,93,0
640,193,0
640,10,0
640,178,0
640,26,0
640,3,1
640,31,0
640,109,0
640,12,0
640,47,0
640,71,0
640,75,1
640,55,1
640,187,0
640,81,1
640,72,0
640,17,0
640,111,0
640,130,1
640,179,1
640,122,1
640,45,0
640,8,1
640,84,0
640,144,1
640,49,0
641,109,0
641,179,1
641,186,0
641,86,0
641,161,1
641,4,0
641,151,0
641,191,1
641,87,0
641,175,0
641,40,0
641,196,0
641,131,0
641,125,0
641,112,1
641,21,0
641,181,0
641,144,0
641,141,0
641,117,1
641,100,0
641,111,0
641,89,0
641,184,1
641,158,1
641,128,1
641,133,0
641,120,1
641,45,1
641,197,1
641,23,0
641,106,0
641,30,0
641,31,0
641,28,0
641,116,0
641,29,0
642,19,1
642,73,1
642,173,1
642,75,0
642,113,1
642,40,0
642,104,1
642,57,0
642,50,0
642,176,0
642,72,0
642,152,1
642,81,0
642,6,1
642,180,0
642,183,0
642,0,0
642,165,0
642,33,1
642,63,1
642,119,1
642,16,0
642,140,0
642,24,1
642,4,1
642,150,0
642,122,1
642,185,1
642,174,0
642,135,1
642,121,0
642,53,0
642,166,1
642,51,0
642,45,0
642,171,0
642,23,1
642,192,1
643,34,0
643,150,1
643,149,0
643,41,0
643,152,1
643,166,1
643,73,0
643,191,1
643,138,1
643,181,0
643,77,0
643,64,0
643,47,1
643,184,1
643,126,0
643,21,0
643,39,1
643,94,0
643,1,1
643,87,0
643,125,0
643,105,0
643,58,1
643,117,0
643,113,0
643,180,1
643,172,0
643,50,0
643,122,0
643,74,1
643,11,0
643,49,0
643,32,1
643,40,0
643,174,0
643,12,0
643,72,0
643,62,0
643,43,0
643,119,0
643,57,1
643,148,0
643,103,0
643,154,1
643,3,0
643,127,0
643,24,0
643,198,0
643,18,0
643,14,0
644,146,0
644,132,1
644,71,0
644,72,1
644,95,1
644,87,0
644,160,0
644,131,0
644,27,1
644,59,0
644,29,0
644,86,0
644,189,1
644,111,0
644,195,0
644,191,0
644,20,1
644,64,1
644,82,1
644,157,1
644,12,0
644,6,0
644,172,1
644,151,0
644,129,1
644,83,0
644,66,0
644,115,0
644,128,0
644,125,0
644,55,0
644,0,0
644,130,0
644,152,1
644,26,0
644,25,1
644,79,0
644,1,0
644,134,0
645,22,0
645,45,0
645,177,0
645,13,0
645,126,0
645,28,1
645,179,0
645,186,0
645,49,0
645,183,0
645,81,1
645,78,0
645,12,0
645,158,1
645,181,0
645,116,1
645,185,1
645,15,0
645,52,1
645,174,0
645,108,0
645,123,1
645,188,0
645,6,0
645,96,1
645,42,0
646,185,1
646,182,0
646,43,0
646,168,1
646,89,0
646,35,1
646,171,0
646,177,1
646,137,1
646,74,0
646,127,0
646,109,0
646,76,0
646,105,0
646,61,0
646,118,1
646,114,0
646,126,1
646,17,1
646,13,0
646,56,0
646,10,0
646,154,1
646,167,1
646,73,0
646,82,0
646,90,0
646,162,0
646,83,1
646,166,0
646,183,0
646,156,1
646,179,0
646,29,1
646,42,1
646,14,1
646,173,0
646,140,0
646,2,1
646,3,1
646,189,0
646,16,0
646,151,1
646,104,0
646,20,0
646,28,1
646,92,1
647,65,0
647,182,0
647,140,1
647,183,1
647,121,1
647,139,1
647,83,0
647,23,1
647,60,1
647,68,0
647,163,1
647,160,1
647,169,1
647,88,0
647,162,0
647,1,1
647,191,0
647,24,0
647,27,1
647,118,0
647,123,0
647,102,0
647,115,1
647,81,1
647,131,1
647,107,0
647,34,0
647,76,1
647,32,1
647,105,1
647,149,0
647,174,0
647,0,1
647,108,0
647,197,0
647,39,0
647,49,0
647,93,1
647,133,0
647,132,0
647,179,0
647,184,0
647,79,0
647,120,0
647,47,1
647,86,1
647,153,0
647,36,0
647,26,0
647,164,0
648,136,1
648,171,1
648,53,0
648,42,1
648,173,0
648,62,0
648,98,1
648,54,0
648,73,0
648,41,1
648,17,0
648,44,1
648,148,0
648,99,0
648,144,0
648,141,0
648,140,0
648,152,1
648,1,0
648,94,0
648,31,1
648,131,1
648,124,0
648,110,1
648,127,0
648,64,0
648,3,1
648,158,0
648,13,0
648,87,0
648,157,0
648,194,0
648,25,1
648,107,0
648,116,0
648,184,1
648,82,0
648,133,1
648,55,0
648,86,1
648,196,1
648,89,0
648,47,1
648,88,1
648,178,0
648,45,1
648,34,1
648,51,1
648,109,0
649,139,0
649,29,1
649,179,0
649,155,0
649,95,1
649,152,0
649,127,0
649,91,0
649,146,0
649,172,1
649,132,1
649,96,1
649,76,0
649,40,0
649,157,0
649,38,0
649,45,1
649,186,0
649,55,1
649,178,0
649,77,0
649,130,0
649,119,0
649,189,0
649,35,0
649,160,0
649,93,0
649,175,0
649,69,1
649,100,1
649,190,1
649,22,0
650,128,1
650,138,0
650,115,0
650,80,0
650,109,1
650,135,0
650,136,1
650,154,1
650,117,0
650,98,1
650,63,0
650,181,0
650,168,0
650,53,0
650,22,0
650,102,1
650,49,1
650,134,1
650,179,1
650,178,0
650,81,1
651,96,0
651,133,1
651,106,1
651,114,0
651,181,1
651,53,0
651,168,1
651,179,0
651,123,0
651,111,0
651,29,0
651,39,1
651,99,0
651,48,0
651,100,0
651,81,0
651,55,0
651,164,1
651,21,0
651,16,0
651,83,0
651,132,1
651,139,1
651,130,0
651,166,1
652,29,0
652,63,1
652,23,0
652,136,0
652,143,0
652,144,0
652,162,0
652,87,0
652,195,0
652,34,0
652,163,1
652,105,0
652,139,0
652,199,1
652,77,0
652,137,1
652,66,0
652,141,1
652,14,0
652,90,0
652,107,0
652,122,1
652,19,1
652,102,0
652,26,1
652,69,0
652,44,0
652,51,1
652,43,0
652,49,1
652,171,1
652,47,0
652,133,0
652,167,0
652,115,0
652,67,0
652,89,0
652,161,1
652,98,1
652,9,0
652,100,1
652,5,0
652,50,1
652,134,0
652,73,0
652,135,0
652,151,1
653,94,0
653,47,0
653,143,0
653,118,0
653,49,1
653,191,1
653,130,0
653,67,0
653,145,0
653,78,0
653,192,1
653,188,0
653,126,1
653,80,0
653,138,1
653,194,0
653,176,0
653,149,0
653,34,1
653,132,1
653,113,0
653,150,0
653,5,1
653,44,0
653,82,0
653,92,0
653,95,0
653,195,1
653,33,1
653,2,0
653,96,0
653,51,1
653,12,1
653,193,0
653,159,1
653,9,0
653,112,1
653,73,0
653,123,1
653,84,1
653,8,0
653,56,1
653,93,0
653,91,0
653,128,0
654,114,1
654,130,0
654,138,0
654,43,1
654,79,1
654,163,0
654,193,0
654,135,0
654,36,0
654,128,0
654,153,1
654,56,1
654,8,1
654,120,1
654,4,0
654,87,0
654,100,0
654,182,0
654,143,0
654,3,0
654,122,0
654,99,0
654,184,0
654,51,0
654,76,0
654,30,1
654,137,0
654,50,0
654,102,1
654,156,0
654,154,0
654,111,0
654,119,1
655,9,1
655,30,1
655,41,1
655,175,0
655,40,0
655,142,0
655,0,1
655,192,0
655,78,0
655,83,1
655,150,0
655,141,1
655,87,0
655,130,1
655,34,0
655,158,0
655,8,0
655,170,1
655,4,0
655,151,0
655,90,0
655,62,0
655,68,1
655,177,0
656,91,0
656,21,1
656,59,0
656,179,0
656,187,1
656,189,1
656,14,0
656,126,0
656,18,0
656,73,1
656,124,0
656,20,1
656,34,0
656,112,0
656,166,0
656,143,1
656,121,0
656,7,0
656,63,1
656,186,1
656,157,1
656,144,1
656,156,0
656,58,1
656,118,1
656,153,1
656,12,0
656,15,0
656,142,0
656,174,0
656,2,1
656,1,1
656,128,0
656,173,0
656,75,1
657,83,0
657,197,0
657,1,0
657,183,0
657,93,0
657,162,0
657,25,1
657,143,0
657,74,0
657,41,1
657,129,0
657,175,1
657,0,0
657,171,0
657,156,1
657,22,0
657,80,1
657,81,0
657,34,0
657,18,0
657,166,0
657,101,0
657,128,0
657,21,0
657,72,0
657,127,0
657,106,0
658,131,1
658,143,0
658,137,0
658,197,1
658,135,0
658,46,0
658,100,0
658,142,1
658,28,0
658,35,1
658,22,0
658,120,1
658,190,0
658,136,0
658,107,1
658,87,0
658,0,0
658,115,0
658,113,0
658,31,1
658,43,1
658,41,0
658,25,1
658,5,0
658,6,1
658,198,0
658,159,1
658,72,0
659,17,1
659,47,0
659,75,1
659,34,0
659,137,1
659,63,0
659,84,1
659,54,0
659,114,0
659,18,0
659,165,0
659,178,1
659,74,0
659,58,0
659,126,1
659,194,1
659,130,0
659,32,1
659,156,0
659,134,0
659,56,1
659,160,1
659,189,1
659,185,1
659,73,0
659,89,0
659,184,1
659,91,0
659,11,1
659,105,1
659,103,0
659,197,0
659,7,1
659,170,0
659,175,1
659,22,0
659,95,0
659,97,1
659,199,0
659,30,0
659,52,0
659,119,1
659,198,0
659,80,0
660,161,1
660,76,0
660,117,0
660,138,1
660,197,0
660,19,0
660,75,0
660,59,0
660,31,0
660,47,1
660,27,1
660,102,0
660,67,0
660,179,0
660,180,0
660,170,0
660,112,0
660,114,0
660,172,0
660,30,0
660,84,0
660,54,0
660,194,0
660,43,0
660,141,0
660,94,0
660,57,1
660,83,1
660,149,0
660,65,1
660,100,0
660,171,0
660,120,1
660,41,0
660,29,1
660,167,0
660,33,0
660,23,0
660,185,1
660,63,0
660,181,0
660,156,1
660,52,1
660,4,1
660,86,0
660,73,1
660,92,1
661,188,1
661,156,1
661,134,0
661,49,0
661,140,0
661,185,0
661,93,0
661,54,1
661,119,0
661,166,1
661,87,0
661,195,0
661,13,0
661,9,1
661,147,1
661,164,1
661,90,0
661,191,1
661,173,0
661,89,0
661,199,0
661,187,0
661,43,0
661,88,0
661,104,0
661,17,0
661,160,0
661,29,0
661,152,1
661,197,0
661,37,0
661,75,0
661,146,1
661,148,0
661,179,1
661,121,0
661,35,1
661,26,1
661,116,0
661,99,0
661,167,0
662,48,0
662,7,0
662,120,1
662,19,1
662,158,0
662,168,1
662,21,0
662,181,0
662,171,0
662,85,0
662,96,1
662,70,1
662,36,0
662,125,0
662,106,0
662,189,1
662,166,1
662,65,0
662,49,0
662,1,0
662,127,0
662,150,0
662,12,0
662,23,0
662,75,0
662,137,1
662,88,0
662,123,0
662,38,1
662,146,1
662,76,0
662,94,0
662,184,0
662,187,0
662,69,1
662,11,1
662,99,0
662,90,0
662,46,0
662,111,1
662,58,1
662,14,0
662,114,0
662,72,1
663,152,0
663,157,0
663,106,0
663,185,0
663,62,1
663,160,0
663,47,1
663,94,0
663,114,1
663,198,0
663,138,0
663,195,0
663,148,0
663,128,0
663,109,0
663,147,1
663,174,0
663,21,0
663,30,1
663,23,0
663,86,1
663,136,0
663,153,0
663,107,0
663,98,0
663,177,0
663,135,1
663,20,0
663,183,0
663,161,0
663,41,0
663,96,1
663,66,1
663,61,0
663,122,0
663,5,0
663,56,1
663,38,1
663,43,0
663,13,1
663,113,0
663,81,1
663,175,1
663,197,0
663,78,0
663,132,0
663,171,0
663,124,0
664,102,0
664,141,0
664,99,0
664,118,0
664,9,1
664,144,1
664,76,1
664,186,1
664,154,0
664,81,0
664,49,0
664,131,1
664,62,0
664,132,1
664,148,0
664,166,1
664,82,1
664,189,0
664,121,0
664,152,0
664,80,0
664,178,0
664,91,0
664,172,1
664,95,0
664,125,0
664,0,1
664,169,1
664,38,0
664,57,0
664,33,0
664,31,0
664,190,1
664,199,1
664,55,0
664,87,1
664,108,0
664,18,0
664,182,1
665,128,0
665,120,1
665,2,0
665,164,1
665,9,0
665,176,0
665,3,1
665,142,0
665,81,0
665,0,0
665,62,0
665,151,1
665,152,0
665,167,1
665,44,1
665,108,0
665,21,1
665,76,1
665,22,0
665,103,0
665,187,1
665,46,1
665,125,1
665,143,0
665,42,1
665,114,0
665,158,0
665,87,0
665,25,1
665,37,1
665,18,0
665,182,0
665,129,0
665,65,0
665,53,0
665,146,1
665,191,0
665,23,1
665,73,0
665,170,1
665,144,1
665,131,0
666,169,0
666,50,1
666,98,0
666,173,0
666,112,0
666,90,1
666,70,0
666,186,0
666,86,1
666,143,1
666,164,0
666,45,1
666,124,0
666,191,0
666,198,0
666,181,0
666,14,0
666,117,0
666,142,0
666,87,1
666,82,0
666,139,0
666,2,1
666,180,0
666,39,0
666,140,1
666,95,1
666,79,1
666,109,1
666,7,1
666,76,0
666,125,0
666,62,1
666,65,0
666,132,0
666,182,0
666,40,0
666,159,0
666,68,0
666,64,1
666,84,1
666,167,1
666,8,0
666,93,1
666,3,1
666,174,0
667,26,1
667,63,0
667,54,0
667,104,0
667,82,0
667,68,1
667,43,1
667,34,0
667,71,0
667,72,0
667,16,1
667,190,0
667,53,1
667,186,0
667,193,1
667,64,1
667,156,0
667,80,0
667,147,0
667,143,1
667,39,0
667,60,0
667,140,0
667,24,0
667,29,0
667,120,1
667,62,1
667,57,0
667,76,1
668,191,0
668,99,0
668,153,0
668,5,0
668,1,0
668,72,0
668,169,0
668,105,0
668,45,0
668,47,1
668,130,1
668,176,0
668,23,1
668,162,0
668,61,1
668,112,0
668,123,0
668,98,0
668,171,0
668,64,1
668,110,0
668,177,0
668,134,1
668,17,1
668,97,0
668,182,1
668,95,0
669,151,0
669,103,1
669,126,1
669,102,0
669,23,0
669,13,0
669,5,1
669,192,1
669,41,1
669,133,1
669,34,0
669,40,1
669,12,0
669,57,1
669,123,0
669,72,1
669,110,0
669,191,1
669,82,1
669,146,0
669,99,0
669,58,1
669,145,1
669,30,0
669,16,0
669,165,0
669,65,1
669,156,1
669,124,0
669,166,1
669,194,1
670,98,1
670,28,1
670,47,1
670,163,0
670,37,0
670,199,0
670,10,0
670,68,1
670,64,1
670,50,1
670,194,1
670,22,0
670,125,0
670,109,1
670,177,0
670,151,0
670,61,0
670,101,0
670,144,0
670,3,0
670,17,1
670,93,1
670,1,0
670,132,1
670,13,1
670,143,0
670,153,0
670,90,1
670,189,1
670,174,0
670,20,0
670,99,1
670,85,1
670,190,0
670,87,1
670,155,1
670,12,0
670,171,1
670,187,0
670,117,0
670,4,1
670,45,1
670,67,1
670,180,1
670,91,1
670,148,0
671,51,0
671,193,0
671,26,0
671,49,0
671,61,0
671,8,1
671,150,1
671,188,0
671,194,1
671,59,0
671,123,0
671,18,0
671,186,1
671,158,0
671,86,0
671,127,1
671,46,0
671,44,0
671,82,0
671,113,0
671,87,1
671,72,1
671,69,0
671,19,0
671,154,1
671,48,0
671,110,0
671,185,1
671,70,0
671,14,0
671,184,1
671,165,1
671,68,0
671,37,0
671,53,0
671,159,0
671,35,0
671,196,1
671,65,1
671,47,0
671,79,0
672,80,0
672,8,1
672,161,0
672,181,1
672,36,1
672,83,0
672,74,0
672,122,1
672,185,1
672,19,0
672,29,0
672,34,0
672,111,1
672,127,1
672,11,1
672,10,1
672,65,1
672,41,1
672,138,0
672,69,0
672,16,0
672,28,0
672,47,0
672,160,0
672,23,0
672,166,0
672,26,1
672,31,0
672,15,0
672,165,1
673,79,0
673,178,1
673,94,0
673,77,0
673,175,0
673,83,1
673,8,1
673,52,0
673,174,1
673,16,0
673,43,1
673,96,0
673,198,1
673,45,0
673,149,0
673,173,1
673,76,0
673,40,1
673,2,0
673,41,1
673,189,1
673,102,0
673,51,1
673,133,0
673,66,0
673,93,0
673,143,0
673,92,0
673,13,0
673,54,0
673,197,1
673,7,0
673,127,0
673,164,0
673,65,0
673,36,1
673,24,0
673,172,1
673,176,0
673,32,0
673,116,0
673,85,0
673,72,0
673,25,0
674,148,0
674,40,1
674,114,0
674,112,0
674,45,1
674,199,0
674,24,0
674,8,0
674,195,0
674,79,0
674,129,1
674,66,1
674,155,1
674,161,0
674,120,1
674,92,0
674,73,0
674,130,0
674,84,1
674,74,1
674,166,0
674,7,0
674,140,0
674,32,0
674,171,0
674,50,0
675,163,1
675,106,0
675,147,0
675,186,0
675,182,0
675,46,0
675,188,0
675,64,1
675,39,0
675,55,0
675,52,0
675,194,0
675,96,0
675,122,0
675,170,0
675,160,1
675,68,0
675,199,0
675,168,0
675,85,0
675,48,1
675,77,0
676,46,1
676,5,0
676,102,0
676,105,0
676,190,0
676,17,0
676,187,0
676,174,1
676,170,0
676,104,0
676,80,0
676,78,0
676,15,0
676,76,0
676,71,1
676,138,0
676,36,0
676,9,1
676,70,1
676,75,0
676,90,1
676,162,1
676,153,0
676,107,0
676,11,1
676,97,0
676,7,1
676,48,1
676,31,0
676,198,1
676,89,1
676,161,0
676,42,1
676,45,1
676,166,0
676,157,1
676,54,0
676,179,1
676,60,1
676,49,1
676,57,0
676,33,1
676,77,0
676,44,1
677,198,1
677,154,0
677,192,0
677,144,1
677,18,1
677,36,0
677,11,1
677,58,1
677,28,1
677,32,0
677,114,0
677,119,0
677,22,0
677,52,0
677,2,0
677,164,0
677,156,1
677,84,0
677,104,1
677,17,0
677,185,1
677,98,1
677,139,0
677,109,1
677,60,1
677,179,0
677,117,0
677,169,0
677,184,0
677,158,1
677,147,1
677,108,0
677,6,0
677,37,0
677,38,0
677,165,0
678,17,0
678,164,0
678,70,1
678,193,0
678,101,0
678,144,0
678,128,0
678,2,0
678,191,0
678,165,1
678,179,1
678,3,1
678,175,0
678,110,0
678,7,1
678,28,0
678,9,0
678,121,0
678,51,1
678,139,1
678,30,0
678,74,0
678,168,1
678,106,1
678,43,0
678,192,0
678,67,1
678,111,0
678,89,0
678,85,0
678,63,0
678,66,1
678,183,0
678,132,1
678,161,0
678,163,0
678,173,0
678,25,1
678,49,0
678,148,1
678,57,0
678,75,0
678,153,0
678,196,0
678,0,0
678,125,0
679,47,1
679,116,0
679,26,1
679,131,1
679,99,0
679,98,0
679,135,0
679,92,0
679,119,0
679,76,0
679,95,1
679,174,0
679,169,0
679,142,1
679,78,1
679,144,0
679,187,1
679,195,0
679,118,0
679,15,0
679,107,0
679,177,1
679,64,1
679,40,0
679,197,1
679,60,0
679,24,1
679,28,1
679,137,0
679,140,1
679,77,1
679,167,0
679,67,0
679,165,1
679,152,1
679,111,1
679,172,0
679,192,1
679,51,0
679,164,0
679,179,0
679,151,0
679,143,1
679,132,0
679,17,1
679,121,1
679,173,0
679,83,0
679,196,1
680,197,1
680,95,0
680,98,1
680,185,1
680,11,0
680,194,0
680,140,0
680,14,0
680,190,0
680,64,0
680,62,0
680,27,1
680,42,0
680,122,0
680,6,0
680,31,0
680,74,0
680,1,1
680,183,0
680,193,1
680,163,0
680,102,1
680,111,1
680,35,0
680,132,0
680,93,1
680,172,1
680,144,0
680,147,0
680,37,0
680,69,0
680,28,0
680,7,0
680,85,0
680,189,0
680,97,1
680,19,1
680,61,0
680,46,0
680,16,1
680,138,1
680,123,0
681,124,0
681,101,0
681,157,0
681,69,0
681,37,1
681,134,1
681,125,0
681,53,1
681,129,0
681,28,0
681,46,1
681,16,0
681,126,1
681,64,1
681,85,0
681,194,1
681,103,0
681,29,0
681,131,1
681,4,1
681,94,1
681,17,0
681,147,0
681,43,0
681,42,0
681,142,1
681,158,1
681,165,1
681,190,1
681,59,1
681,178,0
681,106,1
681,149,0
681,110,1
681,66,0
681,169,0
681,173,1
681,76,0
681,140,1
681,58,1
681,9,0
681,21,1
681,183,0
681,36,1
681,95,1
681,56,0
682,44,0
682,11,0
682,79,0
682,100,1
682,103,1
682,7,1
682,94,0
682,57,0
682,133,1
682,150,1
682,10,0
682,141,0
682,158,0
682,113,1
682,191,0
682,157,0
682,56,0
682,71,0
682,89,1
682,25,0
682,121,1
682,97,0
682,197,1
682,145,0
682,190,0
682,107,0
682,163,1
682,24,1
682,18,1
682,61,1
682,42,0
682,81,1
682,143,0
682,193,0
682,134,1
682,188,0
682,66,0
682,95,0
682,147,0
682,85,1
682,36,1
682,165,1
682,162,0
682,35,1
682,74,1
682,123,1
683,16,0
683,145,1
683,120,0
683,12,0
683,163,0
683,178,0
683,88,1
683,194,0
683,35,0
683,66,0
683,141,0
683,99,0
683,75,0
683,148,0
683,179,1
683,13,1
683,54,0
683,118,0
683,168,0
683,127,0
683,68,1
683,167,1
683,103,1
683,40,1
683,139,1
683,129,1
683,109,0
683,116,0
683,159,0
683,45,0
683,94,0
683,135,1
683,140,0
683,58,0
683,199,0
684,35,0
684,56,1
684,111,0
684,108,0
684,73,1
684,179,0
684,16,0
684,22,1
684,146,0
684,116,0
684,134,0
684,173,0
684,194,1
684,189,1
684,199,1
684,94,0
684,78,1
684,122,1
684,148,0
684,154,0
684,52,0
684,69,0
684,195,0
684,13,0
684,48,1
684,106,0
684,104,0
684,190,0
685,16,0
685,59,0
685,47,0
685,14,1
685,80,0
685,41,0
685,128,0
685,5,0
685,24,0
685,69,0
685,32,0
685,30,0
685,3,1
685,192,1
685,176,0
685,84,0
685,102,0
685,77,1
685,164,1
685,12,1
685,39,0
685,10,0
685,148,1
685,7,1
685,184,1
685,147,0
685,140,0
685,116,0
685,173,1
685,131,0
685,144,0
685,28,0
685,150,1
685,127,0
685,43,0
685,134,0
685,19,1
685,71,0
686,177,1
686,38,1
686,150,1
686,70,0
686,100,1
686,158,0
686,80,1
686,102,1
686,9,0
686,6,0
686,29,0
686,30,0
686,198,0
686,90,0
686,120,0
686,178,0
686,105,0
686,86,0
686,39,0
686,99,1
686,143,0
686,63,0
686,94,0
686,97,0
686,165,0
686,91,0
686,71,1
686,111,1
686,5,1
686,72,1
686,89,0
686,82,1
686,167,0
686,24,1
686,52,0
686,15,1
686,121,0
686,180,0
686,18,0
686,160,0
686,140,1
686,79,0
686,149,0
687,56,0
687,178,1
687,111,0
687,194,0
687,93,0
687,180,0
687,8,1
687,122,0
687,91,0
687,168,1
687,135,0
687,114,1
687,36,0
687,1,1
687,32,0
687,107,0
687,140,0
687,117,0
687,54,0
687,156,1
687,112,1
687,67,0
687,153,0
687,64,1
687,160,0
687,38,1
687,48,0
687,33,0
687,115,1
687,88,0
687,77,0
687,39,0
687,172,0
687,31,1
687,125,0
687,166,0
687,15,0
687,73,1
687,40,0
688,0,0
688,92,0
688,8,0
688,7,1
688,85,0
688,194,1
688,128,0
688,198,1
688,164,0
688,124,0
688,182,0
688,79,0
688,138,0
688,174,0
688,66,0
688,186,0
688,30,0
688,132,1
688,162,0
688,181,0
688,144,0
688,153,1
688,52,0
688,187,0
688,18,1
688,104,1
688,122,0
689,87,1
689,187,0
689,199,0
689,78,0
689,21,1
689,73,0
689,191,0
689,3,0
689,4,1
689,25,1
689,32,0
689,16,0
689,143,0
689,88,0
689,53,1
689,134,0
689,6,0
689,22,0
689,156,0
689,7,1
689,119,0
689,58,0
689,49,0
689,44,0
689,30,0
689,121,0
689,169,0
689,76,0
689,39,0
689,131,0
689,135,0
689,34,0
690,139,0
690,161,0
690,145,1
690,41,0
690,6,0
690,192,1
690,190,0
690,173,0
690,57,1
690,143,0
690,140,0
690,126,0
690,170,0
690,69,1
690,165,1
690,168,1
690,51,0
690,90,0
690,85,0
690,65,0
690,22,1
690,177,1
690,147,0
690,15,0
690,94,0
690,48,0
690,62,1
690,172,1
690,88,0
690,144,0
690,103,0
690,91,0
690,44,1
690,116,1
690,59,1
690,127,1
690,27,0
690,23,0
690,121,0
690,99,0
690,113,1
690,102,0
690,92,0
690,21,1
690,61,0
690,55,1
691,165,0
691,146,0
691,33,0
691,61,0
691,148,0
691,66,1
691,133,1
691,16,0
691,154,0
691,82,1
691,34,0
691,195,0
691,73,0
691,169,0
691,44,0
691,0,0
691,85,1
691,158,1
691,4,0
691,15,1
691,175,1
691,132,0
691,45,0
691,179,0
691,110,0
691,141,0
691,11,0
691,80,1
691,136,0
691,129,0
691,171,1
691,10,0
691,94,0
691,109,0
691,111,1
691,43,1
691,55,0
691,147,0
691,29,1
692,89,0
692,36,0
692,57,0
692,152,0
692,139,1
692,34,0
692,72,1
692,1,0
692,102,0
692,133,0
692,15,0
692,0,1
692,82,0
692,137,0
692,30,0
692,91,0
692,28,0
692,9,0
692,140,1
692,60,1
692,106,0
692,104,1
692,83,0
692,138,0
692,95,0
692,101,0
692,43,0
692,122,0
692,66,0
692,126,1
692,187,0
693,128,0
693,28,0
693,132,0
693,70,0
693,89,0
693,119,1
693,170,0
693,158,0
693,164,1
693,31,1
693,26,0
693,2,1
693,108,0
693,3,0
693,57,0
693,74,0
693,29,1
693,173,0
693,58,0
693,191,1
693,187,0
693,65,1
693,63,0
693,48,0
693,30,1
693,12,1
693,32,0
693,105,1
693,71,0
693,78,1
693,11,0
693,153,0
693,134,1
693,73,1
693,138,1
693,107,0
693,141,1
694,3,0
694,119,0
694,11,1
694,82,0
694,48,0
694,145,1
694,182,1
694,57,0
694,60,0
694,131,1
694,116,1
694,103,0
694,153,1
694,111,1
694,141,1
694,133,0
694,6,1
694,168,0
694,138,0
694,176,0
694,149,0
694,8,0
695,10,1
695,136,1
695,56,0
695,159,0
695,152,1
695,156,0
695,120,1
695,185,1
695,48,0
695,107,1
695,96,1
695,192,0
695,119,0
695,194,0
695,93,0
695,21,0
695,28,0
695,169,1
695,148,0
695,104,0
695,115,1
695,174,0
695,102,1
695,129,0
695,43,1
695,38,1
695,58,0
695,168,0
695,69,0
695,198,0
695,123,0
695,125,0
695,121,0
695,155,0
695,50,0
695,126,1
695,14,0
696,104,0
696,137,1
696,163,0
696,55,0
696,68,0
696,16,1
696,25,0
696,147,1
696,146,0
696,29,1
696,124,1
696,138,1
696,196,0
696,36,1
696,62,0
696,86,0
696,107,0
696,110,1
696,156,1
696,109,1
696,199,0
697,43,0
697,56,1
697,163,1
697,149,0
697,122,0
697,4,1
697,168,0
697,104,0
697,61,0
697,36,0
697,54,0
697,103,0
697,154,1
697,191,0
697,114,1
697,193,1
697,147,1
697,83,0
697,137,0
697,100,1
697,33,0
697,58,1
697,153,0
697,150,0
697,6,0
697,81,1
697,74,0
697,64,0
697,139,1
697,42,1
697,165,0
697,143,1
697,9,1
697,55,1
697,77,0
697,71,1
697,63,1
697,49,0
697,160,1
697,138,1
698,19,0
698,184,0
698,39,0
698,23,1
698,139,0
698,116,1
698,41,0
698,36,1
698,162,0
698,74,0
698,176,0
698,62,0
698,26,1
698,38,0
698,3,0
698,63,0
698,59,0
698,4,1
698,77,1
698,54,0
698,152,0
699,25,1
699,89,0
699,83,0
699,142,1
699,124,1
699,18,0
699,128,0
699,159,0
699,31,0
699,36,1
699,77,1
699,79,0
699,60,0
699,169,1
699,59,0
699,175,1
699,45,0
699,35,0
699,53,0
699,26,1
699,153,1
699,105,0
699,92,0
699,24,0
699,56,1
699,69,0
699,171,1
699,134,0
699,110,0
699,188,0
699,129,1
699,151,1
699,80,0
699,58,1
699,32,0
699,23,0
699,104,1
699,70,0
699,19,0
699,114,0
699,139,0
699,71,0
699,173,1
699,16,0
700,130,0
700,63,0
700,183,0
700,187,0
700,86,1
700,31,0
700,118,0
700,27,0
700,120,1
700,101,0
700,159,0
700,191,0
700,133,1
700,17,0
700,188,0
700,167,1
700,15,1
700,57,1
700,58,1
700,190,0
700,154,1
700,16,0
700,128,0
700,138,0
700,164,0
700,18,0
700,60,0
700,9,0
700,73,0
700,77,0
700,144,1
700,39,0
700,0,1
700,143,0
700,89,0
700,106,0
700,37,0
700,93,1
701,21,0
701,178,1
701,30,1
701,101,0
701,198,0
701,9,0
701,174,0
701,175,0
701,88,0
701,186,1
701,122,1
701,45,1
701,130,0
701,159,0
701,61,1
701,62,1
701,48,0
701,69,0
701,150,0
701,89,0
701,25,1
701,161,0
701,183,0
701,42,1
701,170,0
701,94,0
701,190,1
701,166,0
701,149,0
701,146,1
702,124,0
702,102,0
702,82,0
702,51,1
702,81,0
702,193,0
702,128,1
702,73,0
702,118,0
702,85,0
702,13,0
702,24,1
702,4,1
702,107,1
702,92,0
702,140,0
702,25,0
702,54,1
702,126,1
702,22,1
702,78,0
702,70,0
702,44,0
703,155,0
703,67,1
703,14,1
703,51,0
703,133,0
703,161,0
703,193,1
703,15,0
703,59,1
703,69,0
703,3,0
703,61,1
703,128,0
703,47,0
703,184,0
703,182,0
703,197,0
703,62,1
703,142,1
703,169,1
703,82,1
703,127,1
703,81,1
703,91,0
703,164,1
703,30,0
703,36,0
703,50,0
703,114,0
703,66,0
703,54,0
703,131,0
703,84,0
703,12,0
703,74,0
703,109,0
703,93,0
703,78,0
703,5,1
703,40,0
703,154,0
703,31,1
703,151,0
703,130,0
703,147,0
703,6,1
703,163,0
704,196,1
704,12,0
704,101,0
704,117,1
704,49,0
704,103,0
704,131,0
704,108,1
704,42,0
704,14,0
704,87,0
704,64,1
704,152,0
704,75,0
704,35,0
704,198,0
704,31,0
704,45,0
704,138,1
704,40,0
704,19,1
704,109,0
704,76,0
704,144,0
704,89,0
704,181,0
704,123,0
704,197,1
704,86,0
704,99,0
704,134,0
704,192,1
704,118,1
704,24,0
705,127,1
705,130,0
705,57,1
705,62,0
705,65,1
705,124,1
705,49,0
705,19,0
705,26,0
705,105,0
705,55,0
705,102,0
705,86,1
705,2,1
705,182,1
705,15,1
705,64,0
705,123,1
705,82,0
705,27,0
705,59,0
705,31,0
705,101,0
705,148,0
705,36,0
705,113,0
705,119,0
705,173,0
705,39,0
705,109,0
705,172,1
705,4,1
706,133,1
706,35,1
706,184,1
706,62,0
706,188,0
706,199,0
706,169,0
706,132,1
706,20,0
706,15,0
706,52,0
706,55,0
706,168,0
706,114,1
706,17,1
706,138,1
706,21,0
706,3,0
706,57,0
706,65,0
706,70,0
706,117,0
706,23,0
706,164,1
707,25,1
707,192,0
707,119,0
707,193,1
707,5,1
707,45,0
707,73,1
707,8,0
707,133,0
707,56,0
707,159,1
707,41,0
707,151,1
707,177,1
707,66,1
707,107,0
707,166,1
707,82,0
707,117,0
707,128,0
707,179,0
707,104,0
707,93,1
707,81,1
707,40,1
707,116,0
707,17,0
708,199,0
708,25,1
708,118,1
708,159,1
708,7,1
708,66,1
708,140,0
708,88,0
708,98,0
708,5,1
708,141,0
708,195,0
708,37,0
708,51,0
708,147,0
708,52,0
708,157,0
708,158,0
708,77,1
708,183,0
708,154,1
708,148,0
708,18,0
708,59,0
708,38,0
708,144,0
708,110,0
708,174,1
708,14,0
708,71,0
708,87,0
708,102,0
708,136,0
708,9,0
708,113,1
708,17,0
708,81,1
708,189,0
708,190,0
708,108,1
708,187,0
708,172,1
708,19,0
709,121,0
709,75,1
709,17,0
709,197,0
709,62,1
709,87,0
709,120,0
709,71,0
709,185,0
709,165,1
709,115,0
709,156,1
709,45,1
709,104,0
709,172,0
709,96,1
709,79,0
709,116,0
709,163,1
709,94,1
709,93,1
709,15,0
709,84,0
709,21,1
709,54,0
709,114,0
709,89,0
709,155,0
709,182,1
709,47,1
709,195,1
709,160,1
709,56,0
709,146,0
709,132,0
709,137,0
709,159,0
709,108,0
709,50,0
709,147,0
709,19,0
709,164,0
709,43,0
710,109,1
710,30,0
710,129,1
710,193,0
710,160,1
710,156,0
710,177,0
710,94,1
710,27,0
710,105,1
710,11,0
710,101,0
710,132,1
710,78,1
710,168,0
710,65,0
710,4,1
710,9,0
710,53,0
710,41,0
710,142,0
710,188,1
711,144,1
711,103,1
711,62,1
711,19,0
711,100,0
711,196,0
711,198,0
711,29,0
711,67,1
711,79,0
711,183,0
711,11,0
711,42,0
711,107,0
711,82,0
711,89,0
711,53,1
711,85,0
711,188,0
711,14,1
711,97,1
711,12,1
711,21,1
711,22,1
711,173,0
711,142,1
711,159,1
711,192,1
711,111,1
711,118,1
711,76,0
711,168,0
711,93,0
711,6,0
711,124,0
711,98,1
711,199,1
712,71,0
712,12,0
712,99,1
712,92,0
712,153,0
712,98,0
712,94,1
712,78,0
712,100,0
712,33,0
712,174,0
712,145,0
712,27,0
712,108,1
712,35,0
712,20,0
712,112,1
712,13,1
712,125,0
712,67,0
712,104,1
712,141,0
712,113,1
712,45,0
712,181,0
712,194,0
712,31,0
712,134,0
712,117,0
712,32,0
712,18,0
712,191,0
712,59,0
712,5,0
712,19,0
712,144,1
712,120,0
712,69,0
712,190,0
712,95,0
712,163,0
712,109,0
712,136,0
712,132,0
712,58,0
712,1,0
712,158,0
712,16,0
712,46,0
712,137,1
713,49,0
713,76,0
713,110,1
713,150,0
713,118,1
713,113,0
713,119,0
713,25,1
713,141,0
713,39,0
713,94,0
713,148,0
713,42,1
713,128,0
713,159,1
713,30,1
713,59,0
713,129,1
713,89,0
713,44,1
713,34,0
713,83,0
713,65,0
713,142,0
713,22,1
713,102,0
714,90,0
714,80,1
714,125,0
714,9,1
714,8,1
714,40,0
714,56,1
714,11,0
714,68,0
714,147,0
714,151,1
714,127,0
714,161,0
714,166,0
714,65,0
714,158,1
714,42,1
714,176,0
714,162,0
714,43,0
714,20,0
714,4,0
714,118,1
714,191,1
714,63,0
714,85,0
714,52,1
714,71,1
715,72,0
715,115,0
715,15,0
715,13,1
715,24,0
715,54,0
715,78,0
715,37,0
715,20,1
715,105,0
715,33,0
715,159,0
715,60,1
715,116,1
715,0,1
715,31,1
715,134,1
715,154,0
715,8,0
715,136,0
715,57,0
715,50,1
715,119,0
715,177,1
715,11,0
715,198,1
715,178,0
715,97,0
715,197,0
715,28,0
715,108,0
715,29,0
715,66,0
715,100,0
715,5,0
715,46,1
715,25,0
715,93,1
715,188,0
715,120,0
715,165,0
715,180,1
716,152,1
716,59,1
716,26,1
716,82,1
716,8,0
716,110,0
716,79,0
716,34,0
716,60,0
716,164,1
716,30,0
716,181,0
716,151,0
716,163,0
716,129,1
716,127,1
716,118,0
716,159,0
716,141,0
716,158,1
716,25,1
716,155,0
716,106,0
716,103,0
717,100,0
717,137,0
717,160,0
717,189,0
717,91,0
717,170,0
717,123,0
717,118,1
717,109,0
717,186,0
717,24,0
717,185,0
717,36,1
717,182,1
717,158,0
717,16,0
717,93,1
717,197,1
717,128,0
717,23,0
717,7,1
717,180,1
717,53,1
717,159,0
717,112,1
717,165,0
717,71,1
717,142,1
717,120,0
717,163,0
717,74,0
717,10,0
717,64,0
717,196,1
717,99,1
717,136,1
717,167,0
717,65,0
717,34,0
717,60,1
717,54,0
717,89,1
717,132,0
718,195,0
718,14,0
718,113,1
718,39,0
718,67,1
718,114,0
718,164,1
718,34,0
718,155,1
718,152,0
718,163,0
718,29,0
718,159,0
718,78,0
718,153,0
718,197,0
718,90,0
718,52,0
718,38,0
718,43,0
718,146,0
718,49,0
718,112,0
718,63,0
718,27,1
718,189,0
718,85,1
718,142,1
718,7,0
718,137,0
718,103,0
718,105,1
718,53,0
718,19,0
718,25,1
719,167,1
719,19,0
719,168,0
719,130,1
719,94,0
719,160,0
719,111,0
719,39,0
719,89,0
719,2,0
719,32,1
719,195,1
719,52,0
719,173,0
719,146,0
719,119,0
719,42,1
719,53,0
719,63,0
719,148,0
719,147,0
719,133,0
719,14,0
719,45,0
719,4,0
719,31,1
719,197,1
719,155,0
719,10,0
719,129,1
719,38,1
719,157,1
719,118,0
719,106,1
719,122,0
719,23,0
719,103,0
719,121,0
720,68,0
720,102,1
720,184,0
720,122,1
720,87,0
720,170,0
720,164,0
720,69,0
720,63,0
720,173,1
720,128,0
720,185,0
720,5,1
720,33,0
720,65,1
720,1,0
720,51,1
720,144,1
720,181,1
720,72,0
720,110,1
720,49,0
720,178,1
720,43,1
720,123,1
720,160,1
720,119,0
720,194,1
720,96,0
720,84,0
720,55,0
720,155,0
720,44,0
720,126,1
720,22,0
720,146,0
720,171,0
720,101,1
720,157,1
720,193,0
720,52,0
720,165,1
720,98,0
720,147,0
720,10,0
720,172,0
721,1,0
721,12,1
721,54,1
721,114,1
721,199,0
721,177,1
721,106,1
721,163,1
721,19,1
721,37,0
721,194,0
721,28,1
721,149,0
721,42,0
721,76,1
721,72,1
721,59,0
721,5,1
721,88,0
721,65,0
721,195,0
721,155,1
721,110,0
721,32,0
721,158,0
721,183,0
721,16,1
721,98,0
721,58,0
721,86,0
721,85,0
721,92,0
721,146,0
721,196,0
721,45,1
721,96,1
721,0,0
721,14,1
721,49,0
721,111,0
722,87,0
722,123,1
722,39,0
722,153,0
722,7,0
722,161,1
722,84,0
722,187,1
722,116,1
722,190,1
722,171,0
722,60,1
722,70,1
722,115,1
722,77,0
722,193,1
722,85,1
722,198,0
722,14,0
722,59,0
722,137,1
722,182,0
722,33,1
722,35,1
722,126,0
722,192,0
722,72,1
722,186,0
722,88,1
722,185,0
722,99,0
722,196,0
723,122,0
723,177,1
723,175,1
723,23,0
723,129,0
723,199,1
723,112,0
723,65,0
723,81,0
723,59,0
723,84,0
723,146,0
723,34,1
723,147,0
723,93,1
723,133,0
723,191,1
723,57,0
723,28,0
723,55,1
723,64,1
723,44,0
723,77,1
723,48,0
723,42,0
723,131,0
723,99,0
723,158,1
723,27,0
723,62,0
723,67,0
723,194,0
723,26,0
723,180,1
723,113,1
723,89,1
723,114,0
723,138,0
723,137,0
723,58,0
724,13,0
724,55,0
724,39,0
724,73,1
724,65,0
724,19,0
724,0,1
724,90,0
724,45,0
724,197,0
724,72,0
724,170,0
724,172,0
724,91,1
724,124,0
724,179,0
724,86,0
724,81,1
724,182,0
724,152,1
724,51,0
724,135,0
724,53,0
724,109,1
724,22,0
725,104,0
725,86,0
725,182,0
725,161,0
725,150,1
725,16,0
725,74,0
725,91,1
725,133,1
725,113,1
725,194,1
725,52,0
725,102,0
725,111,0
725,56,1
725,50,1
725,83,0
725,193,0
725,186,0
725,188,0
725,112,0
725,24,0
725,53,0
725,60,0
725,107,1
725,84,0
725,93,0
725,25,1
725,176,0
725,87,0
725,128,1
725,180,0
725,159,1
725,68,0
725,114,0
725,97,1
725,199,0
726,114,1
726,52,0
726,115,1
726,140,1
726,55,1
726,23,0
726,176,0
726,20,0
726,165,1
726,5,0
726,80,0
726,78,0
726,116,0
726,1,1
726,27,0
726,129,1
726,154,1
726,173,0
726,22,0
726,69,1
726,199,0
726,82,0
726,107,0
726,44,1
726,21,0
726,76,0
726,96,0
726,90,0
726,181,0
726,56,0
726,112,1
726,189,1
726,191,1
726,148,0
726,45,1
726,175,1
726,166,0
726,124,1
726,104,1
726,50,1
726,83,0
726,48,1
726,151,0
726,11,0
726,132,0
726,8,1
726,147,0
726,137,1
726,141,0
727,25,1
727,107,1
727,37,0
727,33,0
727,164,0
727,67,1
727,184,0
727,60,0
727,4,0
727,66,1
727,195,0
727,177,1
727,101,0
727,155,0
727,75,1
727,94,0
727,8,1
727,190,0
727,198,1
727,189,0
727,171,1
727,35,1
727,169,0
727,106,0
727,194,0
727,143,0
727,56,0
727,43,1
727,186,1
727,141,1
727,117,1
727,187,0
727,147,0
727,62,1
727,129,0
727,199,0
727,118,0
727,71,1
727,11,0
727,0,1
727,157,0
727,10,0
727,68,0
727,77,1
728,7,0
728,158,0
728,24,0
728,179,1
728,154,1
728,66,1
728,95,1
728,78,0
728,113,0
728,76,1
728,81,0
728,139,1
728,80,0
728,4,0
728,145,0
728,153,0
728,11,0
728,57,0
728,149,1
728,63,0
728,90,1
728,131,1
728,20,1
728,93,1
728,62,0
728,160,1
728,6,0
728,193,0
728,31,0
728,98,0
728,166,1
728,176,0
728,75,1
728,109,1
728,79,1
728,5,0
728,130,1
728,67,1
728,185,0
728,112,1
728,190,0
728,87,0
728,49,1
728,196,0
728,38,0
728,26,1
728,64,0
729,84,1
729,70,0
729,47,0
729,80,0
729,34,0
729,109,1
729,38,0
729,63,0
729,52,0
729,35,0
729,107,1
729,190,1
729,45,0
729,188,1
729,193,0
729,197,0
729,153,0
729,123,0
729,46,0
729,181,0
729,183,0
729,74,0
729,179,0
729,146,1
729,157,0
729,195,1
729,127,0
729,184,0
730,134,0
730,54,0
730,140,0
730,31,0
730,100,1
730,26,0
730,138,0
730,57,0
730,166,0
730,107,0
730,90,0
730,128,0
730,35,1
730,1,1
730,167,0
730,188,1
730,195,1
730,55,0
730,126,0
730,34,0
730,142,0
730,77,0
730,5,1
730,86,0
730,146,0
730,41,0
730,193,1
730,10,0
730,25,1
730,21,0
730,2,1
730,150,1
730,47,1
730,170,1
730,199,0
731,68,0
731,195,0
731,39,0
731,169,0
731,28,1
731,156,1
731,194,0
731,164,0
731,96,0
731,133,1
731,12,0
731,40,0
731,57,0
731,193,1
731,182,1
731,27,0
731,4,1
731,76,0
731,43,0
731,42,0
731,32,0
731,88,0
731,198,0
731,15,1
731,82,1
732,89,0
732,126,0
732,134,0
732,164,0
732,132,0
732,160,0
732,190,1
732,116,0
732,74,0
732,14,0
732,19,0
732,183,0
732,129,0
732,176,1
732,140,0
732,52,1
732,42,1
732,17,1
732,68,1
732,175,0
732,106,0
732,118,0
732,84,0
732,30,0
732,171,1
732,75,0
732,36,0
732,77,0
732,83,0
732,114,1
732,73,0
732,37,0
732,93,0
732,149,0
732,130,1
732,165,1
732,0,1
732,151,0
732,59,0
732,45,0
732,148,0
732,135,0
732,167,0
733,86,0
733,77,1
733,142,0
733,67,0
733,160,0
733,63,0
733,68,0
733,136,0
733,69,0
733,109,1
733,135,1
733,126,0
733,123,0
733,46,0
733,178,0
733,114,1
733,112,0
733,80,0
733,199,1
733,9,1
733,65,0
733,172,0
733,131,0
733,174,0
733,132,0
733,134,1
733,121,0
733,101,0
733,180,1
733,149,1
733,140,0
733,195,1
733,16,0
734,147,0
734,124,0
734,192,0
734,59,0
734,30,1
734,175,1
734,18,0
734,144,0
734,57,0
734,56,1
734,128,0
734,41,1
734,141,0
734,166,1
734,53,0
734,194,1
734,0,1
734,169,0
734,48,0
734,99,1
734,50,0
734,78,0
734,187,0
734,118,1
734,19,0
734,137,0
735,141,1
735,49,0
735,98,1
735,102,0
735,80,0
735,112,1
735,48,0
735,52,1
735,66,0
735,182,1
735,111,0
735,71,0
735,22,0
735,173,0
735,1,0
735,70,1
735,164,0
735,190,1
735,23,1
735,138,1
735,185,0
735,61,0
735,94,0
735,97,0
735,101,1
735,116,1
736,189,0
736,20,0
736,177,0
736,190,0
736,11,1
736,17,0
736,52,0
736,100,1
736,179,1
736,107,0
736,176,0
736,28,0
736,92,0
736,151,0
736,165,1
736,60,1
736,5,1
736,150,1
736,194,1
736,91,0
736,103,0
736,82,1
736,106,1
736,105,0
736,34,1
736,13,1
736,12,1
736,72,1
736,88,1
736,130,0
736,94,1
736,113,1
736,163,0
736,172,0
736,112,0
736,128,1
736,167,1
736,136,1
736,178,0
736,7,1
736,171,0
736,124,0
736,4,0
736,46,1
736,125,1
736,39,1
736,87,0
736,116,0
737,196,0
737,14,1
737,160,0
737,44,0
737,18,1
737,124,0
737,1,0
737,174,1
737,28,1
737,95,1
737,31,0
737,4,0
737,168,1
737,187,0
737,181,0
737,38,1
737,133,0
737,39,0
737,135,1
737,145,1
737,197,0
737,129,0
737,165,1
738,178,0
738,49,0
738,59,0
738,187,0
738,28,0
738,184,0
738,6,0
738,172,0
738,20,0
738,107,0
738,58,0
738,41,0
738,130,1
738,92,0
738,63,0
738,145,1
738,75,0
738,22,1
738,82,0
738,80,0
738,88,0
738,39,0
738,174,0
738,183,0
738,159,0
738,126,0
738,10,0
738,69,0
738,32,0
738,55,0
738,171,1
738,91,0
738,34,0
738,134,0
738,40,0
738,24,1
738,85,0
738,124,0
739,188,1
739,176,0
739,9,1
739,66,1
739,82,0
739,72,0
739,158,1
739,65,0
739,114,1
739,58,0
739,40,1
739,140,1
739,105,1
739,142,0
739,56,0
739,85,0
739,10,0
739,25,1
739,169,0
739,163,0
739,89,0
739,143,0
739,155,0
739,180,1
739,187,0
739,130,0
739,119,0
739,26,1
739,91,1
739,173,1
739,122,0
739,152,0
739,70,0
739,13,0
739,138,1
739,21,1
740,71,0
740,18,1
740,184,0
740,68,0
740,161,0
740,177,0
740,107,1
740,96,1
740,110,0
740,40,0
740,113,1
740,103,0
740,35,0
740,180,0
740,12,0
740,116,0
740,100,0
740,165,0
740,47,0
740,7,0
740,54,1
740,42,0
740,75,1
740,191,0
740,26,1
740,106,1
740,61,0
740,5,1
740,199,0
740,148,1
740,125,0
741,102,0
741,52,1
741,1,0
741,73,1
741,159,0
741,77,1
741,60,0
741,187,0
741,154,1
741,197,0
741,101,0
741,72,0
741,21,1
741,97,1
741,108,1
741,19,1
741,22,0
741,75,0
741,190,0
741,84,0
741,122,0
741,100,1
741,146,1
741,115,1
741,139,0
741,103,0
741,114,0
742,175,0
742,39,0
742,184,0
742,79,0
742,144,0
742,180,0
742,199,0
742,129,0
742,143,0
742,195,0
742,5,1
742,159,1
742,112,1
742,126,0
742,37,0
742,123,1
742,106,1
742,98,0
742,141,0
742,165,0
742,14,0
742,16,1
742,154,1
742,145,0
742,32,0
742,164,1
742,78,0
742,65,1
742,29,1
742,95,1
742,183,0
742,178,0
742,61,0
742,35,0
742,99,1
742,160,0
742,146,0
742,157,1
742,76,0
743,144,0
743,183,0
743,80,1
743,138,1
743,168,1
743,94,1
743,5,1
743,112,0
743,15,0
743,62,0
743,1,1
743,48,1
743,192,0
743,157,1
743,58,1
743,28,0
743,76,0
743,74,1
743,84,0
743,190,0
743,54,0
743,173,1
743,133,1
743,69,0
743,178,0
743,125,0
743,87,1
743,75,0
743,90,0
743,177,1
743,196,0
743,96,1
743,199,0
743,35,0
743,103,1
743,33,0
743,17,1
744,193,0
744,181,0
744,90,0
744,47,0
744,38,1
744,154,0
744,107,0
744,192,0
744,104,0
744,102,0
744,150,0
744,137,0
744,172,0
744,70,0
744,108,1
744,160,1
744,180,1
744,19,0
744,147,1
744,140,0
744,86,0
744,167,0
744,89,0
744,33,0
744,25,1
744,55,0
744,122,0
744,96,1
744,194,1
744,46,0
744,2,0
744,123,0
744,168,1
744,164,1
744,190,0
744,66,0
744,128,0
744,61,0
745,67,0
745,34,0
745,38,0
745,199,0
745,74,0
745,159,0
745,164,1
745,131,0
745,12,0
745,19,0
745,78,0
745,80,0
745,176,0
745,144,1
745,193,1
745,181,0
745,171,0
745,128,1
745,83,1
745,91,0
745,114,0
745,167,0
745,68,0
745,4,0
745,51,0
745,28,0
745,195,0
745,79,0
745,85,1
745,143,0
745,105,1
745,184,0
745,58,0
745,10,0
745,87,1
746,134,0
746,191,0
746,129,0
746,122,1
746,115,1
746,150,0
746,97,0
746,196,0
746,78,0
746,60,0
746,192,1
746,12,0
746,11,1
746,69,1
746,143,0
746,68,1
746,34,0
746,36,0
746,67,0
746,42,0
746,121,1
746,104,0
746,146,1
746,84,0
746,99,0
746,166,0
746,46,0
746,183,1
746,2,0
746,190,0
746,147,1
747,154,0
747,161,0
747,72,1
747,2,1
747,163,0
747,118,1
747,106,1
747,125,0
747,92,1
747,105,0
747,63,1
747,76,0
747,151,0
747,60,0
747,68,0
747,30,0
747,195,1
747,187,1
747,71,0
747,120,0
747,59,1
747,197,0
747,47,0
747,28,0
747,87,0
747,162,0
747,97,1
747,46,1
747,40,0
747,191,1
747,31,0
747,93,0
747,194,1
747,82,1
747,6,0
747,112,0
747,19,0
748,104,0
748,124,1
748,178,1
748,72,1
748,172,0
748,126,0
748,142,1
748,141,1
748,54,1
748,64,0
748,42,0
748,191,0
748,133,1
748,49,0
748,22,0
748,79,1
748,58,1
748,122,0
748,107,0
748,103,1
748,173,1
748,16,0
748,91,0
748,34,0
748,32,0
748,59,0
748,186,0
748,196,0
748,100,0
748,199,0
748,164,1
748,129,0
748,29,0
749,115,1
749,149,0
749,186,0
749,51,0
749,133,1
749,102,1
749,9,0
749,197,1
749,152,1
749,45,0
749,62,1
749,169,0
749,101,1
749,127,1
749,37,0
749,66,1
749,88,0
749,106,1
749,34,0
749,38,0
749,128,0
749,192,0
750,175,1
750,26,1
750,67,0
750,39,0
750,43,0
750,168,0
750,128,0
750,104,0
750,97,0
750,164,0
750,188,1
750,152,1
750,172,1
750,124,0
750,8,0
750,41,1
750,23,0
750,83,0
750,160,0
750,16,0
751,164,0
751,134,0
751,118,1
751,64,1
751,136,1
751,95,1
751,70,1
751,97,1
751,22,1
751,15,0
751,32,0
751,84,1
751,85,1
751,1,0
751,13,1
751,149,0
751,173,1
751,71,0
751,199,0
751,46,0
752,67,0
752,59,0
752,101,0
752,37,1
752,117,1
752,5,1
752,68,0
752,197,1
752,90,0
752,22,0
752,97,0
752,184,0
752,42,0
752,158,1
752,118,1
752,10,0
752,125,1
752,91,1
752,17,0
752,167,0
752,38,0
752,128,0
752,76,0
752,162,1
752,62,1
752,120,0
752,123,0
752,148,0
752,54,1
752,147,0
752,77,0
752,41,0
752,87,0
752,180,0
752,152,0
752,198,0
752,175,1
752,112,0
752,61,0
753,51,0
753,175,0
753,138,0
753,108,0
753,77,0
753,49,0
753,102,1
753,176,0
753,161,0
753,134,1
753,22,0
753,141,0
753,160,0
753,2,0
753,185,0
753,170,0
753,8,1
753,32,0
753,84,0
753,62,1
753,15,0
753,45,0
753,182,0
753,191,1
753,91,0
753,35,0
753,131,0
753,142,0
753,117,1
753,56,1
753,98,0
753,59,1
753,137,1
753,57,1
753,14,0
754,173,0
754,41,0
754,18,1
754,8,0
754,192,1
754,165,1
754,158,0
754,89,0
754,51,0
754,35,0
754,19,0
754,17,0
754,2,1
754,40,0
754,155,1
754,55,0
754,112,0
754,42,0
754,15,0
754,143,0
754,140,1
754,125,1
754,186,0
754,108,0
754,122,0
754,59,0
754,74,0
754,154,1
754,16,0
754,76,1
754,102,1
754,44,1
754,185,1
754,81,1
754,13,0
754,68,1
754,22,0
754,156,0
755,186,0
755,127,0
755,61,1
755,88,0
755,100,0
755,134,0
755,24,0
755,54,1
755,145,0
755,85,0
755,55,0
755,107,0
755,78,1
755,84,0
755,133,0
755,147,0
755,149,0
755,124,1
755,169,0
755,9,0
755,94,0
755,164,0
755,28,1
755,26,1
755,44,0
755,181,0
755,35,0
755,177,1
756,96,1
756,116,0
756,42,1
756,102,1
756,122,1
756,23,0
756,37,1
756,61,0
756,26,0
756,88,0
756,47,0
756,160,0
756,168,0
756,72,0
756,142,0
756,191,1
756,113,0
756,125,1
756,93,1
756,50,1
756,128,1
756,25,0
756,86,0
756,147,0
756,27,0
756,83,1
756,137,0
756,49,1
756,7,0
756,57,1
756,188,0
756,150,1
756,148,1
756,156,1
756,130,0
757,51,0
757,94,0
757,121,1
757,140,0
757,62,1
757,81,1
757,54,0
757,69,0
757,55,0
757,119,1
757,57,0
757,9,1
757,180,0
757,177,1
757,91,0
757,159,1
757,146,0
757,163,0
757,10,0
757,120,1
757,61,1
757,158,0
757,49,0
757,124,1
757,169,0
757,30,1
757,11,0
757,138,0
757,35,0
757,186,0
757,78,0
757,48,0
757,86,0
758,83,0
758,171,0
758,60,1
758,47,0
758,167,0
758,160,1
758,91,0
758,174,0
758,22,0
758,30,0
758,110,0
758,90,0
758,15,0
758,120,0
758,117,0
758,37,0
758,139,0
758,144,0
758,2,0
758,16,1
758,54,0
758,80,0
758,188,0
758,35,0
758,118,0
758,1,1
758,129,1
758,130,1
758,48,0
758,65,0
758,13,0
758,51,1
758,69,0
758,4,0
758,81,1
758,70,0
758,98,0
758,186,0
758,18,1
758,164,0
758,183,1
758,26,0
758,29,0
758,158,1
758,14,0
758,58,0
758,10,0
758,59,0
758,182,1
758,177,1
759,183,0
759,197,1
759,48,0
759,105,0
759,160,0
759,21,1
759,2,0
759,58,0
759,191,0
759,18,0
759,37,1
759,199,1
759,122,1
759,28,0
759,173,1
759,70,1
759,19,0
759,67,0
759,176,0
759,85,0
759,41,0
759,6,0
759,196,0
759,135,0
759,61,0
759,149,1
759,5,1
759,97,0
759,125,1
759,87,1
759,153,1
759,169,0
759,140,1
759,112,1
759,119,1
759,171,0
759,192,1
759,68,1
759,142,1
759,1,0
760,187,0
760,195,1
760,22,0
760,93,1
760,9,0
760,77,1
760,162,1
760,136,0
760,134,0
760,184,1
760,118,0
760,20,0
760,191,0
760,78,0
760,56,1
760,181,0
760,60,0
760,167,0
760,65,0
760,172,0
760,51,0
760,109,1
760,128,1
760,3,1
760,17,0
760,166,0
760,76,1
760,26,0
760,127,1
760,64,0
760,49,0
760,23,1
760,54,1
760,40,0
760,80,0
760,113,0
760,152,1
760,84,0
760,182,0
760,19,0
760,155,0
760,102,0
760,68,1
760,131,1
761,129,0
761,178,0
761,172,1
761,19,1
761,195,0
761,90,0
761,15,1
761,142,0
761,91,0
761,96,0
761,180,0
761,159,1
761,181,0
761,176,0
761,112,0
761,103,0
761,44,0
761,115,1
761,27,0
761,161,0
761,5,0
762,134,0
762,25,1
762,13,0
762,105,0
762,123,0
762,71,1
762,168,0
762,42,1
762,52,0
762,66,0
762,121,1
762,96,0
762,92,1
762,84,0
762,20,0
762,50,0
762,0,0
762,146,1
762,164,0
762,16,0
762,192,1
762,21,0
762,163,0
762,74,0
762,8,1
762,128,0
762,6,0
762,150,1
762,7,1
762,62,0
762,45,1
762,175,0
762,102,0
762,137,1
762,193,0
762,187,1
762,158,0
762,100,1
762,119,1
762,173,0
762,152,0
762,12,0
762,145,1
762,65,0
762,172,0
762,165,1
762,26,0
763,18,1
763,96,0
763,76,0
763,114,0
763,141,0
763,15,0
763,103,0
763,171,0
763,160,0
763,128,0
763,134,0
763,94,0
763,7,1
763,193,0
763,112,1
763,125,0
763,162,0
763,161,0
763,85,1
763,29,1
763,197,0
763,172,1
763,10,1
763,99,1
763,149,1
763,100,0
763,86,1
763,89,0
763,19,1
763,194,0
763,136,0
763,52,0
763,45,1
763,185,1
763,84,1
763,182,0
763,68,1
763,155,1
763,156,1
763,83,1
763,72,1
763,191,1
763,4,1
764,143,0
764,95,0
764,77,1
764,42,0
764,155,1
764,146,0
764,29,1
764,15,1
764,100,0
764,135,0
764,154,0
764,99,1
764,199,0
764,33,0
764,66,0
764,185,1
764,2,0
764,168,0
764,40,0
764,38,0
765,191,0
765,151,0
765,27,1
765,11,0
765,34,1
765,106,1
765,54,0
765,163,1
765,134,0
765,52,1
765,64,0
765,68,0
765,167,1
765,9,0
765,133,1
765,84,0
765,178,1
765,47,1
765,45,0
765,77,0
765,113,1
765,96,0
765,130,0
765,14,0
765,76,0
765,168,0
765,5,1
765,154,0
765,139,0
765,65,0
765,29,1
765,12,0
765,42,1
765,50,1
765,101,0
765,56,1
766,9,0
766,82,0
766,136,0
766,96,1
766,8,0
766,10,0
766,138,0
766,56,0
766,140,1
766,105,0
766,73,0
766,137,0
766,191,0
766,5,0
766,71,1
766,28,1
766,143,0
766,16,0
766,197,0
766,61,0
767,133,0
767,143,0
767,29,0
767,30,0
767,101,0
767,49,1
767,194,1
767,119,0
767,105,0
767,28,1
767,1,0
767,181,0
767,59,0
767,45,0
767,129,0
767,139,0
767,102,1
767,178,1
767,11,1
767,179,0
767,187,0
768,10,0
768,70,0
768,72,0
768,126,0
768,19,0
768,137,0
768,106,0
768,77,1
768,182,0
768,157,0
768,154,0
768,28,1
768,14,1
768,49,1
768,105,0
768,59,0
768,122,0
768,98,0
768,24,0
768,162,0
768,93,1
768,91,0
768,20,0
768,68,1
768,99,0
768,156,0
768,119,1
768,177,0
768,133,0
768,94,0
768,87,0
768,153,1
768,90,0
768,118,1
768,4,0
768,34,0
768,120,1
768,174,0
768,43,1
768,55,0
768,88,1
768,130,0
768,23,0
768,1,1
768,92,1
768,149,0
768,111,1
769,40,0
769,151,0
769,88,0
769,187,0
769,104,0
769,157,0
769,101,0
769,165,1
769,163,1
769,21,0
769,78,0
769,171,1
769,170,1
769,53,0
769,2,0
769,110,0
769,114,1
769,169,0
769,139,0
769,80,0
769,54,1
769,55,0
770,23,1
770,48,1
770,3,1
770,123,0
770,157,1
770,128,0
770,57,1
770,104,0
770,179,0
770,56,0
770,187,0
770,162,0
770,55,0
770,91,1
770,109,0
770,69,0
770,8,0
770,165,0
770,144,1
770,139,0
770,170,0
770,107,0
770,172,0
770,106,1
770,77,0
770,16,1
770,132,0
770,62,0
770,168,0
770,188,0
770,51,1
770,112,0
771,52,0
771,160,0
771,156,1
771,16,0
771,4,0
771,3,1
771,132,0
771,110,0
771,59,0
771,50,0
771,66,0
771,162,1
771,197,0
771,39,0
771,116,0
771,128,0
771,2,0
771,81,0
771,99,1
771,115,1
771,187,0
771,70,1
771,124,1
771,190,1
771,101,1
771,97,0
771,64,1
771,75,0
771,23,0
771,177,0
771,172,0
771,152,0
771,93,1
771,27,0
771,199,1
771,103,0
771,9,1
771,84,0
771,26,1
771,15,0
771,35,0
771,63,1
771,56,0
771,21,0
771,121,0
771,133,1
771,60,0
772,176,1
772,41,0
772,74,0
772,195,0
772,193,0
772,179,0
772,186,0
772,160,1
772,6,0
772,123,0
772,49,1
772,148,0
772,112,0
772,144,1
772,20,0
772,56,0
772,92,0
772,43,0
772,172,0
772,46,1
772,53,1
772,50,0
772,22,1
772,8,0
773,190,0
773,196,1
773,44,1
773,128,0
773,115,0
773,45,1
773,149,0
773,199,0
773,3,0
773,176,1
773,9,0
773,69,1
773,164,1
773,38,1
773,32,1
773,85,0
773,118,0
773,20,1
773,153,1
773,146,1
773,127,1
773,181,1
773,138,1
773,19,1
773,103,0
773,173,1
773,91,1
773,157,0
773,197,0
773,145,0
773,163,0
773,185,0
773,22,0
773,107,0
773,63,0
773,96,0
774,114,0
774,148,1
774,1,0
774,196,0
774,137,0
774,43,1
774,193,1
774,66,0
774,18,0
774,64,0
774,5,0
774,170,1
774,177,1
774,76,1
774,194,0
774,78,0
774,4,1
774,49,0
774,81,0
774,118,1
774,115,0
774,47,1
774,50,0
774,82,1
774,141,1
774,21,1
774,110,0
774,143,0
774,158,0
774,173,0
774,125,0
774,153,1
774,19,1
774,145,1
774,163,0
774,62,1
774,108,1
774,179,0
774,25,1
774,171,1
774,122,1
774,93,0
774,124,0
774,155,0
774,3,0
774,175,0
774,70,0
774,167,1
775,122,1
775,37,1
775,115,1
775,138,1
775,113,1
775,190,1
775,156,0
775,22,0
775,2,0
775,142,0
775,163,1
775,124,1
775,103,0
775,48,0
775,59,0
775,188,0
775,104,1
775,19,1
775,189,1
775,9,0
775,165,1
775,132,0
775,145,0
775,180,0
775,13,0
775,102,0
775,38,1
775,123,1
775,21,1
775,181,0
775,68,1
775,125,0
775,134,0
775,179,0
775,50,0
775,159,0
775,20,0
775,151,0
775,128,0
775,99,0
775,192,1
775,166,0
776,130,1
776,24,0
776,54,0
776,136,0
776,12,0
776,35,0
776,170,0
776,105,1
776,186,1
776,189,0
776,11,0
776,144,1
776,162,0
776,88,0
776,190,0
776,157,1
776,55,0
776,0,1
776,23,1
776,122,1
776,125,1
776,169,0
776,84,1
776,141,0
777,81,0
777,69,1
777,44,1
777,60,1
777,171,1
777,67,0
777,132,0
777,127,0
777,191,1
777,91,0
777,100,1
777,9,1
777,143,1
777,187,1
777,33,0
777,38,0
777,163,0
777,183,0
777,75,1
777,142,1
777,141,0
777,197,0
777,65,0
777,41,1
777,181,0
777,46,1
777,2,0
777,68,1
777,76,0
777,110,0
777,95,0
777,99,0
777,29,1
777,55,1
777,6,1
777,162,0
777,188,0
777,58,0
777,78,0
777,173,1
777,129,0
777,107,0
778,25,1
778,127,0
778,156,0
778,93,0
778,101,0
778,42,0
778,89,1
778,82,0
778,17,0
778,194,0
778,51,0
778,54,0
778,43,1
778,173,0
778,134,1
778,150,0
778,92,0
778,38,1
778,154,0
778,3,0
778,142,0
778,153,1
778,116,0
778,69,0
778,97,0
778,155,0
778,139,0
778,37,1
778,184,1
779,66,0
779,90,1
779,13,0
779,171,0
779,111,1
779,119,0
779,113,1
779,186,1
779,187,0
779,157,0
779,96,0
779,29,0
779,76,1
779,133,0
779,57,0
779,15,0
779,67,0
779,25,1
779,64,1
779,159,0
779,7,0
779,149,0
779,33,0
779,160,1
779,150,0
779,127,0
779,83,0
779,9,1
779,62,0
779,138,1
779,6,0
779,5,0
779,140,1
780,165,1
780,183,0
780,175,0
780,135,0
780,167,0
780,36,1
780,37,1
780,81,0
780,29,0
780,189,1
780,172,1
780,128,0
780,107,1
780,137,0
780,93,0
780,121,0
780,138,0
780,49,0
780,17,0
780,122,1
780,80,0
780,50,0
780,199,0
780,179,1
780,97,1
780,198,0
780,145,0
780,144,1
780,43,0
780,150,1
780,155,1
780,194,0
780,82,1
780,7,1
780,141,0
780,83,0
781,176,0
781,178,1
781,163,1
781,34,0
781,7,0
781,108,0
781,119,0
781,3,0
781,109,0
781,50,0
781,110,1
781,190,0
781,81,0
781,193,0
781,166,0
781,100,0
781,42,0
781,124,0
781,183,0
781,92,1
781,5,1
781,136,0
781,44,1
781,40,0
781,49,1
781,21,0
781,33,0
781,160,1
781,175,0
781,19,0
781,20,0
781,90,1
781,164,1
781,11,0
781,142,0
781,171,0
781,51,1
781,111,0
781,75,1
782,169,0
782,89,0
782,12,1
782,35,1
782,95,0
782,48,0
782,166,0
782,141,1
782,78,1
782,65,0
782,110,1
782,194,0
782,115,1
782,11,0
782,74,1
782,39,0
782,154,0
782,83,0
782,17,1
782,38,0
782,186,0
782,130,0
782,185,0
782,150,0
782,45,0
782,20,0
782,160,0
782,158,0
782,174,1
782,191,0
782,126,0
782,105,1
782,44,1
782,161,1
783,179,0
783,69,0
783,8,1
783,114,0
783,99,0
783,40,0
783,5,0
783,194,0
783,68,0
783,197,0
783,29,1
783,172,0
783,88,0
783,174,0
783,108,0
783,94,0
783,11,1
783,47,1
783,188,1
783,171,0
783,135,0
783,126,1
783,117,0
783,112,0
783,71,0
783,122,0
783,128,1
783,82,1
783,78,1
783,102,0
783,19,0
783,163,0
783,44,1
783,130,1
784,144,0
784,120,0
784,55,0
784,90,0
784,176,0
784,57,1
784,189,0
784,129,1
784,169,1
784,89,1
784,35,0
784,33,1
784,62,1
784,82,0
784,113,0
784,43,0
784,73,0
784,46,0
784,11,1
784,36,0
784,42,0
785,172,1
785,30,0
785,48,0
785,39,0
785,101,1
785,25,1
785,98,1
785,84,0
785,193,1
785,109,1
785,13,0
785,46,1
785,57,0
785,120,0
785,154,0
785,130,0
785,8,1
785,129,0
785,160,0
785,156,0
785,55,1
786,55,1
786,100,0
786,101,0
786,114,0
786,149,0
786,115,0
786,109,0
786,67,0
786,135,1
786,195,0
786,98,1
786,133,0
786,153,0
786,27,0
786,80,0
786,175,0
786,46,1
786,63,1
786,16,1
786,108,0
786,31,0
786,12,0
786,196,0
786,126,1
787,27,0
787,42,1
787,187,0
787,83,0
787,180,1
787,84,1
787,179,1
787,17,0
787,43,1
787,85,0
787,111,0
787,174,0
787,190,0
787,20,0
787,193,1
787,136,0
787,5,0
787,175,0
787,63,0
787,16,0
787,78,0
787,176,0
787,57,1
787,139,0
787,184,0
787,107,0
787,110,0
787,130,1
787,41,0
787,26,0
787,80,0
787,108,0
788,81,0
788,76,0
788,188,0
788,182,1
788,46,0
788,23,1
788,10,1
788,19,1
788,163,0
788,57,0
788,45,1
788,128,1
788,78,0
788,42,0
788,133,0
788,82,0
788,136,0
788,147,0
788,83,0
788,169,0
788,89,0
788,96,0
788,41,0
788,34,0
788,103,0
788,37,0
788,106,1
788,64,0
789,149,1
789,95,1
789,147,1
789,153,0
789,124,0
789,84,1
789,71,0
789,75,0
789,177,0
789,145,0
789,58,0
789,113,0
789,50,0
789,139,0
789,41,0
789,101,0
789,183,0
789,188,0
789,194,0
789,91,0
789,122,0
789,24,0
789,85,1
789,199,0
790,104,1
790,197,0
790,101,1
790,10,0
790,199,0
790,3,0
790,153,0
790,130,1
790,194,1
790,31,0
790,27,0
790,79,0
790,117,1
790,124,0
790,166,0
790,24,0
790,103,0
790,46,0
790,4,0
790,137,0
790,42,0
790,156,1
790,32,1
790,163,0
790,183,1
790,167,0
790,33,0
790,113,0
790,177,1
790,99,1
790,50,1
790,196,0
790,173,0
790,121,0
790,159,0
790,161,0
790,154,0
790,75,0
790,127,0
790,172,1
790,145,0
790,110,0
790,52,1
790,56,0
790,129,0
790,132,0
790,114,1
790,83,0
791,192,0
791,55,0
791,85,0
791,199,0
791,172,0
791,174,1
791,146,0
791,105,0
791,72,0
791,11,1
791,60,0
791,73,1
791,77,1
791,168,1
791,114,1
791,50,0
791,140,0
791,130,0
791,92,0
791,68,1
791,191,0
791,198,0
791,196,0
791,65,0
791,158,0
791,117,0
791,47,0
791,194,0
791,24,0
791,90,0
791,9,1
791,87,1
791,181,1
791,53,1
791,63,0
791,41,1
791,1,0
791,15,0
791,98,0
792,131,0
792,134,1
792,14,0
792,66,0
792,78,0
792,79,0
792,164,1
792,170,0
792,47,1
792,109,0
792,116,1
792,36,1
792,169,1
792,196,0
792,83,1
792,142,0
792,25,1
792,89,0
792,124,1
792,125,0
793,26,1
793,73,0
793,103,0
793,189,1
793,1,1
793,164,1
793,114,1
793,7,1
793,178,0
793,78,1
793,46,1
793,137,1
793,84,1
793,126,0
793,30,1
793,162,0
793,168,0
793,81,0
793,99,1
793,0,1
793,143,1
793,16,1
793,108,1
793,61,0
793,196,1
793,40,1
793,163,0
794,179,0
794,137,1
794,28,1
794,22,0
794,60,0
794,69,0
794,52,0
794,170,0
794,138,1
794,19,0
794,171,0
794,159,0
794,39,0
794,75,0
794,152,1
794,15,0
794,82,1
794,185,1
794,125,1
794,161,0
794,121,0
794,90,0
794,6,1
794,132,0
794,119,0
794,63,1
794,74,1
795,56,0
795,159,0
795,0,0
795,61,1
795,58,0
795,111,0
795,119,0
795,120,1
795,178,1
795,139,0
795,29,1
795,180,0
795,149,0
795,83,1
795,59,1
795,125,1
795,10,0
795,27,1
795,90,0
795,99,0
795,65,0
795,12,1
795,176,1
795,156,0
795,87,0
795,51,0
795,199,0
795,19,1
795,79,0
795,24,0
795,38,0
795,127,0
795,131,1
795,171,0
795,163,0
795,40,1
795,154,1
795,166,0
795,72,0
795,39,1
796,117,0
796,30,1
796,60,0
796,197,0
796,39,0
796,122,0
796,66,0
796,42,0
796,114,0
796,193,0
796,124,0
796,177,0
796,3,0
796,50,1
796,94,0
796,59,0
796,199,0
796,164,1
796,29,0
796,67,1
796,113,0
796,82,0
796,126,0
796,127,0
796,145,1
796,52,1
796,41,0
796,182,1
797,101,1
797,89,1
797,74,0
797,114,1
797,134,0
797,32,1
797,124,0
797,77,0
797,88,1
797,50,0
797,184,0
797,192,0
797,142,1
797,118,0
797,128,1
797,107,1
797,148,0
797,194,0
797,63,0
797,154,1
797,60,0
797,41,0
797,197,0
797,59,0
797,175,0
798,12,0
798,91,1
798,198,0
798,190,0
798,174,1
798,38,0
798,162,0
798,85,1
798,169,0
798,168,1
798,59,0
798,50,1
798,48,1
798,0,0
798,70,1
798,170,0
798,195,1
798,87,1
798,130,1
798,136,0
798,35,0
798,29,0
798,34,0
798,141,1
798,40,0
798,123,0
798,45,0
799,141,0
799,90,1
799,82,1
799,173,1
799,135,1
799,84,1
799,121,0
799,46,1
799,105,0
799,125,0
799,23,0
799,0,1
799,134,1
799,19,1
799,77,0
799,54,1
799,26,1
799,70,0
799,34,0
799,18,0
799,91,0
799,177,0
799,65,1
799,87,0
799,117,0
799,113,0
799,128,0
799,130,0
799,64,1
799,163,1
799,194,1
799,1,0
799,150,0
799,176,1
799,55,0
799,51,0
799,196,1
799,10,0
799,120,0
799,132,1
800,90,1
800,2,0
800,65,0
800,11,1
800,44,1
800,91,0
800,35,0
800,148,0
800,89,1
800,48,0
800,92,0
800,56,0
800,139,0
800,59,1
800,71,0
800,96,0
800,100,0
800,153,1
800,55,1
800,66,1
800,189,1
800,175,1
800,160,1
800,180,0
800,130,0
800,23,1
800,135,1
800,116,0
800,166,0
800,18,1
800,42,0
800,182,0
800,68,1
800,158,1
800,152,1
800,156,1
800,190,0
800,140,1
800,95,0
800,171,1
800,108,0
800,133,0
800,115,0
801,148,0
801,43,1
801,2,1
801,42,0
801,180,0
801,99,0
801,162,0
801,168,0
801,173,1
801,184,0
801,29,0
801,128,0
801,76,1
801,22,0
801,133,0
801,83,0
801,13,0
801,33,1
801,153,0
801,134,1
801,167,0
801,84,0
801,20,0
801,68,0
801,181,1
801,140,1
801,166,0
801,158,0
801,164,0
801,154,1
801,75,0
801,40,0
801,46,0
801,82,0
801,81,0
801,144,1
801,74,0
801,6,1
801,30,1
801,189,0
801,107,1
801,185,1
801,98,0
801,192,1
801,51,0
802,168,1
802,75,0
802,149,0
802,165,1
802,96,1
802,159,1
802,92,0
802,77,0
802,185,1
802,151,0
802,101,1
802,0,0
802,76,1
802,158,1
802,161,0
802,89,0
802,21,1
802,133,0
802,189,1
802,46,0
802,42,0
802,191,0
802,172,1
802,134,1
803,189,1
803,19,0
803,96,1
803,137,0
803,122,0
803,107,0
803,13,1
803,123,1
803,52,1
803,39,0
803,74,0
803,194,0
803,18,0
803,132,1
803,25,0
803,149,0
803,58,0
803,85,0
803,147,0
803,130,0
803,75,1
803,2,0
803,180,1
803,8,0
803,16,0
803,118,1
803,64,1
803,166,0
803,159,1
803,114,0
803,121,1
803,164,1
803,29,1
803,98,0
803,53,1
803,88,0
803,73,1
803,49,0
803,195,1
803,102,0
803,169,1
803,176,1
803,173,1
803,141,0
803,192,1
803,45,0
803,152,0
803,126,1
803,34,1
803,71,0
804,181,0
804,190,1
804,18,0
804,71,0
804,189,1
804,30,1
804,24,1
804,98,1
804,15,1
804,106,0
804,198,0
804,139,0
804,114,0
804,5,1
804,54,1
804,157,1
804,105,0
804,151,0
804,158,1
804,3,0
804,172,0
804,60,0
804,126,0
804,39,1
804,122,0
804,44,0
804,31,0
804,197,0
804,80,0
804,108,0
804,99,0
804,182,0
804,170,1
804,136,1
804,187,1
804,124,0
804,135,0
804,12,0
805,195,0
805,149,1
805,188,0
805,40,0
805,121,0
805,18,0
805,39,0
805,178,0
805,11,0
805,51,1
805,65,0
805,42,1
805,96,1
805,36,0
805,68,1
805,150,0
805,26,0
805,45,0
805,182,1
805,49,1
805,166,1
805,15,1
805,116,0
805,160,0
805,21,0
805,187,0
805,92,0
805,70,0
805,162,0
805,98,0
805,193,1
805,190,0
805,173,0
805,177,0
805,31,1
805,82,0
805,19,1
805,80,0
805,117,1
805,124,0
805,197,0
806,133,1
806,146,0
806,85,0
806,195,0
806,125,1
806,121,0
806,8,0
806,112,1
806,50,1
806,23,0
806,9,1
806,51,0
806,103,0
806,67,0
806,197,0
806,18,1
806,184,0
806,55,1
806,97,1
806,78,1
806,135,0
806,134,0
806,86,0
806,117,0
806,72,1
806,13,1
806,21,0
806,19,0
806,131,0
806,90,0
806,83,0
806,47,0
806,59,0
806,62,0
806,140,0
807,131,0
807,172,0
807,187,0
807,68,1
807,53,0
807,56,1
807,180,0
807,3,0
807,21,0
807,51,1
807,128,0
807,147,1
807,148,0
807,199,0
807,60,1
807,96,1
807,66,0
807,52,1
807,185,0
807,95,0
807,150,0
807,71,1
807,108,0
807,127,0
807,42,0
807,141,1
807,69,1
807,193,1
807,93,0
807,159,1
807,119,0
807,190,1
807,163,1
807,176,1
807,9,0
807,132,1
807,57,1
807,99,0
807,80,0
807,85,1
807,117,1
807,120,0
807,138,1
807,181,1
807,24,1
807,81,0
807,122,1
807,171,1
808,114,1
808,166,0
808,149,0
808,82,1
808,132,1
808,197,1
808,106,1
808,185,1
808,151,0
808,70,1
808,23,1
808,47,0
808,35,1
808,69,0
808,26,0
808,0,0
808,86,0
808,67,0
808,162,1
808,12,0
808,3,0
808,173,1
808,60,1
808,190,1
808,145,0
808,77,0
808,76,0
808,133,1
808,72,0
809,46,0
809,3,1
809,41,1
809,180,1
809,174,0
809,131,1
809,127,1
809,0,1
809,54,1
809,195,1
809,81,1
809,1,0
809,57,1
809,29,0
809,150,1
809,6,1
809,89,0
809,47,0
809,121,0
809,27,1
809,70,1
809,171,0
809,186,0
809,69,0
809,157,0
809,32,1
809,71,1
809,97,0
809,117,1
809,139,1
809,42,0
809,85,0
809,153,0
809,15,0
809,53,0
809,168,1
809,155,0
809,187,0
810,134,0
810,183,0
810,30,0
810,9,1
810,78,1
810,53,0
810,98,1
810,18,0
810,40,0
810,115,1
810,184,1
810,97,0
810,149,0
810,74,1
810,59,1
810,165,1
810,151,1
810,156,1
810,48,0
810,124,1
810,121,1
810,137,0
810,175,1
810,67,0
810,174,1
811,69,0
811,177,0
811,0,1
811,63,0
811,144,1
811,172,0
811,2,0
811,148,1
811,44,1
811,198,0
811,168,1
811,32,0
811,4,1
811,55,0
811,12,1
811,89,0
811,93,0
811,139,1
811,50,0
811,132,1
811,136,1
811,117,1
811,134,1
811,75,1
811,42,0
811,173,0
811,88,0
811,159,1
811,121,1
811,196,0
811,113,0
811,150,1
811,181,0
811,95,0
811,82,0
811,56,0
811,78,0
811,54,0
811,138,1
811,118,0
811,115,0
811,169,0
811,71,0
811,191,0
811,10,1
811,119,0
811,62,0
811,151,1
811,188,0
812,15,0
812,51,0
812,145,0
812,100,0
812,111,1
812,13,0
812,38,1
812,55,1
812,9,0
812,7,1
812,35,0
812,56,0
812,77,0
812,132,1
812,53,1
812,71,1
812,27,1
812,46,0
812,72,0
812,82,1
812,199,1
812,62,0
812,118,1
812,84,0
812,76,1
812,185,1
812,107,0
813,93,0
813,138,1
813,172,1
813,41,0
813,194,1
813,1,0
813,130,0
813,73,0
813,38,0
813,14,0
813,60,1
813,122,1
813,183,0
813,56,1
813,5,1
813,81,1
813,121,0
813,179,0
813,7,0
813,109,0
813,167,0
813,99,1
813,102,1
813,17,0
813,6,0
813,82,0
813,25,0
813,40,0
813,37,0
813,152,0
813,147,1
813,87,0
813,36,0
813,53,0
813,23,1
813,162,0
813,154,1
813,156,0
813,129,0
813,186,0
813,155,0
813,51,0
813,190,0
813,135,1
813,74,0
813,46,1
813,45,1
813,160,0
814,14,0
814,141,0
814,45,0
814,21,1
814,30,1
814,62,0
814,114,0
814,52,1
814,151,1
814,191,0
814,168,0
814,149,1
814,163,0
814,126,0
814,138,0
814,136,1
814,83,0
814,8,0
814,115,0
814,140,0
814,146,0
814,63,0
814,12,0
814,171,0
814,111,1
814,89,0
814,50,1
814,37,1
814,70,0
815,143,0
815,54,1
815,35,1
815,98,0
815,40,0
815,41,0
815,198,1
815,142,0
815,132,0
815,194,0
815,153,1
815,107,0
815,112,0
815,159,1
815,89,1
815,46,1
815,79,0
815,75,0
815,116,1
815,19,0
815,139,0
815,28,0
815,196,0
815,99,0
815,157,0
815,189,0
815,72,1
815,81,0
815,147,0
815,55,0
815,166,1
815,62,0
815,175,0
815,187,1
815,15,1
815,146,0
815,144,0
816,65,0
816,150,0
816,24,1
816,143,0
816,168,0
816,114,0
816,133,1
816,52,0
816,48,0
816,131,0
816,61,1
816,109,0
816,7,0
816,112,0
816,11,0
816,34,0
816,12,0
816,2,0
816,146,1
816,62,0
816,108,0
816,125,0
816,137,0
816,139,1
816,181,1
816,90,0
816,76,1
816,117,0
816,38,0
816,9,0
816,30,0
816,151,0
816,95,1
816,33,0
816,67,0
816,54,1
816,172,0
816,22,0
816,89,0
816,101,0
816,191,0
816,55,1
816,59,1
816,5,0
816,74,0
816,87,0
816,126,0
817,129,0
817,13,0
817,195,0
817,63,0
817,164,0
817,118,0
817,21,0
817,139,0
817,174,1
817,194,1
817,44,1
817,42,0
817,142,0
817,73,1
817,113,1
817,179,1
817,101,0
817,94,0
817,170,0
817,97,1
817,132,1
817,152,1
817,32,0
817,117,0
817,175,1
817,180,0
817,78,0
817,87,0
817,197,0
817,7,0
817,92,1
817,53,1
818,121,0
818,24,0
818,91,1
818,101,0
818,97,0
818,61,0
818,38,0
818,77,1
818,116,0
818,159,0
818,96,1
818,140,1
818,37,0
818,155,0
818,55,1
818,34,1
818,156,0
818,48,0
818,164,0
818,60,0
818,57,0
818,44,0
818,141,1
818,0,1
818,92,1
818,175,0
818,114,0
818,158,1
818,22,1
818,199,0
818,85,0
818,76,0
818,75,1
818,112,0
819,56,0
819,148,0
819,17,0
819,135,0
819,39,1
819,154,1
819,136,0
819,27,1
819,11,0
819,150,0
819,146,1
819,178,0
819,91,1
819,173,0
819,182,1
819,40,0
819,125,0
819,158,0
819,89,0
819,105,0
819,97,0
819,174,0
819,28,0
819,58,0
819,127,1
820,92,0
820,8,0
820,172,1
820,135,0
820,116,0
820,113,0
820,96,0
820,55,0
820,32,0
820,53,1
820,48,0
820,54,0
820,190,1
820,187,0
820,181,1
820,40,0
820,77,0
820,189,1
820,15,1
820,37,0
820,168,1
820,104,0
820,28,0
820,41,1
820,63,1
820,80,0
820,156,0
820,19,1
820,158,0
820,18,0
820,4,1
820,194,0
820,128,1
820,58,1
820,180,1
820,29,0
820,62,1
820,118,1
820,26,0
820,165,1
820,27,0
820,86,0
820,153,1
820,83,0
820,138,1
820,157,0
821,192,0
821,198,0
821,83,1
821,80,0
821,35,1
821,42,1
821,103,0
821,8,0
821,159,1
821,87,1
821,68,0
821,135,0
821,98,1
821,100,0
821,113,1
821,94,0
821,148,1
821,112,0
821,144,1
821,125,0
821,101,0
821,37,0
821,145,1
821,194,0
821,186,0
821,189,0
821,18,1
821,51,1
821,7,0
821,124,1
821,61,0
821,39,0
821,58,0
821,150,1
821,104,0
821,122,1
821,187,0
821,139,0
821,67,0
821,166,0
822,90,0
822,74,0
822,32,1
822,133,1
822,126,0
822,62,1
822,50,1
822,189,1
822,187,0
822,75,0
822,119,1
822,9,0
822,138,1
822,147,0
822,130,0
822,82,0
822,102,0
822,103,0
822,112,0
822,39,0
822,132,1
822,56,1
822,123,0
822,159,1
822,67,0
822,153,0
822,160,0
822,157,1
822,46,1
822,100,0
822,31,1
822,161,0
823,12,0
823,127,1
823,46,0
823,143,0
823,194,0
823,32,0
823,148,0
823,73,0
823,7,0
823,188,0
823,75,0
823,155,0
823,122,0
823,113,0
823,126,1
823,41,1
823,106,0
823,103,0
823,69,1
823,53,1
823,196,1
823,98,1
823,78,0
823,2,1
823,189,0
823,26,0
823,67,1
823,174,0
823,125,0
823,11,0
823,99,0
823,128,0
824,58,1
824,27,0
824,94,0
824,20,0
824,37,0
824,186,0
824,180,0
824,93,1
824,115,0
824,127,0
824,102,0
824,59,0
824,11,0
824,10,1
824,38,0
824,50,0
824,105,1
824,24,0
824,141,0
824,40,0
824,12,1
824,36,1
824,106,0
824,19,0
824,21,0
824,103,0
824,159,0
824,169,0
824,39,0
824,138,1
824,111,1
824,30,0
824,145,0
824,8,1
824,179,1
824,32,0
824,140,1
824,131,0
825,122,1
825,33,1
825,64,0
825,22,1
825,171,0
825,96,0
825,94,0
825,169,0
825,109,0
825,170,0
825,26,1
825,164,1
825,195,0
825,29,0
825,110,0
825,142,0
825,162,0
825,151,1
825,111,0
825,124,1
826,119,0
826,36,0
826,68,1
826,161,0
826,145,0
826,93,0
826,172,1
826,144,0
826,63,1
826,30,0
826,56,0
826,57,0
826,27,1
826,153,1
826,139,0
826,39,0
826,138,1
826,98,1
826,14,1
826,3,0
826,41,0
826,21,0
826,152,0
826,31,1
826,112,0
826,100,0
826,67,0
826,83,0
826,185,0
826,154,0
826,181,0
826,113,0
826,48,1
826,192,1
826,146,0
826,137,1
826,22,0
826,141,0
826,166,0
826,178,1
826,124,0
826,86,0
827,32,1
827,17,0
827,68,0
827,167,0
827,149,0
827,101,1
827,138,0
827,154,1
827,58,1
827,192,1
827,37,0
827,135,0
827,20,1
827,190,0
827,174,1
827,12,1
827,195,1
827,126,0
827,123,0
827,96,0
828,46,0
828,35,0
828,156,0
828,177,0
828,51,0
828,105,0
828,14,0
828,53,0
828,128,1
828,167,1
828,26,1
828,64,0
828,81,1
828,8,1
828,157,0
828,82,1
828,129,1
828,160,1
828,73,1
828,71,0
828,88,1
828,94,1
828,42,1
828,3,0
828,144,1
828,22,0
828,66,0
828,162,1
829,106,0
829,114,0
829,6,0
829,13,0
829,158,1
829,131,1
829,107,0
829,8,1
829,12,0
829,152,0
829,29,1
829,146,0
829,149,0
829,177,0
829,30,0
829,140,0
829,101,1
829,90,1
829,94,1
829,196,1
829,117,1
829,135,0
829,195,1
829,198,0
829,145,0
829,25,1
829,3,0
829,69,1
829,28,1
829,87,0
829,23,1
829,173,0
829,137,0
829,156,0
829,123,1
829,193,1
829,160,1
829,65,1
829,79,1
829,179,1
829,39,0
829,55,1
829,154,0
829,37,1
829,124,1
829,157,0
829,11,1
829,36,0
830,126,0
830,107,0
830,155,0
830,68,1
830,33,1
830,118,1
830,170,0
830,179,1
830,55,1
830,152,0
830,119,0
830,122,0
830,28,0
830,49,1
830,142,1
830,117,1
830,81,0
830,150,0
830,135,0
830,23,0
830,164,0
830,139,1
830,34,1
830,125,0
830,60,0
830,144,0
830,153,0
830,45,0
830,43,1
830,173,1
830,12,1
830,13,0
830,168,0
830,91,0
830,25,0
830,20,1
830,52,1
830,198,0
830,0,0
830,187,1
831,12,1
831,150,0
831,70,0
831,131,0
831,121,0
831,28,0
831,84,1
831,199,0
831,34,1
831,112,1
831,45,1
831,133,0
831,160,0
831,116,1
831,153,0
831,126,1
831,174,0
831,124,0
831,103,1
831,129,1
831,118,0
831,41,0
831,113,1
832,140,0
832,119,0
832,122,1
832,16,0
832,7,1
832,152,1
832,112,1
832,91,0
832,65,0
832,100,1
832,184,0
832,22,1
832,23,0
832,39,0
832,44,1
832,57,0
832,132,1
832,147,0
832,62,1
832,108,1
832,161,0
832,52,0
832,2,1
832,177,1
832,199,0
832,60,1
832,148,0
832,15,0
832,155,0
832,93,1
832,172,0
832,187,1
832,105,1
832,46,0
832,153,1
832,191,0
832,196,0
832,144,1
832,89,0
832,90,0
832,166,0
832,159,0
832,149,0
832,194,0
833,78,0
833,117,0
833,76,0
833,63,0
833,107,1
833,171,1
833,10,0
833,157,1
833,103,0
833,30,0
833,174,0
833,79,0
833,112,0
833,148,0
833,137,0
833,169,0
833,130,0
833,13,0
833,64,1
833,164,0
833,124,0
833,55,1
833,101,0
833,50,0
833,144,1
833,38,0
833,118,1
833,163,0
833,154,0
833,69,1
834,158,0
834,170,0
834,30,0
834,179,0
834,110,0
834,42,0
834,135,1
834,17,0
834,159,1
834,121,1
834,112,0
834,199,0
834,43,0
834,153,0
834,11,1
834,166,0
834,76,0
834,88,0
834,69,0
834,122,1
834,50,0
834,113,0
834,14,1
834,89,0
834,62,1
834,39,0
834,132,1
834,148,1
834,8,0
834,150,1
834,119,0
834,142,0
834,181,1
835,170,0
835,59,0
835,153,1
835,155,1
835,5,1
835,197,1
835,180,0
835,137,1
835,185,0
835,81,1
835,168,0
835,117,0
835,110,1
835,95,0
835,62,1
835,70,1
835,83,1
835,150,0
835,38,0
835,172,1
835,190,1
835,39,0
835,74,1
835,160,0
835,32,1
835,178,1
835,162,0
835,165,0
835,31,0
835,115,0
835,21,0
835,63,0
835,118,1
835,48,0
835,96,0
835,144,0
835,77,1
835,68,0
835,60,0
835,49,0
835,76,0
836,3,0
836,190,0
836,39,0
836,112,1
836,158,1
836,160,0
836,188,1
836,136,1
836,169,0
836,31,1
836,56,0
836,147,0
836,79,0
836,36,1
836,12,0
836,48,0
836,119,0
836,57,0
836,81,0
836,69,1
836,141,0
837,5,0
837,17,0
837,176,0
837,131,0
837,168,0
837,1,1
837,186,0
837,133,0
837,152,0
837,126,0
837,145,0
837,14,1
837,197,1
837,182,1
837,47,0
837,196,0
837,147,1
837,127,0
837,96,0
837,61,0
837,59,0
837,140,1
837,90,0
837,107,0
837,154,0
837,120,1
837,48,0
837,102,1
837,10,1
837,109,0
837,22,1
837,163,0
837,0,0
837,94,0
837,27,0
837,20,0
837,44,0
837,56,1
837,138,1
837,124,0
837,85,0
837,2,1
837,7,1
837,110,1
837,165,0
837,129,0
837,77,0
838,82,0
838,127,1
838,77,0
838,114,0
838,32,1
838,130,0
838,55,1
838,30,0
838,186,1
838,4,0
838,58,1
838,193,0
838,198,1
838,10,1
838,125,0
838,132,0
838,92,0
838,13,1
838,91,0
838,166,1
838,45,1
838,118,0
838,95,0
838,163,0
839,167,0
839,141,0
839,188,1
839,25,0
839,180,1
839,147,0
839,59,0
839,115,1
839,146,0
839,73,1
839,100,1
839,36,0
839,54,0
839,102,0
839,7,0
839,195,0
839,156,0
839,60,0
839,75,0
839,107,1
839,43,1
840,105,0
840,133,1
840,139,1
840,121,0
840,127,0
840,11,1
840,62,0
840,25,0
840,182,1
840,103,1
840,86,0
840,120,0
840,12,1
840,45,1
840,196,1
840,161,1
840,81,1
840,78,0
840,191,0
840,195,0
840,87,0
840,56,0
840,101,0
840,160,0
840,138,1
840,29,1
840,95,0
840,150,1
840,194,1
840,79,0
840,151,1
840,126,0
840,94,0
841,48,0
841,148,0
841,112,0
841,0,1
841,62,1
841,91,0
841,65,0
841,162,1
841,158,0
841,94,0
841,7,1
841,75,0
841,199,0
841,83,1
841,190,0
841,164,0
841,18,1
841,123,1
841,182,0
841,136,0
841,14,0
841,5,0
841,20,0
841,144,0
841,71,0
841,16,0
841,186,1
841,56,0
841,191,0
841,157,0
841,142,1
841,114,0
841,124,1
841,115,1
841,100,1
841,35,0
841,178,0
841,166,0
841,26,0
841,25,1
842,90,0
842,73,0
842,33,0
842,119,1
842,124,1
842,164,1
842,121,1
842,72,0
842,105,0
842,65,0
842,66,0
842,149,0
842,108,0
842,48,1
842,45,1
842,120,1
842,156,1
842,162,1
842,11,0
842,177,0
842,196,0
842,114,0
842,110,1
842,10,0
842,1,1
842,31,1
842,188,0
842,21,0
842,139,0
842,42,0
842,152,0
842,168,0
842,147,1
842,79,0
842,187,0
842,86,0
842,98,1
842,50,1
842,49,1
842,64,0
842,163,0
842,16,1
842,173,0
842,136,0
842,9,0
842,35,0
843,137,0
843,44,0
843,102,0
843,97,1
843,190,1
843,39,0
843,179,0
843,94,0
843,22,1
843,155,0
843,169,0
843,17,0
843,148,1
843,144,0
843,2,1
843,119,0
843,147,0
843,55,0
843,13,1
843,35,0
843,32,0
843,10,0
844,35,1
844,189,0
844,63,0
844,163,0
844,196,0
844,22,1
844,109,1
844,15,0
844,66,0
844,91,0
844,180,1
844,150,1
844,81,0
844,160,1
844,133,1
844,88,1
844,49,0
844,4,1
844,122,0
844,155,0
844,198,1
844,181,0
844,55,1
844,83,0
844,20,0
844,134,0
844,157,0
844,34,0
844,39,0
844,170,1
844,45,0
844,54,0
844,187,0
844,197,0
844,107,1
844,58,1
844,61,1
844,42,1
844,10,0
844,101,0
844,90,0
845,74,1
845,82,0
845,4,0
845,199,0
845,28,1
845,190,0
845,109,0
845,31,1
845,198,0
845,66,0
845,192,0
845,161,0
845,149,0
845,183,0
845,85,0
845,113,1
845,16,0
845,15,1
845,7,0
845,185,0
845,26,0
845,92,0
845,56,0
845,27,0
845,24,1
845,195,0
845,153,0
845,167,1
845,3,0
845,139,0
845,67,0
845,122,1
845,78,0
845,117,1
845,127,1
845,60,1
845,135,0
845,123,1
845,51,0
845,120,1
845,23,1
845,38,0
845,25,1
845,88,0
845,20,1
845,77,1
845,100,0
845,29,1
845,146,1
846,41,1
846,25,0
846,169,0
846,101,1
846,187,0
846,176,0
846,119,1
846,199,0
846,12,0
846,151,0
846,66,1
846,133,1
846,54,1
846,194,0
846,171,0
846,135,0
846,8,0
846,163,1
846,30,1
846,70,1
846,3,0
846,39,1
846,52,1
846,94,0
846,154,0
846,182,1
846,73,0
846,173,0
846,26,1
846,56,1
846,31,1
846,198,1
846,160,0
846,128,0
846,155,0
846,85,0
846,103,1
846,104,1
846,81,1
846,11,0
846,61,1
846,18,1
847,131,0
847,143,1
847,176,0
847,140,1
847,137,0
847,154,1
847,16,0
847,26,1
847,79,1
847,120,1
847,141,0
847,181,0
847,133,1
847,134,1
847,158,1
847,144,0
847,84,0
847,126,0
847,130,0
847,198,0
847,125,0
847,156,1
847,186,1
847,178,0
847,195,1
847,45,1
847,197,0
847,180,0
847,36,0
847,192,0
847,41,0
847,190,0
847,67,1
847,150,1
848,77,0
848,108,0
848,116,1
848,172,1
848,29,0
848,180,0
848,176,1
848,91,0
848,2,0
848,175,1
848,17,0
848,149,0
848,199,1
848,14,0
848,107,0
848,26,0
848,146,1
848,134,0
848,138,0
848,147,0
848,30,0
848,194,1
848,152,1
848,57,0
848,120,1
848,103,1
849,70,1
849,55,0
849,124,0
849,114,1
849,154,0
849,151,1
849,147,1
849,2,0
849,99,0
849,18,1
849,76,0
849,117,0
849,51,0
849,102,1
849,83,0
849,168,1
849,27,0
849,16,0
849,74,1
849,41,1
849,163,1
849,156,1
850,27,1
850,113,1
850,89,0
850,102,0
850,73,1
850,111,1
850,165,0
850,4,1
850,128,1
850,174,0
850,166,0
850,117,0
850,72,0
850,35,0
850,156,1
850,112,0
850,33,0
850,183,0
850,5,0
850,53,0
850,14,0
850,199,1
850,121,1
850,127,0
850,59,0
850,187,0
850,96,1
850,115,1
850,45,1
850,47,0
850,22,0
850,155,0
850,176,0
850,93,0
850,190,0
850,8,0
850,81,1
850,160,1
850,51,0
851,61,1
851,100,1
851,41,1
851,154,0
851,189,1
851,190,1
851,92,0
851,34,0
851,153,0
851,155,0
851,81,0
851,15,0
851,176,1
851,179,1
851,177,0
851,109,1
851,138,0
851,87,0
851,194,0
851,134,0
851,181,0
851,35,0
851,30,0
851,140,0
851,78,0
851,32,1
851,103,0
851,52,0
851,162,0
851,4,0
852,66,0
852,176,0
852,101,1
852,58,1
852,33,0
852,191,0
852,189,0
852,143,0
852,45,0
852,175,1
852,109,1
852,185,0
852,136,1
852,165,0
852,154,0
852,186,0
852,50,0
852,135,0
852,10,0
852,9,0
852,112,1
852,116,1
852,197,1
852,169,1
852,97,0
852,28,0
852,22,1
852,115,0
852,78,0
852,157,1
852,107,0
852,171,1
852,123,1
852,40,0
852,142,0
852,163,0
852,80,0
852,25,0
852,72,0
852,195,0
852,89,1
852,85,1
852,35,1
852,42,1
852,86,0
852,32,0
852,59,0
852,184,0
853,176,1
853,61,0
853,138,1
853,10,0
853,180,1
853,102,1
853,37,0
853,131,1
853,34,1
853,54,0
853,75,0
853,191,0
853,166,0
853,186,0
853,25,0
853,93,0
853,31,0
853,159,0
853,77,0
853,69,0
853,115,0
853,157,0
853,70,0
853,50,1
853,105,0
853,118,1
853,51,0
853,112,1
853,23,0
853,44,0
853,80,0
853,116,0
853,30,1
853,185,0
853,123,1
853,170,1
853,160,1
853,156,1
853,62,0
853,45,1
853,124,1
853,82,0
854,100,1
854,37,1
854,53,1
854,105,0
854,96,0
854,102,1
854,48,1
854,93,1
854,68,0
854,113,0
854,42,1
854,194,0
854,187,0
854,39,1
854,183,0
854,56,1
854,147,0
854,182,0
854,198,0
854,122,0
854,77,0
854,114,1
854,148,0
854,149,0
854,61,0
854,178,0
854,76,0
854,189,0
854,64,0
854,65,0
854,138,1
854,12,0
854,31,0
854,130,0
854,75,1
854,139,0
854,136,1
854,44,0
854,90,0
854,20,0
854,165,1
854,11,0
854,27,0
854,120,0
854,91,1
854,10,0
854,199,0
855,42,1
855,150,1
855,71,0
855,197,0
855,93,0
855,198,0
855,138,0
855,73,0
855,146,0
855,38,1
855,139,0
855,9,0
855,116,0
855,137,1
855,156,1
855,134,1
855,95,0
855,99,0
855,127,0
855,168,0
855,75,1
855,5,0
855,31,0
855,46,0
855,91,0
855,115,0
855,111,1
855,36,0
855,151,0
855,35,1
855,55,0
855,174,0
855,153,0
856,161,0
856,30,0
856,62,1
856,129,1
856,162,0
856,13,1
856,191,1
856,102,0
856,105,1
856,126,0
856,131,0
856,181,0
856,56,1
856,166,0
856,157,0
856,182,1
856,135,0
856,110,0
856,118,1
856,163,1
856,8,1
856,151,0
856,101,0
856,198,0
856,116,1
856,155,0
856,154,0
856,190,0
856,50,0
856,137,0
856,21,0
856,179,0
856,64,0
856,144,1
856,187,0
856,108,0
856,78,1
856,14,0
856,18,0
856,104,0
856,180,0
856,77,0
856,29,0
856,121,0
857,46,1
857,15,0
857,118,0
857,197,0
857,8,0
857,154,0
857,199,0
857,82,0
857,186,1
857,49,0
857,149,1
857,48,0
857,85,0
857,56,0
857,42,0
857,36,0
857,119,1
857,5,1
857,169,1
857,70,0
857,81,1
857,127,0
857,71,0
857,60,0
857,13,0
857,61,1
857,116,0
857,14,0
857,84,0
857,24,0
857,17,1
857,11,0
857,105,0
857,103,0
857,100,0
857,59,0
857,173,1
857,170,1
857,73,0
857,40,0
857,177,0
857,145,0
857,65,1
857,58,1
858,111,0
858,191,1
858,90,0
858,99,1
858,137,0
858,189,1
858,45,0
858,125,0
858,127,0
858,168,0
858,174,0
858,153,0
858,107,0
858,145,1
858,183,0
858,88,0
858,33,1
858,41,0
858,116,1
858,47,1
858,38,0
858,68,0
858,171,0
858,144,1
858,89,1
858,178,0
858,156,0
858,3,0
858,37,0
858,118,1
858,104,1
858,27,0
858,190,0
858,44,0
858,75,1
858,15,0
858,56,1
859,131,1
859,151,0
859,135,1
859,143,0
859,97,0
859,36,0
859,17,0
859,179,1
859,8,0
859,84,1
859,123,1
859,44,0
859,128,0
859,20,1
859,3,1
859,134,0
859,64,1
859,12,0
859,180,0
859,188,0
859,9,0
859,26,0
859,142,0
859,75,0
859,126,0
859,186,0
860,66,0
860,103,1
860,14,1
860,165,1
860,110,0
860,0,0
860,177,0
860,60,1
860,183,0
860,147,0
860,137,0
860,164,0
860,27,0
860,77,1
860,194,0
860,163,1
860,45,0
860,92,0
860,64,0
860,93,0
860,67,0
860,46,0
860,88,1
860,191,0
860,171,0
860,68,0
860,96,0
860,15,1
860,189,0
860,188,0
860,61,0
860,174,0
860,4,0
860,143,1
860,136,1
860,129,0
860,94,0
860,29,0
860,105,0
860,122,1
860,172,1
860,101,0
860,16,0
860,74,0
860,90,1
860,193,0
860,161,1
860,1,0
860,52,0
860,95,0
861,140,0
861,68,0
861,175,0
861,162,0
861,118,0
861,158,0
861,191,0
861,148,0
861,160,0
861,171,1
861,156,1
861,64,0
861,192,0
861,115,0
861,172,0
861,76,0
861,27,0
861,137,0
861,98,1
861,96,0
861,43,1
861,14,0
861,81,0
861,70,0
861,141,0
861,89,1
861,47,1
861,139,1
861,187,1
861,78,0
861,7,1
861,93,1
861,176,0
861,94,1
861,87,0
861,84,0
861,135,1
861,108,0
861,161,0
861,55,0
861,28,0
861,99,0
861,189,1
861,151,0
861,163,1
861,85,0
861,195,0
861,122,1
861,42,0
862,192,1
862,72,1
862,185,0
862,43,1
862,123,1
862,189,0
862,178,0
862,75,0
862,161,1
862,1,1
862,66,1
862,25,0
862,154,1
862,112,0
862,109,1
862,168,1
862,148,0
862,199,0
862,142,0
862,198,0
862,64,0
862,118,0
863,23,1
863,15,1
863,141,0
863,73,0
863,72,1
863,154,1
863,131,1
863,97,0
863,54,1
863,44,1
863,175,0
863,75,1
863,17,0
863,68,1
863,199,0
863,98,1
863,47,0
863,57,0
863,82,1
863,10,0
863,84,0
863,1,0
863,191,1
863,136,0
863,12,0
863,169,1
863,14,1
863,142,0
863,94,1
863,37,0
863,11,0
863,112,1
863,144,1
863,156,1
863,196,1
863,21,1
863,114,0
863,184,1
863,194,0
864,124,0
864,106,1
864,158,0
864,39,0
864,189,0
864,26,1
864,29,0
864,85,0
864,71,0
864,56,0
864,144,0
864,53,1
864,177,0
864,66,1
864,127,0
864,51,1
864,190,0
864,75,0
864,111,0
864,142,0
865,137,0
865,195,0
865,54,0
865,8,0
865,161,0
865,105,0
865,42,0
865,102,0
865,13,0
865,65,0
865,74,1
865,169,0
865,51,1
865,67,0
865,5,0
865,99,1
865,112,0
865,87,1
865,127,0
865,16,1
865,63,0
865,166,1
865,180,1
865,194,0
865,152,0
865,163,0
865,57,0
865,179,1
865,119,0
865,197,0
865,38,0
865,37,0
865,151,0
865,50,1
865,92,0
865,93,1
865,10,1
865,0,1
865,26,1
865,146,0
865,143,1
865,189,0
865,18,0
865,182,0
865,59,0
865,96,0
866,87,0
866,15,0
866,188,1
866,131,1
866,58,1
866,11,1
866,48,0
866,84,0
866,88,0
866,51,1
866,19,0
866,52,0
866,165,1
866,109,0
866,32,1
866,181,1
866,104,1
866,147,1
866,68,0
866,151,1
866,56,1
867,87,1
867,3,1
867,26,1
867,163,1
867,12,0
867,199,0
867,131,0
867,30,0
867,94,0
867,74,0
867,45,1
867,136,1
867,2,1
867,99,0
867,162,0
867,40,0
867,170,1
867,77,1
867,158,1
867,195,1
867,194,1
867,113,0
867,97,0
867,160,1
867,98,0
867,41,0
867,129,0
867,147,1
867,127,0
867,197,0
867,161,0
867,153,0
867,66,1
867,78,0
867,198,0
867,9,1
867,154,1
867,35,1
867,88,0
867,173,1
867,151,1
867,75,0
868,153,1
868,87,0
868,105,0
868,10,0
868,198,0
868,145,1
868,162,1
868,44,1
868,56,1
868,131,0
868,80,0
868,37,1
868,144,1
868,6,0
868,164,0
868,139,0
868,47,0
868,17,1
868,65,1
868,102,0
868,85,1
868,120,0
868,148,0
868,76,0
868,94,0
868,114,0
869,134,1
869,44,0
869,152,0
869,129,0
869,105,0
869,71,1
869,120,1
869,114,1
869,113,1
869,70,0
869,169,0
869,110,0
869,109,0
869,112,0
869,24,1
869,17,1
869,92,1
869,191,0
869,51,0
869,1,0
869,156,1
869,140,0
869,53,0
869,166,1
869,97,1
869,119,0
869,11,0
869,88,1
869,31,1
869,183,0
869,104,0
869,66,1
869,84,0
869,3,0
869,102,0
869,163,1
869,155,0
869,6,1
869,190,0
869,14,1
869,30,0
869,154,1
869,108,0
869,81,1
869,33,1
869,48,0
869,185,1
869,20,0
870,130,0
870,155,1
870,94,0
870,162,1
870,185,0
870,99,1
870,131,0
870,72,0
870,73,0
870,20,1
870,91,0
870,64,1
870,173,1
870,10,0
870,107,0
870,2,1
870,3,0
870,8,0
870,136,0
870,194,1
870,96,0
870,7,0
870,23,0
870,156,0
870,66,0
870,16,0
870,27,1
870,78,1
870,139,0
870,122,0
870,89,0
870,81,1
870,191,0
870,46,1
870,70,0
871,5,1
871,93,0
871,76,1
871,14,0
871,144,0
871,65,0
871,130,0
871,47,0
871,172,1
871,97,0
871,49,0
871,181,0
871,169,0
871,43,0
871,199,1
871,148,0
871,24,0
871,165,0
871,77,1
871,188,0
871,25,0
871,35,0
871,156,0
871,106,0
871,192,0
872,133,1
872,12,0
872,162,1
872,13,0
872,160,1
872,45,1
872,75,0
872,55,0
872,197,0
872,21,1
872,72,1
872,176,0
872,164,0
872,196,1
872,74,0
872,116,1
872,57,0
872,16,0
872,28,0
872,171,0
872,52,0
872,94,1
872,103,0
872,1,1
872,34,0
872,127,1
872,41,0
872,169,1
872,87,0
872,2,1
872,10,0
872,31,0
872,25,0
873,66,1
873,99,0
873,198,0
873,102,0
873,154,0
873,115,1
873,47,0
873,20,1
873,38,1
873,8,1
873,2,0
873,112,0
873,122,1
873,76,1
873,9,0
873,85,0
873,82,1
873,30,0
873,5,0
873,130,0
873,44,0
873,189,1
873,41,1
873,195,0
873,117,0
873,88,1
873,146,0
873,106,1
873,26,1
873,135,0
873,193,0
873,133,0
873,4,0
873,141,0
873,151,0
873,60,1
873,186,0
873,194,0
874,107,0
874,156,1
874,81,0
874,10,1
874,5,0
874,47,1
874,160,0
874,117,1
874,126,0
874,155,1
874,2,1
874,57,0
874,114,0
874,17,1
874,146,0
874,33,1
874,16,0
874,189,1
874,25,0
874,94,1
874,133,1
874,86,0
874,67,1
874,175,0
874,104,1
874,9,0
874,159,1
874,157,0
874,131,0
874,15,0
874,14,0
875,51,0
875,19,0
875,47,0
875,103,1
875,150,1
875,75,1
875,24,1
875,166,0
875,130,0
875,60,0
875,86,0
875,87,1
875,131,0
875,89,0
875,77,0
875,68,0
875,135,0
875,85,0
875,179,0
875,92,1
875,83,0
875,124,0
875,184,0
875,98,1
875,61,0
875,119,0
875,107,1
875,64,0
876,1,1
876,5,1
876,141,0
876,7,1
876,154,0
876,15,0
876,117,0
876,112,0
876,30,0
876,60,0
876,144,0
876,182,1
876,109,1
876,123,0
876,179,0
876,68,1
876,132,1
876,83,0
876,184,1
876,110,0
876,97,0
876,104,1
876,54,0
876,115,0
876,24,1
876,180,1
876,38,1
876,73,0
877,108,0
877,173,0
877,139,1
877,169,0
877,57,1
877,96,0
877,105,0
877,69,0
877,157,0
877,28,0
877,187,0
877,102,1
877,134,0
877,5,0
877,140,0
877,166,0
877,40,0
877,92,1
877,147,1
877,195,1
877,23,0
877,46,0
877,155,0
877,171,0
877,107,1
877,48,0
877,21,0
877,67,1
877,183,0
877,74,0
877,146,0
877,10,0
877,25,0
877,45,1
877,143,1
877,190,0
877,51,0
877,41,0
877,60,1
878,1,0
878,146,0
878,197,0
878,95,1
878,165,0
878,186,0
878,16,0
878,133,0
878,56,0
878,10,0
878,114,1
878,102,1
878,134,0
878,92,1
878,139,1
878,34,0
878,154,1
878,2,0
878,121,0
878,173,1
878,105,0
878,181,0
878,94,0
878,191,0
878,120,0
878,188,0
878,187,0
878,26,0
878,0,1
878,44,0
878,33,0
878,113,1
878,35,0
878,96,1
878,51,1
878,25,0
878,160,1
878,59,1
878,4,0
879,130,0
879,158,0
879,185,0
879,181,1
879,34,0
879,187,0
879,111,0
879,108,0
879,174,0
879,82,1
879,194,1
879,137,0
879,10,0
879,87,0
879,102,0
879,161,1
879,176,1
879,83,0
879,97,0
879,45,0
879,196,0
879,37,1
879,109,0
879,22,0
879,140,1
879,79,1
879,38,1
879,149,1
879,17,0
879,193,0
879,152,1
879,52,1
879,51,0
879,134,0
879,141,1
879,198,0
879,98,0
879,5,0
879,144,0
879,133,0
879,74,1
880,136,1
880,188,0
880,135,0
880,195,1
880,90,1
880,77,1
880,180,0
880,45,0
880,159,0
880,51,1
880,110,0
880,165,0
880,106,1
880,170,1
880,76,1
880,9,0
880,138,1
880,41,0
880,68,1
880,151,1
880,184,0
880,191,1
880,70,0
880,8,1
880,148,0
880,105,0
880,93,0
880,156,0
881,124,0
881,187,0
881,20,0
881,177,0
881,83,0
881,88,0
881,168,0
881,84,0
881,45,0
881,2,0
881,38,0
881,3,0
881,148,0
881,40,0
881,103,0
881,52,0
881,189,0
881,143,0
881,192,0
881,165,0
881,50,0
881,85,0
881,130,1
881,156,0
881,13,0
881,138,0
881,32,0
881,135,1
881,69,0
881,149,1
881,128,0
881,101,1
881,49,0
882,14,0
882,84,1
882,108,1
882,128,0
882,74,0
882,1,0
882,98,1
882,130,1
882,186,1
882,26,1
882,183,0
882,155,0
882,123,1
882,198,0
882,107,0
882,77,0
882,134,0
882,173,0
882,193,1
882,15,0
882,97,0
882,138,1
882,18,0
882,194,0
882,199,0
882,129,1
882,57,0
882,55,0
882,122,0
882,116,1
882,171,0
882,156,1
883,76,0
883,37,0
883,124,0
883,151,0
883,155,0
883,143,1
883,168,0
883,86,1
883,150,0
883,161,0
883,31,0
883,85,1
883,55,1
883,107,0
883,96,1
883,191,0
883,148,0
883,197,0
883,34,0
883,130,1
883,142,0
883,72,0
883,158,1
883,102,1
883,106,1
883,78,1
883,171,1
883,81,0
883,169,0
883,51,0
883,132,0
883,163,0
884,149,0
884,78,0
884,127,1
884,120,1
884,72,0
884,119,0
884,97,0
884,163,0
884,14,0
884,58,0
884,52,0
884,104,0
884,182,1
884,167,1
884,166,1
884,51,1
884,162,1
884,199,0
884,15,0
884,54,0
884,118,1
884,96,1
884,139,1
884,122,0
884,16,1
884,38,0
884,27,1
884,197,1
884,151,1
884,1,1
884,152,1
884,103,0
884,98,0
884,183,0
884,147,0
884,50,1
884,173,1
884,29,0
884,91,1
884,186,0
884,82,1
884,64,0
885,86,0
885,91,0
885,73,0
885,161,0
885,96,1
885,10,0
885,182,0
885,148,0
885,185,0
885,167,0
885,57,0
885,125,0
885,198,0
885,25,0
885,89,0
885,199,1
885,105,1
885,112,0
885,130,0
885,79,0
885,94,0
885,50,0
885,76,0
885,135,1
885,13,0
885,118,0
885,47,0
885,158,1
885,15,0
885,98,0
885,152,0
885,53,0
885,145,0
885,147,0
885,183,0
885,193,0
885,189,0
885,31,1
885,136,0
885,32,0
885,178,0
885,20,1
885,128,0
885,172,0
885,1,0
886,90,1
886,189,1
886,183,0
886,7,1
886,84,0
886,166,1
886,127,0
886,146,1
886,93,0
886,184,0
886,33,0
886,125,0
886,110,0
886,77,1
886,193,0
886,70,1
886,119,0
886,9,0
886,159,0
886,175,0
886,68,1
886,151,1
886,190,1
886,22,0
886,170,0
886,69,1
886,51,0
886,197,0
886,80,0
886,120,0
886,91,0
886,136,1
886,187,1
886,129,1
886,165,1
886,65,1
886,14,0
886,133,1
886,114,1
886,141,0
886,179,1
886,138,0
886,11,1
886,72,0
886,164,1
886,172,0
887,159,0
887,130,1
887,33,1
887,183,1
887,190,0
887,121,1
887,142,1
887,177,1
887,136,0
887,14,1
887,69,1
887,152,0
887,128,0
887,72,0
887,125,1
887,116,0
887,117,1
887,71,1
887,198,1
887,101,1
887,1,1
887,87,0
887,126,1
887,88,0
887,123,0
887,79,1
887,168,0
887,127,0
887,118,1
887,129,0
887,173,0
887,2,0
887,95,1
887,13,1
887,175,1
887,122,1
887,188,0
887,26,1
887,108,0
887,82,0
887,191,0
887,93,1
887,148,1
888,136,1
888,118,1
888,146,0
888,70,1
888,18,1
888,105,1
888,84,1
888,178,0
888,174,0
888,109,0
888,96,0
888,121,0
888,51,0
888,10,0
888,69,1
888,124,1
888,88,1
888,39,0
888,101,0
888,83,0
888,11,1
888,72,0
888,192,0
888,22,0
888,68,0
888,28,0
888,165,1
888,52,1
888,190,0
888,7,0
888,144,0
888,106,0
888,41,1
889,124,1
889,163,0
889,199,1
889,93,1
889,61,0
889,55,1
889,178,1
889,23,1
889,174,0
889,131,0
889,145,1
889,66,0
889,10,0
889,137,0
889,44,1
889,37,1
889,24,1
889,26,0
889,182,0
889,161,0
889,43,0
889,198,0
889,119,0
889,188,0
889,173,1
889,15,0
889,35,1
889,68,0
889,195,0
889,52,0
889,88,0
889,6,1
889,87,0
889,139,0
889,183,0
889,176,0
889,160,0
889,98,1
889,64,1
889,85,1
889,36,1
889,112,1
889,1,1
889,34,0
889,125,1
889,28,0
889,40,0
889,167,1
889,121,1
889,150,1
890,90,0
890,115,0
890,178,0
890,110,0
890,24,0
890,14,0
890,189,1
890,161,0
890,68,1
890,86,0
890,175,0
890,114,1
890,35,0
890,177,0
890,157,0
890,119,0
890,180,1
890,5,0
890,190,0
890,158,1
890,42,1
890,109,1
890,48,0
890,56,1
890,179,0
890,62,0
890,11,0
890,36,0
890,79,0
890,134,0
891,9,0
891,150,0
891,29,0
891,92,1
891,145,0
891,102,0
891,81,1
891,39,0
891,6,1
891,181,0
891,95,1
891,163,0
891,86,0
891,7,0
891,13,0
891,162,0
891,131,1
891,8,1
891,91,0
891,85,1
891,93,1
891,144,0
891,101,1
891,54,1
891,168,0
891,42,0
891,169,0
891,153,0
891,5,0
891,2,1
891,142,1
891,60,1
891,56,1
891,124,0
891,106,0
892,10,1
892,17,0
892,166,1
892,122,0
892,3,0
892,94,1
892,137,0
892,6,0
892,27,0
892,36,1
892,199,0
892,158,0
892,189,1
892,105,0
892,135,0
892,120,0
892,69,0
892,114,0
892,99,0
892,182,1
892,30,1
893,36,0
893,162,0
893,101,0
893,139,1
893,6,1
893,127,1
893,141,0
893,125,1
893,145,0
893,20,0
893,45,1
893,158,0
893,19,0
893,8,0
893,91,0
893,111,1
893,72,0
893,24,1
893,43,0
893,160,1
893,172,0
893,146,0
894,119,0
894,48,1
894,137,0
894,34,1
894,130,0
894,18,0
894,40,1
894,64,1
894,10,1
894,153,0
894,62,1
894,123,0
894,22,0
894,150,1
894,82,0
894,46,0
894,167,1
894,45,0
894,54,0
894,160,0
894,52,1
894,86,0
894,113,0
894,181,0
894,164,1
894,143,0
894,199,0
894,93,0
894,35,0
894,23,0
894,128,0
894,14,0
894,81,0
894,108,0
894,198,0
894,63,1
895,31,1
895,192,0
895,35,1
895,6,0
895,148,1
895,146,0
895,101,1
895,76,0
895,140,0
895,58,0
895,49,0
895,103,1
895,172,0
895,169,1
895,80,0
895,127,1
895,109,0
895,120,1
895,118,0
895,92,0
895,187,1
895,97,0
895,130,1
895,90,0
895,8,0
895,28,0
895,131,1
895,85,0
895,72,1
895,138,0
895,105,0
895,108,1
895,196,1
895,198,0
895,125,1
895,119,1
895,121,0
895,164,0
895,53,1
895,139,0
895,66,0
895,152,1
895,48,0
895,11,1
895,149,0
895,179,1
895,0,0
895,155,0
896,4,0
896,189,0
896,173,0
896,117,1
896,83,1
896,143,0
896,176,1
896,14,0
896,38,0
896,100,0
896,104,0
896,149,0
896,26,0
896,98,1
896,15,1
896,18,0
896,110,0
896,165,1
896,23,0
896,56,0
896,68,1
896,170,1
896,137,1
896,84,0
897,175,0
897,155,0
897,135,1
897,176,1
897,199,0
897,19,0
897,26,0
897,12,0
897,23,1
897,51,1
897,46,0
897,121,1
897,148,0
897,99,0
897,43,0
897,86,0
897,75,0
897,195,0
897,143,0
897,164,0
897,50,1
897,91,0
897,152,1
897,132,1
897,0,0
897,25,0
897,8,0
897,96,0
897,157,0
897,85,1
898,196,0
898,63,1
898,12,1
898,23,0
898,76,1
898,177,0
898,131,1
898,78,1
898,193,0
898,124,1
898,141,0
898,181,0
898,172,0
898,119,1
898,17,0
898,26,0
898,2,0
898,137,0
898,128,1
898,57,1
899,75,0
899,180,0
899,15,0
899,84,0
899,89,0
899,78,1
899,105,0
899,182,0
899,70,1
899,149,0
899,107,1
899,93,1
899,194,0
899,6,0
899,133,1
899,20,0
899,165,0
899,122,0
899,124,1
899,55,0
899,151,1
899,197,0
899,168,0
899,199,0
899,5,0
899,121,0
899,57,1
899,179,0
899,158,0
899,140,0
899,163,0
899,72,0
899,153,0
899,35,0
899,97,1
899,1,0
900,194,1
900,25,0
900,123,0
900,78,0
900,193,0
900,98,0
900,149,1
900,72,0
900,23,0
900,3,1
900,0,1
900,24,0
900,86,1
900,69,0
900,36,0
900,42,1
900,38,0
900,154,0
900,66,0
900,33,1
900,115,0
900,184,1
900,167,1
900,19,1
901,39,0
901,108,1
901,99,0
901,182,0
901,198,1
901,143,1
901,96,1
901,174,1
901,86,1
901,46,1
901,146,1
901,62,1
901,16,0
901,192,0
901,37,0
901,81,0
901,152,0
901,36,1
901,80,0
901,28,0
901,8,0
901,98,1
901,197,0
901,179,0
901,128,1
901,1,0
901,136,1
901,73,0
901,199,0
901,105,0
901,173,0
901,13,0
902,61,0
902,114,1
902,12,0
902,163,0
902,199,0
902,104,1
902,169,0
902,25,0
902,171,1
902,173,0
902,141,0
902,91,0
902,156,0
902,83,0
902,133,1
902,112,0
902,101,0
902,16,1
902,82,0
902,34,1
902,56,0
902,46,1
902,72,0
902,106,1
902,185,0
902,73,0
902,30,0
902,115,1
903,47,0
903,26,1
903,198,1
903,152,1
903,117,0
903,199,0
903,142,1
903,87,1
903,162,0
903,171,0
903,118,1
903,85,0
903,8,0
903,101,1
903,140,0
903,135,1
903,100,0
903,132,1
903,65,0
903,62,0
904,142,0
904,0,1
904,149,0
904,175,0
904,133,1
904,75,0
904,50,0
904,99,0
904,1,0
904,83,0
904,14,1
904,131,1
904,155,0
904,176,1
904,170,0
904,19,0
904,40,0
904,160,0
904,147,0
904,138,0
905,32,1
905,174,0
905,26,0
905,152,0
905,161,0
905,186,0
905,115,0
905,74,0
905,99,0
905,94,0
905,180,0
905,60,1
905,22,0
905,121,1
905,97,1
905,92,0
905,45,1
905,125,1
905,53,0
905,13,0
905,157,0
905,119,0
905,191,0
905,114,0
905,16,0
905,24,0
905,178,1
905,70,1
906,66,1
906,181,1
906,77,0
906,194,0
906,155,1
906,83,0
906,46,0
906,121,0
906,61,0
906,191,0
906,133,1
906,172,0
906,167,1
906,188,0
906,19,1
906,53,1
906,37,1
906,183,0
906,12,0
906,127,0
906,147,0
906,185,0
906,64,1
907,29,0
907,188,0
907,2,1
907,108,0
907,58,0
907,107,1
907,73,0
907,136,1
907,198,0
907,175,0
907,157,0
907,183,1
907,138,0
907,174,0
907,179,0
907,99,0
907,48,0
907,103,0
907,85,0
907,117,1
907,133,1
907,74,0
907,190,0
907,87,0
907,50,0
907,153,0
907,35,1
907,137,0
907,167,1
907,106,0
907,149,1
907,166,0
907,127,0
907,63,1
907,172,0
907,128,0
907,173,0
907,184,1
907,109,0
907,70,1
907,16,0
907,31,1
907,47,1
907,121,1
907,170,0
907,83,0
908,41,0
908,197,0
908,50,1
908,33,0
908,191,1
908,175,0
908,178,0
908,196,0
908,164,1
908,160,0
908,184,1
908,168,1
908,35,0
908,57,0
908,22,0
908,132,0
908,32,0
908,6,1
908,81,0
908,165,0
908,85,0
908,115,0
908,98,1
908,53,1
908,180,0
908,189,0
908,79,0
908,140,0
908,39,0
908,93,1
908,163,0
908,195,1
908,173,1
908,20,0
909,164,1
909,12,0
909,0,1
909,145,0
909,142,0
909,153,0
909,23,0
909,73,1
909,130,0
909,62,0
909,159,0
909,78,0
909,189,1
909,2,1
909,34,1
909,16,1
909,199,0
909,106,1
909,83,1
909,66,1
909,185,0
909,31,0
909,160,0
909,138,0
909,67,1
909,105,0
909,180,0
909,65,0
909,186,0
909,109,0
909,27,0
909,61,1
909,118,0
909,116,1
909,137,1
909,155,1
910,33,0
910,110,0
910,180,0
910,5,0
910,120,0
910,81,0
910,162,1
910,127,0
910,153,0
910,54,0
910,151,0
910,154,0
910,114,0
910,26,1
910,199,0
910,125,0
910,96,0
910,94,1
910,41,0
910,3,0
910,27,0
910,77,1
911,183,0
911,142,0
911,66,1
911,126,0
911,115,1
911,145,0
911,56,1
911,195,0
911,40,1
911,52,0
911,22,0
911,185,0
911,2,1
911,198,1
911,184,0
911,63,1
911,102,0
911,132,0
911,23,1
911,177,0
911,61,0
911,159,0
911,71,0
911,101,0
911,111,0
911,20,0
911,7,0
911,158,1
911,129,1
911,153,0
911,171,1
911,49,0
911,162,0
911,10,0
911,50,0
911,46,0
911,178,0
911,82,0
912,98,0
912,192,0
912,67,0
912,36,1
912,157,0
912,132,0
912,68,0
912,84,0
912,120,0
912,17,0
912,130,1
912,199,0
912,128,1
912,137,0
912,108,0
912,42,1
912,20,0
912,184,1
912,61,0
912,160,1
912,173,1
913,61,0
913,57,0
913,24,1
913,25,1
913,159,1
913,13,0
913,20,0
913,152,0
913,69,1
913,3,1
913,9,1
913,183,1
913,105,1
913,144,1
913,45,0
913,98,1
913,121,0
913,28,0
913,59,0
913,101,0
913,55,0
913,39,0
913,18,1
913,181,0
913,189,0
913,110,0
913,142,0
913,75,1
913,62,1
913,187,1
913,47,0
913,130,0
913,188,0
913,27,0
913,54,0
913,107,1
913,79,0
913,41,0
913,125,0
913,64,0
913,167,0
913,104,0
913,163,0
913,193,1
913,40,0
913,141,0
913,7,1
913,115,1
913,166,1
914,144,0
914,47,1
914,185,0
914,84,0
914,13,1
914,104,0
914,72,0
914,51,0
914,68,0
914,176,1
914,93,1
914,152,0
914,114,0
914,4,0
914,169,0
914,146,1
914,34,0
914,145,1
914,196,1
914,124,0
914,191,0
914,53,0
914,41,1
914,139,1
914,86,1
914,58,0
914,123,0
914,154,0
914,175,0
914,98,1
914,28,1
914,177,0
914,18,0
914,61,1
914,76,0
914,15,1
914,126,0
914,129,1
914,14,1
914,10,0
914,40,1
914,197,0
915,63,1
915,102,0
915,104,0
915,128,0
915,138,1
915,54,0
915,148,1
915,178,0
915,141,1
915,84,0
915,71,1
915,45,1
915,6,0
915,43,1
915,94,1
915,159,0
915,150,1
915,47,0
915,4,0
915,74,0
915,85,1
915,165,0
915,153,0
915,116,0
915,156,1
915,154,0
916,157,1
916,182,0
916,105,0
916,68,0
916,18,0
916,144,1
916,23,0
916,38,1
916,11,0
916,195,0
916,131,0
916,57,1
916,196,0
916,110,0
916,45,0
916,7,0
916,85,1
916,133,0
916,115,1
916,93,1
916,1,0
916,35,1
916,123,0
916,194,0
916,192,0
916,56,1
916,10,1
916,140,0
916,199,0
916,3,0
916,181,1
916,9,0
916,70,0
916,151,1
916,154,1
916,29,1
916,94,1
916,138,1
916,43,0
916,91,1
916,0,0
916,122,1
916,169,1
916,67,1
916,146,0
917,61,1
917,151,0
917,180,1
917,60,0
917,95,0
917,112,1
917,123,1
917,28,1
917,195,0
917,88,0
917,89,1
917,181,1
917,42,0
917,20,0
917,39,0
917,162,0
917,102,1
917,12,0
917,141,0
917,136,1
917,2,0
917,48,0
917,10,1
917,17,0
917,122,0
917,57,0
917,137,0
917,155,0
917,45,1
917,170,0
917,21,0
917,166,0
917,66,0
917,177,1
917,178,0
917,79,0
918,68,0
918,180,0
918,54,1
918,80,1
918,193,0
918,32,1
918,94,0
918,156,0
918,115,1
918,18,1
918,76,0
918,160,1
918,105,1
918,128,0
918,112,1
918,131,0
918,9,1
918,119,1
918,4,0
918,142,0
918,77,1
918,133,0
918,179,0
918,144,1
918,96,0
918,182,1
918,184,1
918,153,0
918,64,0
918,35,0
918,6,1
918,86,0
918,186,0
918,130,0
918,60,0
918,90,0
918,107,1
918,84,1
918,145,0
918,146,0
918,23,0
918,197,0
918,7,0
918,183,1
918,70,1
918,10,0
918,85,0
918,139,0
918,88,0
919,49,1
919,62,0
919,76,1
919,79,1
919,81,0
919,199,1
919,124,0
919,77,1
919,188,0
919,162,1
919,153,0
919,8,1
919,32,1
919,36,0
919,155,0
919,65,0
919,0,0
919,58,0
919,5,0
919,167,0
919,194,0
919,180,1
919,152,0
919,174,0
919,156,0
919,168,1
919,157,0
919,102,0
919,187,1
919,96,1
919,177,0
919,30,0
919,35,0
919,149,0
919,85,0
919,196,0
919,71,1
919,92,1
919,105,0
919,129,0
919,106,0
919,7,0
919,97,0
919,165,1
919,84,1
920,144,0
920,42,0
920,88,1
920,17,0
920,167,0
920,113,1
920,174,0
920,124,1
920,46,1
920,160,1
920,132,0
920,11,1
920,145,0
920,176,1
920,193,0
920,111,0
920,58,0
920,137,0
920,20,1
920,45,0
920,173,1
920,59,0
920,169,0
920,106,0
920,9,0
920,38,1
920,138,1
920,16,0
920,30,0
920,94,1
921,136,0
921,196,1
921,85,1
921,90,1
921,48,0
921,14,0
921,32,0
921,98,0
921,108,0
921,193,0
921,183,0
921,17,0
921,138,0
921,28,0
921,134,1
921,45,0
921,124,0
921,5,0
921,142,0
921,127,0
921,82,0
921,78,1
921,61,0
921,39,1
921,79,0
921,20,0
921,72,0
921,149,1
921,91,0
921,42,0
921,112,0
921,49,0
921,68,0
921,187,0
921,184,0
921,65,0
921,22,0
921,167,0
921,126,0
921,125,0
921,47,0
922,153,1
922,169,0
922,63,1
922,85,0
922,68,0
922,56,0
922,8,0
922,47,1
922,29,1
922,131,0
922,89,1
922,21,0
922,197,0
922,82,0
922,166,0
922,151,0
922,147,0
922,134,1
922,108,0
922,65,0
922,180,0
922,95,0
922,32,0
922,91,1
922,43,0
922,15,1
922,75,0
922,123,0
922,76,0
922,102,0
922,33,0
922,161,1
922,183,1
922,182,0
922,22,1
922,31,1
922,122,0
922,126,1
922,107,1
922,124,0
922,23,0
922,19,0
922,125,0
922,18,0
922,110,1
922,176,1
922,195,0
922,165,1
922,127,0
922,104,1
923,169,1
923,2,1
923,87,0
923,128,1
923,69,0
923,155,0
923,60,1
923,8,1
923,85,0
923,178,1
923,24,0
923,114,1
923,194,0
923,65,1
923,58,1
923,1,0
923,140,0
923,112,1
923,126,1
923,159,1
923,133,0
923,10,1
923,100,0
923,17,0
923,33,1
923,124,0
923,64,1
923,67,1
923,23,0
923,156,0
923,19,0
923,95,0
923,179,0
923,146,0
923,136,0
923,57,0
923,74,0
923,31,0
923,48,0
923,129,0
923,103,0
923,62,1
924,51,0
924,4,1
924,136,1
924,137,1
924,49,1
924,84,1
924,79,0
924,62,0
924,121,0
924,82,0
924,90,1
924,2,0
924,98,1
924,105,1
924,131,1
924,187,0
924,73,1
924,113,1
924,160,0
924,104,1
924,199,0
924,25,0
924,39,0
924,155,0
924,135,1
924,177,1
924,15,0
925,156,0
925,95,1
925,179,0
925,94,1
925,184,1
925,52,0
925,46,0
925,77,0
925,194,0
925,3,0
925,130,0
925,5,0
925,67,0
925,160,1
925,14,0
925,199,0
925,76,1
925,92,0
925,42,1
925,12,0
925,82,0
926,4,0
926,96,0
926,194,0
926,128,0
926,162,0
926,122,0
926,26,0
926,156,0
926,9,1
926,115,0
926,73,0
926,189,1
926,143,1
926,15,0
926,59,0
926,39,0
926,127,0
926,146,0
926,1,0
926,70,0
927,128,0
927,69,1
927,86,1
927,170,1
927,102,0
927,81,0
927,104,0
927,173,0
927,114,0
927,80,0
927,148,0
927,177,0
927,141,1
927,87,1
927,77,0
927,191,1
927,168,1
927,119,0
927,167,1
927,133,0
927,145,1
927,131,0
927,97,1
927,61,0
927,31,1
927,30,0
927,125,1
927,33,0
927,175,1
927,39,1
927,53,0
927,90,0
927,88,0
927,4,0
927,139,0
927,37,1
927,180,1
927,15,1
927,172,0
928,190,0
928,150,0
928,132,1
928,139,1
928,159,0
928,117,1
928,184,0
928,98,1
928,25,0
928,48,0
928,87,1
928,100,0
928,20,1
928,7,0
928,50,1
928,135,1
928,2,1
928,73,0
928,19,0
928,95,1
928,44,1
928,158,0
928,182,0
928,171,0
928,105,1
928,140,1
928,134,1
928,130,0
928,35,0
928,64,1
928,129,0
928,57,1
928,119,0
928,194,1
929,193,1
929,188,1
929,55,0
929,14,0
929,0,1
929,184,0
929,120,0
929,28,0
929,126,0
929,162,1
929,183,1
929,50,0
929,59,0
929,198,0
929,194,0
929,142,0
929,152,0
929,115,0
929,123,1
929,48,0
929,110,0
929,130,1
929,90,0
929,175,0
929,144,0
929,7,0
929,116,1
929,9,0
929,177,0
929,173,0
930,100,0
930,190,0
930,157,0
930,89,0
930,148,0
930,95,0
930,127,0
930,35,0
930,150,0
930,62,1
930,32,0
930,130,1
930,67,0
930,139,0
930,14,1
930,63,1
930,173,0
930,160,0
930,144,0
930,178,0
930,113,0
930,195,0
930,164,0
930,21,0
930,48,1
930,180,0
930,34,0
930,166,0
930,198,1
930,64,0
930,70,0
930,175,0
930,124,0
930,152,0
930,165,1
930,115,0
930,131,1
930,25,1
930,5,0
930,101,1
930,44,1
930,169,1
930,56,0
930,155,0
930,196,0
930,186,0
930,112,0
930,59,0
930,179,1
931,66,0
931,127,0
931,129,0
931,120,1
931,47,1
931,139,0
931,31,0
931,166,0
931,197,0
931,13,0
931,125,1
931,152,0
931,61,0
931,136,0
931,180,1
931,10,1
931,148,1
931,188,1
931,3,0
931,135,0
931,170,1
931,158,0
931,65,0
931,42,0
931,69,0
931,112,0
931,126,0
931,147,1
931,98,1
931,72,0
931,192,0
931,36,0
931,150,1
931,23,1
931,105,0
931,33,0
931,124,1
932,131,0
932,163,0
932,124,1
932,130,1
932,59,1
932,168,0
932,190,1
932,83,1
932,38,0
932,25,1
932,199,0
932,53,0
932,57,1
932,136,0
932,166,0
932,185,1
932,188,1
932,158,0
932,78,0
932,101,0
932,16,0
932,167,0
932,82,1
932,67,0
932,194,0
932,88,0
932,104,0
932,156,0
933,114,1
933,60,1
933,3,0
933,54,1
933,87,1
933,185,0
933,39,1
933,116,0
933,64,0
933,131,0
933,141,1
933,37,1
933,15,1
933,1,0
933,78,0
933,98,0
933,193,0
933,195,0
933,111,1
933,191,0
933,90,0
933,122,0
933,63,0
933,23,0
933,151,0
933,5,1
933,70,0
933,16,1
933,19,1
933,177,0
933,68,1
933,118,0
933,170,0
933,140,0
933,153,1
933,162,0
933,146,0
933,145,0
933,62,0
933,80,0
933,79,1
933,196,0
933,148,1
933,113,0
934,164,0
934,176,1
934,179,0
934,175,0
934,36,0
934,105,0
934,120,0
934,191,1
934,146,0
934,123,0
934,159,1
934,87,0
934,26,1
934,101,1
934,96,0
934,20,1
934,33,0
934,76,0
934,171,0
934,99,1
934,22,1
934,71,0
934,125,0
934,34,1
934,195,1
934,127,1
934,188,0
934,178,0
934,192,1
934,37,1
934,19,0
934,53,1
934,1,1
934,180,0
935,19,1
935,148,0
935,10,1
935,189,1
935,97,0
935,194,0
935,26,0
935,155,0
935,108,0
935,183,0
935,75,0
935,181,1
935,154,1
935,106,0
935,24,0
935,182,1
935,96,0
935,35,0
935,68,1
935,45,1
935,146,0
935,117,1
935,72,0
935,132,0
935,119,0
935,60,1
935,110,0
935,7,1
935,64,0
935,95,0
935,186,0
935,133,1
935,37,0
935,107,0
935,77,0
935,29,1
935,6,0
935,130,1
935,111,0
935,160,0
936,91,0
936,12,0
936,13,0
936,98,0
936,199,1
936,57,1
936,92,0
936,70,0
936,148,0
936,33,1
936,172,1
936,177,1
936,101,0
936,173,0
936,47,0
936,41,0
936,149,0
936,153,0
936,9,1
936,96,0
936,15,0
936,158,0
936,129,0
936,1,1
936,10,0
936,176,1
936,42,1
936,38,0
936,119,1
936,139,0
936,25,0
936,175,1
936,171,0
936,189,0
936,108,1
936,14,0
936,159,1
936,94,0
936,115,0
936,120,1
936,72,1
936,132,1
936,174,0
936,126,1
936,79,0
937,84,0
937,15,0
937,51,1
937,76,0
937,6,0
937,118,1
937,95,0
937,178,0
937,141,1
937,127,1
937,14,0
937,81,0
937,2,0
937,157,0
937,72,0
937,60,1
937,86,1
937,63,0
937,152,0
937,136,0
937,116,1
937,25,1
937,34,0
937,67,0
937,4,1
937,87,0
937,196,0
937,160,0
937,44,1
937,154,0
937,20,0
937,105,1
937,180,0
937,142,1
937,171,0
937,82,1
937,93,1
937,139,1
937,49,0
937,38,0
937,140,1
937,103,0
937,156,0
937,112,1
937,97,0
937,59,0
937,41,0
937,0,0
937,58,0
938,160,1
938,130,0
938,140,0
938,188,1
938,131,1
938,162,1
938,154,0
938,83,1
938,13,0
938,73,0
938,121,0
938,16,0
938,23,0
938,63,1
938,146,1
938,20,0
938,165,1
938,176,0
938,55,1
938,143,0
938,0,0
938,71,0
938,19,0
938,67,1
938,56,0
938,5,0
938,79,0
938,58,0
938,179,0
938,57,0
938,74,1
938,194,0
938,145,1
938,122,1
939,3,0
939,78,0
939,46,0
939,102,0
939,148,0
939,189,0
939,75,0
939,184,0
939,155,0
939,175,0
939,98,0
939,0,0
939,97,0
939,114,0
939,183,0
939,65,0
939,171,0
939,111,0
939,188,1
939,190,0
939,43,1
939,173,0
939,134,1
939,85,0
939,145,1
939,71,0
939,176,1
939,17,0
939,16,0
939,80,0
939,149,0
939,63,0
939,40,0
939,106,0
939,29,0
939,119,0
939,117,1
939,143,0
940,61,0
940,193,1
940,106,1
940,80,1
940,11,0
940,90,0
940,68,1
940,1,0
940,173,1
940,122,0
940,119,1
940,71,0
940,27,1
940,52,1
940,195,1
940,140,1
940,47,1
940,118,1
940,85,0
940,142,1
940,51,0
940,150,0
940,8,0
940,127,0
940,197,0
940,152,1
940,87,0
940,100,1
940,59,0
940,46,0
940,7,0
940,174,0
940,116,1
940,191,0
940,145,1
940,44,0
940,49,0
940,48,0
940,57,0
940,10,1
940,170,0
940,135,0
940,63,0
941,78,0
941,126,0
941,125,0
941,105,1
941,188,0
941,141,0
941,194,1
941,28,0
941,175,0
941,64,1
941,23,1
941,26,1
941,21,0
941,6,0
941,72,0
941,79,0
941,184,1
941,11,0
941,143,0
941,134,0
941,196,0
941,3,1
941,123,0
941,190,1
941,170,1
941,58,0
941,171,1
941,197,0
941,153,0
941,179,1
941,122,0
941,111,0
941,92,1
941,160,0
941,61,0
941,115,0
941,149,1
941,47,0
941,89,0
942,183,0
942,194,1
942,178,1
942,14,1
942,67,1
942,29,1
942,37,1
942,26,0
942,42,1
942,181,0
942,64,1
942,146,0
942,175,0
942,129,0
942,155,0
942,52,1
942,43,0
942,78,0
942,199,1
942,152,0
942,59,0
942,38,1
942,133,1
942,137,1
942,50,0
942,32,0
942,1,0
942,96,0
942,65,0
942,55,1
942,73,1
942,75,0
942,128,1
942,116,1
942,168,0
942,196,0
942,68,0
942,31,0
942,58,0
942,15,1
942,80,0
943,94,1
943,193,0
943,190,0
943,7,0
943,20,0
943,59,0
943,187,0
943,47,0
943,107,0
943,154,1
943,125,0
943,167,1
943,52,1
943,149,0
943,5,0
943,24,0
943,0,1
943,130,1
943,85,1
943,10,0
943,73,0
943,49,0
943,9,1
943,109,0
943,143,1
943,131,1
943,40,0
943,108,0
943,157,1
943,126,0
944,78,1
944,115,0
944,71,0
944,164,1
944,28,0
944,176,0
944,157,0
944,190,0
944,38,0
944,56,1
944,27,0
944,6,0
944,104,0
944,66,0
944,191,0
944,17,0
944,192,0
944,64,0
944,181,0
944,23,0
944,100,0
944,193,1
944,111,0
944,105,0
944,90,1
944,55,1
944,51,0
944,112,0
944,48,0
944,15,0
944,61,0
944,182,0
944,77,0
944,69,0
944,76,0
944,114,0
944,41,1
945,158,0
945,177,1
945,78,0
945,29,0
945,60,1
945,108,0
945,95,0
945,127,1
945,16,1
945,64,0
945,150,0
945,25,1
945,76,0
945,61,0
945,113,1
945,188,0
945,144,1
945,156,1
945,14,1
945,181,0
945,59,1
945,172,1
945,111,0
945,75,0
945,183,0
945,155,0
945,117,1
945,165,0
945,136,1
945,174,0
945,180,0
945,173,0
945,83,0
945,199,0
945,58,0
945,164,0
945,77,0
945,157,1
945,7,0
946,119,1
946,57,1
946,0,0
946,6,1
946,40,0
946,143,0
946,188,0
946,91,0
946,197,1
946,170,1
946,116,0
946,191,1
946,89,0
946,99,0
946,136,0
946,132,1
946,185,0
946,145,1
946,35,1
946,108,0
946,4,1
946,73,0
946,54,0
946,80,0
946,1,0
946,159,0
946,146,1
946,56,0
946,48,1
946,134,0
946,90,0
946,194,1
946,78,0
946,104,0
946,17,1
946,148,0
946,45,0
946,7,0
946,30,1
947,93,0
947,103,0
947,193,0
947,1,1
947,150,1
947,0,1
947,114,0
947,115,0
947,158,0
947,6,0
947,133,1
947,136,1
947,55,0
947,142,0
947,80,0
947,199,1
947,4,0
947,67,1
947,119,0
947,196,0
947,82,0
947,71,1
947,44,1
947,154,0
947,191,1
947,169,1
947,112,0
947,7,0
947,120,1
947,65,1
947,194,0
947,172,0
947,100,0
947,59,0
947,174,0
947,91,1
947,151,0
947,34,1
947,198,1
947,84,0
947,62,1
947,25,0
947,163,1
947,31,0
947,135,1
947,144,1
947,121,1
948,60,1
948,64,0
948,40,0
948,102,0
948,76,0
948,47,1
948,198,0
948,20,1
948,80,0
948,190,0
948,148,0
948,162,0
948,110,0
948,145,0
948,185,0
948,134,0
948,35,0
948,159,0
948,87,0
948,12,1
948,83,0
948,29,0
948,81,0
948,181,0
948,112,0
948,71,0
948,66,1
948,8,0
948,182,1
948,131,1
948,9,1
948,153,1
948,171,0
948,127,0
948,1,1
948,183,1
948,42,1
949,52,1
949,34,1
949,80,0
949,91,1
949,44,1
949,190,0
949,179,1
949,11,1
949,43,1
949,6,0
949,124,0
949,90,1
949,112,0
949,118,1
949,36,0
949,94,1
949,18,0
949,45,0
949,40,0
949,72,0
949,24,0
949,99,0
949,127,0
949,139,1
949,22,1
949,111,0
949,93,0
949,38,0
949,56,1
949,61,0
949,114,0
949,143,1
949,42,1
949,95,0
949,85,0
949,148,0
949,15,0
949,153,0
949,76,0
949,171,1
949,133,1
949,113,0
949,75,1
949,151,0
949,68,0
950,44,1
950,19,1
950,198,1
950,181,0
950,125,0
950,28,0
950,16,1
950,78,1
950,150,1
950,168,0
950,36,1
950,147,0
950,34,1
950,32,1
950,93,1
950,131,0
950,122,0
950,97,0
950,47,1
950,153,0
950,51,1
950,63,1
950,55,0
950,193,0
950,109,0
950,144,1
951,32,0
951,68,1
951,177,0
951,184,0
951,67,1
951,88,1
951,58,0
951,29,0
951,128,0
951,166,0
951,93,0
951,102,1
951,84,0
951,197,0
951,107,0
951,66,1
951,121,0
951,156,1
951,59,0
951,74,0
951,25,1
951,87,0
951,30,1
951,61,0
951,96,0
951,138,0
951,1,0
951,191,0
951,14,0
951,105,1
952,82,0
952,58,0
952,128,1
952,163,1
952,70,1
952,167,0
952,26,0
952,136,0
952,0,0
952,174,0
952,37,0
952,27,1
952,12,0
952,190,0
952,147,1
952,169,0
952,143,1
952,173,0
952,79,0
952,21,1
952,157,1
952,121,0
952,16,0
952,168,1
952,76,0
952,159,0
952,62,0
952,94,0
952,103,0
952,71,0
952,7,1
952,178,1
952,109,0
952,41,0
952,187,1
952,4,0
952,100,1
953,102,0
953,89,1
953,131,0
953,74,0
953,185,0
953,146,0
953,41,0
953,19,0
953,141,0
953,177,0
953,11,0
953,14,0
953,127,0
953,75,1
953,51,1
953,181,0
953,105,0
953,137,1
953,93,0
953,182,1
953,184,1
953,26,0
953,61,1
953,175,0
953,56,1
953,166,0
953,125,0
953,150,0
953,191,1
953,86,1
953,165,0
953,148,0
953,87,0
953,91,1
954,75,1
954,60,0
954,101,1
954,154,1
954,110,0
954,105,0
954,54,0
954,197,0
954,41,0
954,130,0
954,188,1
954,145,1
954,32,0
954,191,0
954,106,0
954,84,0
954,15,0
954,196,0
954,37,0
954,168,0
955,12,0
955,152,0
955,37,0
955,77,1
955,70,1
955,38,0
955,44,0
955,85,0
955,184,0
955,180,0
955,63,1
955,30,1
955,15,0
955,169,1
955,192,0
955,111,1
955,94,1
955,198,1
955,199,0
955,119,1
955,117,1
955,149,1
955,20,1
955,157,0
955,49,1
955,53,0
955,0,0
955,73,1
955,183,0
955,179,1
955,132,0
955,187,0
955,45,0
955,51,1
955,5,0
955,40,0
955,151,0
955,8,0
955,64,0
955,86,1
955,116,0
955,65,0
955,178,1
955,127,0
956,121,0
956,57,0
956,192,0
956,4,0
956,128,1
956,86,0
956,6,0
956,85,0
956,89,0
956,79,1
956,44,0
956,62,1
956,153,0
956,129,1
956,76,0
956,64,1
956,142,1
956,37,0
956,190,0
956,71,1
956,14,0
956,158,1
956,49,0
957,156,0
957,43,1
957,160,0
957,81,0
957,157,1
957,165,1
957,30,1
957,51,0
957,146,1
957,110,0
957,95,1
957,145,1
957,191,0
957,142,0
957,173,1
957,161,0
957,65,1
957,2,0
957,105,0
957,195,1
957,183,0
957,88,0
957,37,0
957,29,0
957,73,0
957,168,1
957,140,1
957,58,1
957,162,0
957,121,0
957,33,1
957,198,1
958,192,0
958,177,0
958,70,1
958,159,0
958,34,1
958,93,0
958,123,0
958,17,0
958,49,0
958,14,1
958,137,0
958,47,1
958,162,0
958,85,0
958,171,0
958,198,1
958,81,0
958,116,0
958,140,1
958,141,1
958,20,0
958,55,1
958,79,0
958,2,0
958,139,0
958,118,0
958,94,0
958,5,0
958,39,0
958,58,1
958,112,0
958,107,0
959,6,1
959,10,0
959,87,0
959,140,1
959,193,0
959,173,1
959,177,0
959,78,0
959,195,1
959,143,0
959,183,0
959,137,1
959,112,0
959,14,0
959,21,0
959,149,0
959,36,1
959,198,0
959,77,0
959,148,0
959,79,0
959,178,1
959,109,0
959,92,0
959,0,0
960,168,0
960,31,1
960,197,1
960,199,1
960,154,0
960,177,0
960,34,1
960,139,0
960,20,1
960,182,1
960,116,0
960,108,0
960,152,1
960,51,0
960,155,0
960,96,0
960,72,0
960,98,0
960,27,0
960,89,0
960,25,1
960,60,1
960,92,0
961,117,1
961,26,0
961,40,0
961,11,0
961,7,1
961,151,0
961,32,0
961,180,1
961,172,0
961,147,0
961,66,1
961,107,0
961,0,1
961,133,0
961,199,0
961,72,0
961,148,0
961,33,0
961,39,0
961,57,0
961,111,1
961,88,0
961,69,0
961,14,0
961,153,0
961,30,0
961,171,0
961,78,0
961,22,1
961,194,1
961,178,0
961,16,0
961,113,0
961,91,0
961,161,0
961,50,1
961,112,0
961,165,0
961,176,0
961,51,1
961,48,0
961,28,0
961,120,0
961,92,1
961,196,1
961,128,0
961,119,0
961,123,0
961,58,0
962,198,0
962,96,0
962,20,0
962,126,1
962,118,0
962,85,0
962,70,0
962,90,0
962,136,1
962,164,0
962,54,0
962,37,0
962,159,0
962,115,0
962,102,1
962,199,0
962,103,1
962,192,0
962,158,0
962,82,0
962,18,0
962,76,1
962,119,0
962,188,0
963,30,1
963,150,0
963,80,0
963,62,0
963,38,0
963,90,0
963,78,0
963,114,1
963,72,1
963,125,0
963,153,0
963,109,0
963,61,0
963,73,1
963,124,0
963,82,0
963,100,0
963,31,0
963,152,1
963,110,0
964,66,1
964,161,1
964,152,1
964,153,0
964,5,1
964,185,0
964,56,0
964,160,0
964,91,0
964,146,0
964,46,0
964,158,0
964,72,1
964,69,0
964,178,1
964,49,0
964,33,0
964,170,1
964,104,0
964,183,0
964,112,1
964,109,1
964,125,0
964,194,1
964,10,0
964,39,1
964,130,0
964,8,1
964,113,0
964,198,1
964,59,0
964,131,0
964,101,1
964,54,0
964,60,0
964,14,0
964,64,0
964,150,0
964,184,1
964,186,1
964,83,0
964,155,0
964,134,1
964,63,1
964,166,1
964,20,1
964,156,0
964,127,0
965,41,0
965,115,0
965,182,0
965,52,1
965,84,0
965,59,1
965,118,0
965,143,0
965,128,1
965,30,0
965,55,1
965,22,1
965,94,0
965,187,1
965,141,0
965,25,0
965,147,1
965,124,0
965,148,0
965,178,1
965,103,0
965,72,0
965,73,0
965,54,0
965,67,0
965,168,0
965,19,1
966,69,1
966,181,0
966,147,0
966,77,0
966,83,0
966,59,0
966,78,0
966,139,0
966,185,0
966,8,1
966,94,1
966,63,0
966,15,0
966,121,0
966,110,0
966,188,1
966,48,1
966,114,1
966,129,0
966,80,0
966,158,0
966,1,0
966,184,1
966,127,0
966,137,1
966,189,1
966,100,1
966,169,0
966,72,0
966,192,1
966,102,0
966,58,0
966,26,1
966,178,0
966,182,0
966,163,0
966,146,0
966,151,0
966,20,0
966,9,0
966,113,0
966,85,0
966,179,0
966,13,0
966,118,0
966,25,1
966,21,0
966,16,1
966,190,0
966,173,0
967,17,1
967,36,1
967,11,1
967,64,0
967,176,0
967,81,0
967,136,1
967,163,0
967,91,1
967,24,0
967,142,1
967,112,1
967,39,1
967,95,0
967,41,0
967,120,0
967,83,0
967,137,1
967,44,0
967,31,0
967,144,0
967,15,0
967,143,0
967,123,0
967,130,0
967,89,0
967,10,1
967,111,0
967,167,0
967,30,1
967,74,1
967,12,0
967,173,1
967,99,1
967,104,0
967,105,0
967,102,0
967,14,0
967,85,1
967,178,0
967,67,0
967,58,0
967,152,1
967,42,0
967,94,0
967,125,0
967,180,0
967,150,0
968,74,0
968,152,1
968,51,1
968,130,0
968,44,0
968,57,1
968,119,0
968,49,0
968,138,1
968,37,0
968,106,1
968,143,0
968,9,0
968,66,0
968,194,0
968,54,1
968,16,1
968,86,0
968,76,1
968,160,0
968,115,0
968,99,0
968,175,0
968,29,0
968,61,0
968,34,0
968,172,0
968,148,0
968,112,0
968,35,0
968,107,1
968,174,0
968,10,0
968,87,0
968,96,0
968,41,0
968,140,1
968,129,0
968,58,0
968,39,0
968,132,0
968,40,0
968,81,0
968,32,1
968,31,0
968,117,0
968,94,0
968,65,0
968,55,1
969,115,0
969,193,0
969,166,1
969,97,0
969,96,1
969,98,0
969,53,1
969,148,0
969,172,0
969,102,0
969,185,0
969,54,1
969,160,1
969,40,1
969,73,0
969,61,0
969,90,0
969,77,1
969,60,0
969,116,0
969,134,1
970,165,1
970,161,1
970,36,1
970,118,0
970,97,1
970,8,0
970,90,1
970,131,1
970,98,0
970,141,0
970,102,0
970,99,0
970,160,1
970,66,0
970,177,1
970,168,0
970,150,0
970,7,0
970,153,0
970,37,1
970,39,1
970,122,0
970,40,0
970,195,0
971,129,0
971,144,0
971,199,1
971,181,0
971,180,1
971,130,0
971,125,0
971,56,0
971,76,1
971,85,0
971,117,0
971,46,1
971,25,0
971,0,0
971,197,0
971,13,1
971,48,1
971,11,1
971,74,1
971,167,0
971,145,1
971,36,0
971,9,1
971,104,1
971,190,0
971,147,1
971,68,0
971,59,0
971,127,0
971,188,0
971,170,1
972,102,1
972,47,0
972,57,0
972,145,0
972,195,0
972,161,0
972,28,1
972,52,0
972,160,0
972,118,0
972,30,0
972,27,0
972,184,0
972,13,0
972,61,1
972,55,0
972,165,0
972,199,0
972,62,1
972,7,0
972,92,0
972,19,0
972,64,1
973,164,1
973,141,0
973,88,0
973,131,0
973,12,1
973,140,0
973,25,1
973,162,0
973,103,0
973,149,0
973,83,0
973,73,0
973,189,1
973,19,1
973,53,1
973,159,1
973,15,1
973,190,0
973,62,1
973,106,0
973,132,1
973,119,0
973,192,1
973,59,0
973,95,1
973,174,1
973,30,0
973,185,1
973,110,0
973,135,0
973,7,1
973,26,1
973,22,1
973,166,1
973,14,0
973,167,1
973,3,0
973,82,0
973,113,0
973,163,0
973,43,1
973,144,1
973,2,1
974,123,0
974,43,0
974,150,1
974,44,1
974,129,1
974,73,0
974,160,0
974,87,0
974,135,0
974,196,0
974,74,1
974,91,0
974,132,1
974,188,1
974,125,0
974,8,0
974,168,1
974,171,1
974,183,1
974,124,0
974,0,0
974,155,1
974,170,1
974,71,0
975,1,1
975,9,0
975,48,1
975,112,1
975,101,0
975,149,1
975,34,1
975,110,1
975,140,0
975,73,0
975,123,1
975,199,0
975,183,1
975,15,0
975,108,1
975,192,0
975,87,0
975,78,0
975,24,0
975,141,0
975,169,0
975,94,1
975,31,1
975,47,0
975,181,0
975,23,0
975,124,1
975,136,0
975,88,0
975,37,1
975,109,0
975,18,0
975,145,1
975,153,1
975,21,1
975,119,0
975,143,0
976,165,0
976,25,1
976,196,0
976,114,0
976,18,1
976,197,0
976,38,0
976,129,1
976,104,0
976,53,1
976,192,1
976,158,0
976,87,0
976,152,0
976,117,0
976,57,0
976,166,0
976,92,1
976,85,0
976,139,1
977,115,1
977,192,1
977,4,0
977,196,0
977,138,1
977,156,0
977,14,1
977,155,1
977,79,0
977,8,1
977,181,1
977,109,1
977,24,0
977,50,0
977,104,1
977,88,0
977,110,0
977,89,1
977,87,1
977,183,1
977,103,0
977,9,0
977,108,0
977,46,0
977,93,1
977,98,1
977,174,0
977,20,0
977,92,0
977,102,0
977,171,1
977,22,0
977,7,0
977,95,0
977,61,0
977,30,1
977,58,1
977,150,0
977,116,1
977,106,0
977,40,0
978,49,0
978,77,0
978,76,0
978,152,1
978,182,1
978,80,0
978,40,0
978,180,0
978,102,1
978,28,0
978,129,0
978,84,0
978,56,1
978,159,0
978,126,0
978,117,0
978,132,1
978,91,1
978,14,1
978,72,0
978,5,0
978,116,0
978,15,1
978,22,0
978,148,0
978,74,0
978,153,1
978,140,0
978,32,1
978,62,0
978,197,1
978,150,0
978,48,1
978,196,0
978,190,1
978,50,1
978,127,0
978,29,0
978,65,0
978,12,1
978,8,1
978,16,0
978,86,0
979,147,1
979,192,0
979,149,0
979,87,0
979,103,1
979,152,0
979,126,0
979,111,1
979,19,0
979,130,0
979,74,1
979,3,0
979,195,0
979,71,0
979,30,0
979,123,1
979,32,0
979,128,0
979,13,0
979,93,1
979,44,1
979,65,1
979,159,1
979,78,1
979,57,1
979,155,0
979,165,0
979,75,1
979,164,1
979,68,0
979,160,1
979,151,1
979,158,0
979,40,0
979,6,0
979,14,1
979,145,0
979,138,1
979,135,0
979,95,0
980,141,1
980,136,1
980,38,1
980,68,0
980,150,1
980,34,1
980,48,1
980,183,0
980,30,0
980,7,0
980,140,0
980,99,1
980,153,0
980,159,0
980,135,0
980,171,1
980,10,0
980,160,1
980,57,0
980,53,0
980,5,0
980,82,0
980,63,1
980,4,1
980,37,0
980,107,0
980,45,1
980,103,0
980,98,1
980,181,0
980,44,1
980,158,1
980,100,0
980,108,0
980,196,1
980,165,0
980,123,1
980,147,0
980,182,0
981,119,1
981,166,0
981,90,0
981,8,0
981,33,0
981,52,0
981,13,0
981,159,1
981,154,0
981,142,0
981,115,1
981,4,1
981,170,1
981,104,0
981,57,1
981,178,1
981,70,0
981,50,0
981,75,1
981,54,0
981,79,0
981,150,0
981,38,1
981,55,0
981,176,0
981,58,1
981,110,0
981,53,0
981,134,0
981,95,0
981,122,0
981,32,1
981,102,0
981,145,0
981,124,0
982,190,1
982,37,1
982,26,0
982,61,0
982,27,0
982,13,0
982,150,0
982,109,0
982,44,1
982,175,0
982,7,0
982,60,1
982,141,1
982,135,0
982,71,0
982,67,0
982,159,1
982,93,0
982,142,1
982,57,0
982,114,0
982,47,1
982,84,0
982,4,0
982,3,1
982,143,0
982,160,0
982,156,1
982,151,0
982,59,0
982,115,0
983,168,0
983,57,1
983,131,0
983,72,1
983,49,0
983,167,1
983,77,1
983,145,1
983,152,1
983,9,0
983,190,0
983,163,1
983,113,0
983,109,0
983,4,0
983,13,0
983,151,0
983,17,1
983,69,0
983,156,0
983,91,0
983,139,0
983,191,0
983,1,0
983,177,0
983,14,0
983,154,1
983,123,0
983,173,1
983,35,1
983,153,0
983,111,0
983,27,0
983,81,1
983,6,1
983,41,0
983,114,1
983,70,0
983,100,1
983,83,0
983,63,1
983,143,0
984,145,0
984,14,0
984,85,0
984,127,1
984,3,0
984,73,0
984,77,0
984,46,0
984,184,1
984,19,1
984,172,1
984,64,0
984,183,0
984,97,1
984,120,1
984,54,0
984,134,0
984,76,0
984,171,0
984,164,0
984,99,1
984,66,1
984,151,0
984,177,0
984,51,0
985,109,0
985,172,0
985,23,1
985,95,0
985,1,0
985,65,1
985,106,1
985,86,0
985,15,0
985,189,1
985,134,1
985,161,0
985,98,0
985,119,1
985,150,0
985,168,1
985,38,0
985,188,0
985,58,0
985,167,0
985,44,1
985,166,0
985,87,0
985,94,1
986,101,0
986,89,0
986,76,1
986,145,0
986,77,0
986,66,0
986,5,0
986,117,0
986,154,0
986,9,0
986,100,1
986,160,0
986,136,0
986,107,1
986,187,0
986,176,0
986,196,1
986,98,1
986,42,1
986,33,0
986,38,0
986,44,0
986,73,0
986,90,1
986,124,1
986,189,1
986,40,0
986,110,0
986,120,1
986,191,0
986,114,0
986,118,1
986,29,1
986,14,1
986,94,0
986,192,1
986,108,0
986,96,1
986,138,1
986,58,0
986,172,0
986,85,0
986,134,0
986,167,0
987,51,0
987,188,1
987,64,1
987,98,0
987,91,0
987,172,0
987,79,0
987,182,0
987,191,0
987,131,1
987,156,1
987,93,0
987,168,1
987,195,1
987,174,1
987,1,0
987,161,1
987,120,0
987,31,0
987,53,0
987,75,0
987,30,0
987,125,1
987,167,0
987,180,0
987,151,1
987,41,0
987,108,1
987,140,1
987,122,0
987,101,0
987,170,0
987,138,0
987,95,0
987,153,0
987,158,1
987,102,0
987,177,1
987,169,0
987,104,1
987,76,0
987,20,0
987,92,0
987,107,0
987,178,1
987,199,1
987,7,0
987,9,0
988,143,0
988,176,1
988,5,0
988,181,0
988,96,1
988,11,0
988,80,0
988,19,1
988,89,1
988,119,1
988,71,0
988,166,0
988,84,0
988,195,0
988,131,1
988,29,1
988,91,0
988,150,0
988,193,1
988,23,0
988,24,1
988,15,0
988,161,1
988,81,0
988,7,0
988,73,1
988,41,0
988,58,0
988,169,0
988,123,0
988,162,1
988,30,0
988,175,0
988,77,0
988,39,0
988,149,1
989,186,1
989,165,1
989,135,1
989,153,0
989,132,1
989,49,0
989,192,0
989,95,0
989,35,1
989,149,0
989,174,0
989,146,1
989,193,1
989,0,0
989,124,0
989,107,1
989,112,0
989,94,1
989,85,1
989,180,1
990,192,0
990,160,1
990,21,1
990,13,0
990,158,0
990,194,0
990,16,1
990,187,0
990,65,1
990,10,0
990,5,0
990,24,0
990,20,0
990,121,1
990,154,0
990,49,0
990,81,0
990,28,0
990,35,0
990,47,1
990,112,1
991,8,0
991,143,1
991,18,1
991,129,0
991,17,0
991,119,0
991,66,1
991,50,0
991,35,0
991,163,1
991,76,1
991,98,1
991,59,0
991,60,0
991,117,1
991,109,0
991,10,1
991,132,0
991,165,0
991,91,0
991,185,0
991,166,0
991,178,1
991,13,1
991,81,1
991,33,0
991,29,0
991,80,0
991,94,1
991,21,0
991,176,0
991,7,1
991,2,0
991,161,1
991,172,1
991,158,0
991,105,0
991,141,0
991,47,1
992,119,1
992,60,0
992,174,1
992,17,0
992,143,0
992,49,0
992,12,0
992,155,0
992,151,0
992,117,0
992,32,0
992,190,1
992,192,0
992,22,0
992,91,0
992,11,0
992,130,0
992,78,1
992,90,0
992,19,1
992,24,0
992,173,0
992,131,0
992,69,1
992,169,0
992,40,0
992,116,1
992,102,0
992,83,1
992,107,0
992,75,0
992,92,1
992,71,1
992,180,0
992,133,1
992,43,1
992,87,0
992,42,1
992,46,0
992,79,0
992,171,0
992,152,0
992,166,0
992,167,0
992,72,0
992,14,1
992,125,0
993,75,1
993,187,0
993,64,1
993,191,1
993,195,0
993,131,0
993,46,1
993,23,1
993,48,1
993,87,0
993,76,0
993,78,0
993,126,0
993,107,0
993,101,1
993,145,0
993,4,0
993,105,1
993,47,1
993,29,1
993,163,0
993,197,1
993,158,0
993,176,0
993,175,0
993,0,1
993,148,0
993,104,0
993,127,0
993,185,1
993,50,0
993,162,0
993,9,1
993,12,0
993,132,0
993,108,0
993,136,1
993,95,1
993,133,0
993,177,0
993,11,1
993,53,0
993,110,1
993,3,0
994,27,1
994,31,0
994,180,1
994,78,1
994,82,0
994,43,0
994,108,1
994,153,0
994,145,0
994,168,1
994,156,0
994,17,0
994,15,0
994,97,1
994,55,0
994,22,1
994,85,0
994,137,0
994,198,0
994,80,0
994,176,0
994,35,0
994,163,0
994,41,1
994,60,1
995,187,0
995,106,1
995,43,0
995,134,0
995,180,0
995,65,0
995,154,0
995,45,1
995,163,0
995,108,1
995,53,0
995,179,0
995,155,0
995,25,1
995,62,0
995,171,1
995,2,0
995,170,0
995,13,0
995,26,0
995,92,0
995,79,0
995,3,1
995,48,1
995,132,1
995,122,1
996,5,0
996,18,0
996,25,0
996,123,0
996,184,0
996,53,1
996,125,1
996,55,1
996,197,0
996,141,0
996,186,0
996,147,0
996,65,1
996,183,1
996,153,1
996,62,1
996,9,0
996,193,0
996,97,0
996,34,0
996,51,0
996,199,0
996,194,1
996,20,0
996,39,0
996,30,1
996,67,0
996,76,0
996,52,0
996,87,0
996,61,0
996,178,0
996,150,1
996,148,0
996,57,0
996,89,0
996,7,1
996,142,0
996,134,1
997,27,0
997,42,0
997,58,1
997,74,1
997,22,0
997,143,0
997,2,0
997,179,1
997,20,0
997,19,1
997,32,0
997,59,1
997,192,0
997,193,0
997,96,1
997,119,1
997,57,1
997,28,0
997,41,0
997,79,1
997,124,0
997,117,0
997,60,1
997,56,1
997,68,0
997,45,1
997,109,0
997,163,0
997,130,0
998,151,1
998,180,0
998,63,1
998,91,0
998,170,0
998,118,1
998,122,0
998,95,0
998,52,0
998,56,0
998,32,0
998,71,1
998,127,0
998,179,1
998,159,1
998,54,1
998,129,0
998,165,1
998,197,0
998,171,0
998,10,1
998,138,1
998,110,1
998,68,1
998,167,1
998,69,1
998,107,0
998,57,0
998,126,1
998,34,1
998,82,1
998,43,0
999,127,0
999,48,0
999,151,0
999,46,0
999,116,0
999,64,1
999,124,1
999,51,1
999,31,0
999,106,1
999,186,1
999,152,0
999,60,1
999,28,0
999,73,0
999,169,0
999,5,0
999,190,0
999,175,1
999,39,0
999,147,1
999,117,0
999,136,0
999,59,0
999,173,1
999,88,0
999,40,0
999,41,0
999,55,0
999,6,0
999,72,0
999,3,0
999,167,0
999,128,0
999,12,0
999,50,1
999,120,0
999,26,0
999,133,0
999,157,1
999,62,0
999,168,0
999,69,1
999,87,0
999,104,1
